{"type":"FeatureCollection","features":[{"type":"Feature","properties":{"nombre":"","jerarquia":1},"geometry":{"type":"LineString","coordinates":[[-70.07474,-20.26015],[-70.07486,-20.26011],[-70.07493,-20.26001],[-70.07493,-20.2599],[-70.07485,-20.25979]]}},{"type":"Feature","properties":{"nombre":"Teniente Hernán Merino Correa","jerarquia":5},"geometry":{"type":"LineString","coordinates":[[-70.10597,-20.2541],[-70.10614,-20.25438]]}},{"type":"Feature","properties":{"nombre":"Teniente Hernán Merino Correa","jerarquia":5},"geometry":{"type":"LineString","coordinates":[[-70.10614,-20.25438],[-70.10648,-20.2547],[-70.10657,-20.25486],[-70.10665,-20.25546],[-70.10657,-20.25573]]}},{"type":"Feature","properties":{"nombre":"Teniente Hernán Merino Correa","jerarquia":5},"geometry":{"type":"LineString","coordinates":[[-70.10657,-20.25573],[-70.10638,-20.25607]]}},{"type":"Feature","properties":{"nombre":"Avenida Arturo Prat Chacón","jerarquia":2},"geometry":{"type":"LineString","coordinates":[[-70.12799,-20.28921],[-70.12799,-20.29153]]}},{"type":"Feature","properties":{"nombre":"Ruta A-616","jerarquia":4},"geometry":{"type":"LineString","coordinates":[[-70.11013,-20.25479],[-70.11058,-20.25502]]}},{"type":"Feature","properties":{"nombre":"Ruta A-616","jerarquia":4},"geometry":{"type":"LineString","coordinates":[[-70.11058,-20.25502],[-70.11085,-20.25508],[-70.11112,-20.255],[-70.1117,-20.25435],[-70.11179,-20.25405],[-70.11183,-20.25335],[-70.1121,-20.25224],[-70.11211,-20.25198],[-70.11205,-20.25157],[-70.1121,-20.25146],[-70.11225,-20.25145],[-70.11236,-20.2516],[-70.11229,-20.25302],[-70.11253,-20.25454],[-70.11244,-20.25503],[-70.11205,-20.25564],[-70.11193,-20.25606],[-70.11193,-20.25618],[-70.11199,-20.25628],[-70.11209,-20.2563],[-70.11219,-20.25625],[-70.11224,-20.25613],[-70.11218,-20.25585],[-70.1122,-20.25569],[-70.11272,-20.25505],[-70.11286,-20.25477],[-70.11296,-20.25444],[-70.11324,-20.25293],[-70.11319,-20.25207],[-70.11327,-20.25153],[-70.11321,-20.2511],[-70.11337,-20.25103],[-70.11343,-20.25105],[-70.11349,-20.25119],[-70.11344,-20.25163],[-70.11348,-20.25206],[-70.11364,-20.25255],[-70.11389,-20.25381],[-70.11375,-20.25504],[-70.1137,-20.25521],[-70.11349,-20.25555],[-70.11334,-20.25608]]}},{"type":"Feature","properties":{"nombre":"Teniente Hernán Merino Correa","jerarquia":5},"geometry":{"type":"LineString","coordinates":[[-70.1064,-20.25336],[-70.10621,-20.2537]]}},{"type":"Feature","properties":{"nombre":"Serrano","jerarquia":5},"geometry":{"type":"LineString","coordinates":[[-70.14285,-20.21391],[-70.14333,-20.21389]]}},{"type":"Feature","properties":{"nombre":"Serrano","jerarquia":5},"geometry":{"type":"LineString","coordinates":[[-70.14333,-20.21389],[-70.14403,-20.21385]]}},{"type":"Feature","properties":{"nombre":"Serrano","jerarquia":5},"geometry":{"type":"LineString","coordinates":[[-70.14403,-20.21385],[-70.14489,-20.2138]]}},{"type":"Feature","properties":{"nombre":"Serrano","jerarquia":5},"geometry":{"type":"LineString","coordinates":[[-70.14489,-20.2138],[-70.14624,-20.21373]]}},{"type":"Feature","properties":{"nombre":"Serrano","jerarquia":5},"geometry":{"type":"LineString","coordinates":[[-70.14624,-20.21373],[-70.14717,-20.21368]]}},{"type":"Feature","properties":{"nombre":"Vicente Zegers","jerarquia":5},"geometry":{"type":"LineString","coordinates":[[-70.15032,-20.21744],[-70.14941,-20.21748]]}},{"type":"Feature","properties":{"nombre":"Vicente Zegers","jerarquia":5},"geometry":{"type":"LineString","coordinates":[[-70.14941,-20.21748],[-70.14876,-20.21752]]}},{"type":"Feature","properties":{"nombre":"Vicente Zegers","jerarquia":5},"geometry":{"type":"LineString","coordinates":[[-70.14876,-20.21752],[-70.1474,-20.21759]]}},{"type":"Feature","properties":{"nombre":"Vicente Zegers","jerarquia":5},"geometry":{"type":"LineString","coordinates":[[-70.1474,-20.21759],[-70.14657,-20.21763]]}},{"type":"Feature","properties":{"nombre":"Vicente Zegers","jerarquia":5},"geometry":{"type":"LineString","coordinates":[[-70.14657,-20.21763],[-70.14526,-20.21769]]}},{"type":"Feature","properties":{"nombre":"Vicente Zegers","jerarquia":5},"geometry":{"type":"LineString","coordinates":[[-70.14526,-20.21769],[-70.14422,-20.21774]]}},{"type":"Feature","properties":{"nombre":"Vicente Zegers","jerarquia":5},"geometry":{"type":"LineString","coordinates":[[-70.14422,-20.21774],[-70.14359,-20.21778]]}},{"type":"Feature","properties":{"nombre":"Vicente Zegers","jerarquia":5},"geometry":{"type":"LineString","coordinates":[[-70.14359,-20.21778],[-70.14298,-20.21781]]}},{"type":"Feature","properties":{"nombre":"Vicente Zegers","jerarquia":5},"geometry":{"type":"LineString","coordinates":[[-70.14298,-20.21781],[-70.14196,-20.21786]]}},{"type":"Feature","properties":{"nombre":"Vicente Zegers","jerarquia":5},"geometry":{"type":"LineString","coordinates":[[-70.14196,-20.21786],[-70.14122,-20.2179]]}},{"type":"Feature","properties":{"nombre":"Vicente Zegers","jerarquia":5},"geometry":{"type":"LineString","coordinates":[[-70.14122,-20.2179],[-70.14022,-20.21795]]}},{"type":"Feature","properties":{"nombre":"Vicente Zegers","jerarquia":5},"geometry":{"type":"LineString","coordinates":[[-70.14022,-20.21795],[-70.13966,-20.21797]]}},{"type":"Feature","properties":{"nombre":"Vicente Zegers","jerarquia":5},"geometry":{"type":"LineString","coordinates":[[-70.13966,-20.21797],[-70.13922,-20.218]]}},{"type":"Feature","properties":{"nombre":"Vicente Zegers","jerarquia":5},"geometry":{"type":"LineString","coordinates":[[-70.13922,-20.218],[-70.13849,-20.21803]]}},{"type":"Feature","properties":{"nombre":"Vicente Zegers","jerarquia":5},"geometry":{"type":"LineString","coordinates":[[-70.13849,-20.21803],[-70.13712,-20.2181]]}},{"type":"Feature","properties":{"nombre":"Vicente Zegers","jerarquia":5},"geometry":{"type":"LineString","coordinates":[[-70.13712,-20.2181],[-70.13661,-20.21813]]}},{"type":"Feature","properties":{"nombre":"Vicente Zegers","jerarquia":5},"geometry":{"type":"LineString","coordinates":[[-70.13661,-20.21813],[-70.13615,-20.21815]]}},{"type":"Feature","properties":{"nombre":"Vicente Zegers","jerarquia":5},"geometry":{"type":"LineString","coordinates":[[-70.13615,-20.21815],[-70.1352,-20.2182]]}},{"type":"Feature","properties":{"nombre":"Vicente Zegers","jerarquia":5},"geometry":{"type":"LineString","coordinates":[[-70.1352,-20.2182],[-70.13477,-20.21822]]}},{"type":"Feature","properties":{"nombre":"Bartolomé Vivar","jerarquia":5},"geometry":{"type":"LineString","coordinates":[[-70.14944,-20.22552],[-70.14942,-20.22531]]}},{"type":"Feature","properties":{"nombre":"Bartolomé Vivar","jerarquia":5},"geometry":{"type":"LineString","coordinates":[[-70.14942,-20.22531],[-70.14934,-20.22432]]}},{"type":"Feature","properties":{"nombre":"Bartolomé Vivar","jerarquia":5},"geometry":{"type":"LineString","coordinates":[[-70.14934,-20.22432],[-70.14926,-20.22337]]}},{"type":"Feature","properties":{"nombre":"Bartolomé Vivar","jerarquia":5},"geometry":{"type":"LineString","coordinates":[[-70.14926,-20.22337],[-70.14918,-20.22242]]}},{"type":"Feature","properties":{"nombre":"Bartolomé Vivar","jerarquia":5},"geometry":{"type":"LineString","coordinates":[[-70.14918,-20.22242],[-70.14909,-20.22147]]}},{"type":"Feature","properties":{"nombre":"Bartolomé Vivar","jerarquia":5},"geometry":{"type":"LineString","coordinates":[[-70.14909,-20.22147],[-70.14901,-20.2205]]}},{"type":"Feature","properties":{"nombre":"Bartolomé Vivar","jerarquia":5},"geometry":{"type":"LineString","coordinates":[[-70.14901,-20.2205],[-70.14892,-20.21943]]}},{"type":"Feature","properties":{"nombre":"Tarapacá","jerarquia":5},"geometry":{"type":"LineString","coordinates":[[-70.14926,-20.214],[-70.14852,-20.21406]]}},{"type":"Feature","properties":{"nombre":"Tarapacá","jerarquia":5},"geometry":{"type":"LineString","coordinates":[[-70.14852,-20.21406],[-70.1472,-20.21415]]}},{"type":"Feature","properties":{"nombre":"Tarapacá","jerarquia":5},"geometry":{"type":"LineString","coordinates":[[-70.1472,-20.21415],[-70.14629,-20.21423]]}},{"type":"Feature","properties":{"nombre":"Tarapacá","jerarquia":5},"geometry":{"type":"LineString","coordinates":[[-70.14629,-20.21423],[-70.14494,-20.21436]]}},{"type":"Feature","properties":{"nombre":"Tarapacá","jerarquia":5},"geometry":{"type":"LineString","coordinates":[[-70.14494,-20.21436],[-70.14406,-20.21445]]}},{"type":"Feature","properties":{"nombre":"Tarapacá","jerarquia":5},"geometry":{"type":"LineString","coordinates":[[-70.14406,-20.21445],[-70.14337,-20.21452]]}},{"type":"Feature","properties":{"nombre":"Tarapacá","jerarquia":5},"geometry":{"type":"LineString","coordinates":[[-70.14337,-20.21452],[-70.14274,-20.21458]]}},{"type":"Feature","properties":{"nombre":"Tarapacá","jerarquia":5},"geometry":{"type":"LineString","coordinates":[[-70.14274,-20.21458],[-70.14174,-20.21464]]}},{"type":"Feature","properties":{"nombre":"Tarapacá","jerarquia":5},"geometry":{"type":"LineString","coordinates":[[-70.14174,-20.21464],[-70.14089,-20.2147]]}},{"type":"Feature","properties":{"nombre":"Tarapacá","jerarquia":5},"geometry":{"type":"LineString","coordinates":[[-70.14089,-20.2147],[-70.13995,-20.21476]]}},{"type":"Feature","properties":{"nombre":"Tarapacá","jerarquia":5},"geometry":{"type":"LineString","coordinates":[[-70.13995,-20.21476],[-70.13893,-20.21483]]}},{"type":"Feature","properties":{"nombre":"Amunátegui","jerarquia":5},"geometry":{"type":"LineString","coordinates":[[-70.1472,-20.22868],[-70.14718,-20.22847]]}},{"type":"Feature","properties":{"nombre":"Amunátegui","jerarquia":5},"geometry":{"type":"LineString","coordinates":[[-70.14718,-20.22847],[-70.14712,-20.22739]]}},{"type":"Feature","properties":{"nombre":"Amunátegui","jerarquia":5},"geometry":{"type":"LineString","coordinates":[[-70.14712,-20.22739],[-70.14706,-20.2264]]}},{"type":"Feature","properties":{"nombre":"Amunátegui","jerarquia":5},"geometry":{"type":"LineString","coordinates":[[-70.14706,-20.2264],[-70.14701,-20.22551]]}},{"type":"Feature","properties":{"nombre":"Amunátegui","jerarquia":5},"geometry":{"type":"LineString","coordinates":[[-70.14701,-20.22551],[-70.14701,-20.22541]]}},{"type":"Feature","properties":{"nombre":"Amunátegui","jerarquia":5},"geometry":{"type":"LineString","coordinates":[[-70.14701,-20.22541],[-70.14696,-20.22452]]}},{"type":"Feature","properties":{"nombre":"Amunátegui","jerarquia":5},"geometry":{"type":"LineString","coordinates":[[-70.14696,-20.22452],[-70.14695,-20.22443]]}},{"type":"Feature","properties":{"nombre":"Amunátegui","jerarquia":5},"geometry":{"type":"LineString","coordinates":[[-70.14695,-20.22443],[-70.14693,-20.22399]]}},{"type":"Feature","properties":{"nombre":"Amunátegui","jerarquia":5},"geometry":{"type":"LineString","coordinates":[[-70.14693,-20.22399],[-70.1469,-20.22357]]}},{"type":"Feature","properties":{"nombre":"Amunátegui","jerarquia":5},"geometry":{"type":"LineString","coordinates":[[-70.1469,-20.22357],[-70.1469,-20.22347]]}},{"type":"Feature","properties":{"nombre":"Amunátegui","jerarquia":5},"geometry":{"type":"LineString","coordinates":[[-70.1469,-20.22347],[-70.14684,-20.22252]]}},{"type":"Feature","properties":{"nombre":"Amunátegui","jerarquia":5},"geometry":{"type":"LineString","coordinates":[[-70.14684,-20.22252],[-70.14682,-20.22212]]}},{"type":"Feature","properties":{"nombre":"Amunátegui","jerarquia":5},"geometry":{"type":"LineString","coordinates":[[-70.14682,-20.22212],[-70.14679,-20.22159]]}},{"type":"Feature","properties":{"nombre":"Amunátegui","jerarquia":5},"geometry":{"type":"LineString","coordinates":[[-70.14679,-20.22159],[-70.14674,-20.22073]]}},{"type":"Feature","properties":{"nombre":"Amunátegui","jerarquia":5},"geometry":{"type":"LineString","coordinates":[[-70.14674,-20.22073],[-70.14673,-20.22062]]}},{"type":"Feature","properties":{"nombre":"Arturo Fernández","jerarquia":5},"geometry":{"type":"LineString","coordinates":[[-70.14473,-20.22932],[-70.14471,-20.22898]]}},{"type":"Feature","properties":{"nombre":"Héroes de la Concepción","jerarquia":4},"geometry":{"type":"LineString","coordinates":[[-70.13968,-20.22375],[-70.13961,-20.2228]]}},{"type":"Feature","properties":{"nombre":"Héroes de la Concepción","jerarquia":4},"geometry":{"type":"LineString","coordinates":[[-70.13961,-20.2228],[-70.13954,-20.22198]]}},{"type":"Feature","properties":{"nombre":"Héroes de la Concepción","jerarquia":4},"geometry":{"type":"LineString","coordinates":[[-70.13954,-20.22198],[-70.13947,-20.22104]]}},{"type":"Feature","properties":{"nombre":"Héroes de la Concepción","jerarquia":4},"geometry":{"type":"LineString","coordinates":[[-70.13947,-20.22104],[-70.13943,-20.22053]]}},{"type":"Feature","properties":{"nombre":"Videla","jerarquia":5},"geometry":{"type":"LineString","coordinates":[[-70.1458,-20.21013],[-70.14455,-20.21024]]}},{"type":"Feature","properties":{"nombre":"Obispo Labbé","jerarquia":5},"geometry":{"type":"LineString","coordinates":[[-70.15032,-20.21744],[-70.15031,-20.21717]]}},{"type":"Feature","properties":{"nombre":"Obispo Labbé","jerarquia":5},"geometry":{"type":"LineString","coordinates":[[-70.15031,-20.21717],[-70.15028,-20.21644]]}},{"type":"Feature","properties":{"nombre":"Obispo Labbé","jerarquia":5},"geometry":{"type":"LineString","coordinates":[[-70.15028,-20.21644],[-70.15025,-20.21571]]}},{"type":"Feature","properties":{"nombre":"Obispo Labbé","jerarquia":5},"geometry":{"type":"LineString","coordinates":[[-70.15025,-20.21571],[-70.15024,-20.21477]]}},{"type":"Feature","properties":{"nombre":"Obispo Labbé","jerarquia":5},"geometry":{"type":"LineString","coordinates":[[-70.15024,-20.21477],[-70.15022,-20.21395]]}},{"type":"Feature","properties":{"nombre":"Patricio Lynch","jerarquia":5},"geometry":{"type":"LineString","coordinates":[[-70.15144,-20.21661],[-70.15141,-20.21589]]}},{"type":"Feature","properties":{"nombre":"Patricio Lynch","jerarquia":5},"geometry":{"type":"LineString","coordinates":[[-70.15141,-20.21589],[-70.15139,-20.21523]]}},{"type":"Feature","properties":{"nombre":"Patricio Lynch","jerarquia":5},"geometry":{"type":"LineString","coordinates":[[-70.15139,-20.21523],[-70.15138,-20.21471]]}},{"type":"Feature","properties":{"nombre":"Patricio Lynch","jerarquia":5},"geometry":{"type":"LineString","coordinates":[[-70.15138,-20.21471],[-70.15135,-20.21391]]}},{"type":"Feature","properties":{"nombre":"Patricio Lynch","jerarquia":5},"geometry":{"type":"LineString","coordinates":[[-70.15135,-20.21391],[-70.15134,-20.21328]]}},{"type":"Feature","properties":{"nombre":"Patricio Lynch","jerarquia":5},"geometry":{"type":"LineString","coordinates":[[-70.15134,-20.21328],[-70.15133,-20.21323]]}},{"type":"Feature","properties":{"nombre":"Esmeralda","jerarquia":4},"geometry":{"type":"LineString","coordinates":[[-70.1447,-20.21177],[-70.14395,-20.2118]]}},{"type":"Feature","properties":{"nombre":"Esmeralda","jerarquia":4},"geometry":{"type":"LineString","coordinates":[[-70.14395,-20.2118],[-70.14355,-20.21182]]}},{"type":"Feature","properties":{"nombre":"Esmeralda","jerarquia":4},"geometry":{"type":"LineString","coordinates":[[-70.14355,-20.21182],[-70.14319,-20.21184]]}},{"type":"Feature","properties":{"nombre":"Esmeralda","jerarquia":4},"geometry":{"type":"LineString","coordinates":[[-70.14319,-20.21184],[-70.14251,-20.21188]]}},{"type":"Feature","properties":{"nombre":"Avenida Arturo Prat Chacón","jerarquia":3},"geometry":{"type":"LineString","coordinates":[[-70.1458,-20.20623],[-70.14646,-20.20628],[-70.14678,-20.20637],[-70.14818,-20.20729],[-70.14884,-20.20755]]}},{"type":"Feature","properties":{"nombre":"Avenida Arturo Prat Chacón","jerarquia":3},"geometry":{"type":"LineString","coordinates":[[-70.14884,-20.20755],[-70.14904,-20.20759]]}},{"type":"Feature","properties":{"nombre":"Avenida Arturo Prat Chacón","jerarquia":3},"geometry":{"type":"LineString","coordinates":[[-70.14904,-20.20759],[-70.15024,-20.2077],[-70.1505,-20.20777],[-70.15072,-20.2079],[-70.15091,-20.2081],[-70.15104,-20.20832],[-70.15131,-20.20949]]}},{"type":"Feature","properties":{"nombre":"Avenida Arturo Prat Chacón","jerarquia":3},"geometry":{"type":"LineString","coordinates":[[-70.15131,-20.20949],[-70.15156,-20.21089]]}},{"type":"Feature","properties":{"nombre":"Avenida Arturo Prat Chacón","jerarquia":3},"geometry":{"type":"LineString","coordinates":[[-70.15156,-20.21089],[-70.15157,-20.21096]]}},{"type":"Feature","properties":{"nombre":"Sotomayor","jerarquia":4},"geometry":{"type":"LineString","coordinates":[[-70.13106,-20.21352],[-70.13116,-20.2135]]}},{"type":"Feature","properties":{"nombre":"Sotomayor","jerarquia":4},"geometry":{"type":"LineString","coordinates":[[-70.13116,-20.2135],[-70.13381,-20.21271]]}},{"type":"Feature","properties":{"nombre":"Sotomayor","jerarquia":4},"geometry":{"type":"LineString","coordinates":[[-70.13381,-20.21271],[-70.1339,-20.21268]]}},{"type":"Feature","properties":{"nombre":"Sotomayor","jerarquia":4},"geometry":{"type":"LineString","coordinates":[[-70.1339,-20.21268],[-70.13518,-20.2123]]}},{"type":"Feature","properties":{"nombre":"Sotomayor","jerarquia":4},"geometry":{"type":"LineString","coordinates":[[-70.13518,-20.2123],[-70.13582,-20.21211]]}},{"type":"Feature","properties":{"nombre":"Sotomayor","jerarquia":4},"geometry":{"type":"LineString","coordinates":[[-70.13582,-20.21211],[-70.13586,-20.2121]]}},{"type":"Feature","properties":{"nombre":"Rotonda del Morro","jerarquia":3},"geometry":{"type":"LineString","coordinates":[[-70.15553,-20.21746],[-70.15546,-20.21754]]}},{"type":"Feature","properties":{"nombre":"Rotonda del Morro","jerarquia":3},"geometry":{"type":"LineString","coordinates":[[-70.15546,-20.21754],[-70.15525,-20.21756],[-70.15512,-20.21741]]}},{"type":"Feature","properties":{"nombre":"Rotonda del Morro","jerarquia":3},"geometry":{"type":"LineString","coordinates":[[-70.15512,-20.21741],[-70.15512,-20.21735]]}},{"type":"Feature","properties":{"nombre":"Rotonda del Morro","jerarquia":3},"geometry":{"type":"LineString","coordinates":[[-70.15512,-20.21735],[-70.15522,-20.21721],[-70.1554,-20.21719]]}},{"type":"Feature","properties":{"nombre":"Rotonda del Morro","jerarquia":3},"geometry":{"type":"LineString","coordinates":[[-70.1554,-20.21719],[-70.15552,-20.21728],[-70.15554,-20.21741]]}},{"type":"Feature","properties":{"nombre":"Rotonda del Morro","jerarquia":3},"geometry":{"type":"LineString","coordinates":[[-70.15554,-20.21741],[-70.15553,-20.21746]]}},{"type":"Feature","properties":{"nombre":"Avenida Arturo Prat Chacón","jerarquia":3},"geometry":{"type":"LineString","coordinates":[[-70.15161,-20.22303],[-70.15189,-20.22277],[-70.1528,-20.22223],[-70.15316,-20.22133]]}},{"type":"Feature","properties":{"nombre":"Avenida Arturo Prat Chacón","jerarquia":3},"geometry":{"type":"LineString","coordinates":[[-70.15316,-20.22133],[-70.15343,-20.221],[-70.15389,-20.22025]]}},{"type":"Feature","properties":{"nombre":"Avenida Arturo Prat Chacón","jerarquia":3},"geometry":{"type":"LineString","coordinates":[[-70.15389,-20.22025],[-70.1546,-20.21921]]}},{"type":"Feature","properties":{"nombre":"Avenida Arturo Prat Chacón","jerarquia":3},"geometry":{"type":"LineString","coordinates":[[-70.1546,-20.21921],[-70.15493,-20.21883],[-70.15509,-20.2185]]}},{"type":"Feature","properties":{"nombre":"Eleuterio Ramírez","jerarquia":5},"geometry":{"type":"LineString","coordinates":[[-70.14914,-20.21079],[-70.14915,-20.21156]]}},{"type":"Feature","properties":{"nombre":"Eleuterio Ramírez","jerarquia":5},"geometry":{"type":"LineString","coordinates":[[-70.14915,-20.21156],[-70.14919,-20.21214]]}},{"type":"Feature","properties":{"nombre":"Eleuterio Ramírez","jerarquia":5},"geometry":{"type":"LineString","coordinates":[[-70.14919,-20.21214],[-70.1492,-20.21224]]}},{"type":"Feature","properties":{"nombre":"Eleuterio Ramírez","jerarquia":5},"geometry":{"type":"LineString","coordinates":[[-70.1492,-20.21224],[-70.14922,-20.21265]]}},{"type":"Feature","properties":{"nombre":"Eleuterio Ramírez","jerarquia":5},"geometry":{"type":"LineString","coordinates":[[-70.14922,-20.21265],[-70.14924,-20.21343]]}},{"type":"Feature","properties":{"nombre":"Aníbal Pinto","jerarquia":5},"geometry":{"type":"LineString","coordinates":[[-70.15278,-20.21319],[-70.15279,-20.2139]]}},{"type":"Feature","properties":{"nombre":"Aníbal Pinto","jerarquia":5},"geometry":{"type":"LineString","coordinates":[[-70.15279,-20.2139],[-70.15281,-20.21455]]}},{"type":"Feature","properties":{"nombre":"Aníbal Pinto","jerarquia":5},"geometry":{"type":"LineString","coordinates":[[-70.15281,-20.21455],[-70.15282,-20.21518]]}},{"type":"Feature","properties":{"nombre":"Aníbal Pinto","jerarquia":5},"geometry":{"type":"LineString","coordinates":[[-70.15282,-20.21518],[-70.15283,-20.21591]]}},{"type":"Feature","properties":{"nombre":"Héroes de la Concepción","jerarquia":4},"geometry":{"type":"LineString","coordinates":[[-70.14397,-20.2382],[-70.14378,-20.23769]]}},{"type":"Feature","properties":{"nombre":"Héroes de la Concepción","jerarquia":4},"geometry":{"type":"LineString","coordinates":[[-70.14378,-20.23769],[-70.14355,-20.23706]]}},{"type":"Feature","properties":{"nombre":"Héroes de la Concepción","jerarquia":4},"geometry":{"type":"LineString","coordinates":[[-70.14355,-20.23706],[-70.1432,-20.23612]]}},{"type":"Feature","properties":{"nombre":"Héroes de la Concepción","jerarquia":4},"geometry":{"type":"LineString","coordinates":[[-70.1432,-20.23612],[-70.14267,-20.23465]]}},{"type":"Feature","properties":{"nombre":"Héroes de la Concepción","jerarquia":4},"geometry":{"type":"LineString","coordinates":[[-70.14267,-20.23465],[-70.14225,-20.23349]]}},{"type":"Feature","properties":{"nombre":"Héroes de la Concepción","jerarquia":4},"geometry":{"type":"LineString","coordinates":[[-70.14225,-20.23349],[-70.14154,-20.23152]]}},{"type":"Feature","properties":{"nombre":"Héroes de la Concepción","jerarquia":4},"geometry":{"type":"LineString","coordinates":[[-70.14154,-20.23152],[-70.1412,-20.23057]]}},{"type":"Feature","properties":{"nombre":"Héroes de la Concepción","jerarquia":4},"geometry":{"type":"LineString","coordinates":[[-70.1412,-20.23057],[-70.14109,-20.23026]]}},{"type":"Feature","properties":{"nombre":"Héroes de la Concepción","jerarquia":4},"geometry":{"type":"LineString","coordinates":[[-70.14109,-20.23026],[-70.14106,-20.23018]]}},{"type":"Feature","properties":{"nombre":"Héroes de la Concepción","jerarquia":4},"geometry":{"type":"LineString","coordinates":[[-70.13977,-20.22462],[-70.13981,-20.22473]]}},{"type":"Feature","properties":{"nombre":"Héroes de la Concepción","jerarquia":4},"geometry":{"type":"LineString","coordinates":[[-70.13981,-20.22473],[-70.13991,-20.22574]]}},{"type":"Feature","properties":{"nombre":"Héroes de la Concepción","jerarquia":4},"geometry":{"type":"LineString","coordinates":[[-70.13991,-20.22574],[-70.13993,-20.22617]]}},{"type":"Feature","properties":{"nombre":"Héroes de la Concepción","jerarquia":4},"geometry":{"type":"LineString","coordinates":[[-70.13993,-20.22617],[-70.13995,-20.22656]]}},{"type":"Feature","properties":{"nombre":"Héroes de la Concepción","jerarquia":4},"geometry":{"type":"LineString","coordinates":[[-70.13995,-20.22656],[-70.14001,-20.22695]]}},{"type":"Feature","properties":{"nombre":"Héroes de la Concepción","jerarquia":4},"geometry":{"type":"LineString","coordinates":[[-70.14001,-20.22695],[-70.14013,-20.22735]]}},{"type":"Feature","properties":{"nombre":"Playa Brava","jerarquia":3},"geometry":{"type":"LineString","coordinates":[[-70.14382,-20.24147],[-70.14398,-20.24151],[-70.14415,-20.24145]]}},{"type":"Feature","properties":{"nombre":"Playa Brava","jerarquia":5},"geometry":{"type":"LineString","coordinates":[[-70.1432,-20.2417],[-70.14281,-20.24183]]}},{"type":"Feature","properties":{"nombre":"Playa Brava","jerarquia":5},"geometry":{"type":"LineString","coordinates":[[-70.14281,-20.24183],[-70.14197,-20.2421]]}},{"type":"Feature","properties":{"nombre":"Playa Brava","jerarquia":5},"geometry":{"type":"LineString","coordinates":[[-70.14197,-20.2421],[-70.1415,-20.24224]]}},{"type":"Feature","properties":{"nombre":"Playa Brava","jerarquia":5},"geometry":{"type":"LineString","coordinates":[[-70.1415,-20.24224],[-70.14139,-20.24228]]}},{"type":"Feature","properties":{"nombre":"Avenida Arturo Prat Chacón","jerarquia":3},"geometry":{"type":"LineString","coordinates":[[-70.14004,-20.24577],[-70.1406,-20.24501],[-70.14218,-20.24314]]}},{"type":"Feature","properties":{"nombre":"Avenida Arturo Prat Chacón","jerarquia":3},"geometry":{"type":"LineString","coordinates":[[-70.14218,-20.24314],[-70.14288,-20.24242],[-70.14385,-20.24169]]}},{"type":"Feature","properties":{"nombre":"Avenida Arturo Prat Chacón","jerarquia":3},"geometry":{"type":"LineString","coordinates":[[-70.14745,-20.2366],[-70.14745,-20.23678]]}},{"type":"Feature","properties":{"nombre":"Avenida Arturo Prat Chacón","jerarquia":3},"geometry":{"type":"LineString","coordinates":[[-70.14745,-20.23678],[-70.14746,-20.23697]]}},{"type":"Feature","properties":{"nombre":"Avenida Arturo Prat Chacón","jerarquia":3},"geometry":{"type":"LineString","coordinates":[[-70.14746,-20.23697],[-70.14758,-20.23801],[-70.14753,-20.23834],[-70.14736,-20.23876],[-70.1469,-20.23934],[-70.14589,-20.2402]]}},{"type":"Feature","properties":{"nombre":"Avenida Arturo Prat Chacón","jerarquia":3},"geometry":{"type":"LineString","coordinates":[[-70.14589,-20.2402],[-70.1452,-20.24076]]}},{"type":"Feature","properties":{"nombre":"Avenida Arturo Prat Chacón","jerarquia":3},"geometry":{"type":"LineString","coordinates":[[-70.1452,-20.24076],[-70.14505,-20.24088]]}},{"type":"Feature","properties":{"nombre":"Avenida Arturo Prat Chacón","jerarquia":3},"geometry":{"type":"LineString","coordinates":[[-70.14505,-20.24088],[-70.14499,-20.24094]]}},{"type":"Feature","properties":{"nombre":"Avenida Arturo Prat Chacón","jerarquia":3},"geometry":{"type":"LineString","coordinates":[[-70.14499,-20.24094],[-70.14408,-20.24168]]}},{"type":"Feature","properties":{"nombre":"Avenida Arturo Prat Chacón","jerarquia":3},"geometry":{"type":"LineString","coordinates":[[-70.14408,-20.24168],[-70.14298,-20.2425],[-70.14228,-20.24321]]}},{"type":"Feature","properties":{"nombre":"Avenida Arturo Prat Chacón","jerarquia":3},"geometry":{"type":"LineString","coordinates":[[-70.14228,-20.24321],[-70.1416,-20.24398],[-70.14015,-20.24583]]}},{"type":"Feature","properties":{"nombre":"Avenida Arturo Prat Chacón","jerarquia":3},"geometry":{"type":"LineString","coordinates":[[-70.14015,-20.24583],[-70.13894,-20.24763]]}},{"type":"Feature","properties":{"nombre":"Avenida Arturo Prat Chacón","jerarquia":3},"geometry":{"type":"LineString","coordinates":[[-70.14644,-20.23009],[-70.1461,-20.23066],[-70.14603,-20.23093],[-70.14615,-20.23367],[-70.14621,-20.23397],[-70.1469,-20.23574],[-70.14716,-20.23621],[-70.14732,-20.2364]]}},{"type":"Feature","properties":{"nombre":"Avenida Arturo Prat Chacón","jerarquia":3},"geometry":{"type":"LineString","coordinates":[[-70.147,-20.23645],[-70.14702,-20.2362],[-70.14629,-20.23444],[-70.14608,-20.23381]]}},{"type":"Feature","properties":{"nombre":"Avenida Arturo Prat Chacón","jerarquia":3},"geometry":{"type":"LineString","coordinates":[[-70.14608,-20.23381],[-70.146,-20.23284]]}},{"type":"Feature","properties":{"nombre":"Avenida Arturo Prat Chacón","jerarquia":3},"geometry":{"type":"LineString","coordinates":[[-70.146,-20.23284],[-70.14597,-20.23189]]}},{"type":"Feature","properties":{"nombre":"Avenida Arturo Prat Chacón","jerarquia":3},"geometry":{"type":"LineString","coordinates":[[-70.14597,-20.23189],[-70.14596,-20.23092],[-70.14621,-20.23004]]}},{"type":"Feature","properties":{"nombre":"Avenida Arturo Prat Chacón","jerarquia":3},"geometry":{"type":"LineString","coordinates":[[-70.14694,-20.23665],[-70.14696,-20.2365]]}},{"type":"Feature","properties":{"nombre":"Avenida Arturo Prat Chacón","jerarquia":3},"geometry":{"type":"LineString","coordinates":[[-70.14696,-20.2365],[-70.147,-20.23645]]}},{"type":"Feature","properties":{"nombre":"Avenida Arturo Prat Chacón","jerarquia":3},"geometry":{"type":"LineString","coordinates":[[-70.147,-20.23645],[-70.14717,-20.23637],[-70.14732,-20.2364]]}},{"type":"Feature","properties":{"nombre":"Avenida Arturo Prat Chacón","jerarquia":3},"geometry":{"type":"LineString","coordinates":[[-70.14732,-20.2364],[-70.14741,-20.23648]]}},{"type":"Feature","properties":{"nombre":"Avenida Arturo Prat Chacón","jerarquia":3},"geometry":{"type":"LineString","coordinates":[[-70.14741,-20.23648],[-70.14745,-20.2366]]}},{"type":"Feature","properties":{"nombre":"Avenida Arturo Prat Chacón","jerarquia":3},"geometry":{"type":"LineString","coordinates":[[-70.14745,-20.2366],[-70.14741,-20.23673],[-70.14732,-20.23682]]}},{"type":"Feature","properties":{"nombre":"Avenida Arturo Prat Chacón","jerarquia":3},"geometry":{"type":"LineString","coordinates":[[-70.14732,-20.23682],[-70.14721,-20.23685],[-70.14706,-20.23681]]}},{"type":"Feature","properties":{"nombre":"Avenida Arturo Prat Chacón","jerarquia":3},"geometry":{"type":"LineString","coordinates":[[-70.14706,-20.23681],[-70.14699,-20.23676]]}},{"type":"Feature","properties":{"nombre":"Avenida Arturo Prat Chacón","jerarquia":3},"geometry":{"type":"LineString","coordinates":[[-70.14699,-20.23676],[-70.14694,-20.23665]]}},{"type":"Feature","properties":{"nombre":"Juan Martínez","jerarquia":4},"geometry":{"type":"LineString","coordinates":[[-70.14631,-20.22851],[-70.14632,-20.22858]]}},{"type":"Feature","properties":{"nombre":"Juan Martínez","jerarquia":4},"geometry":{"type":"LineString","coordinates":[[-70.14632,-20.22858],[-70.14628,-20.22921]]}},{"type":"Feature","properties":{"nombre":"Juan Martínez","jerarquia":4},"geometry":{"type":"LineString","coordinates":[[-70.14628,-20.22921],[-70.1463,-20.22926]]}},{"type":"Feature","properties":{"nombre":"Juan Martínez","jerarquia":4},"geometry":{"type":"LineString","coordinates":[[-70.1463,-20.22926],[-70.14647,-20.22944]]}},{"type":"Feature","properties":{"nombre":"Juan Martínez","jerarquia":4},"geometry":{"type":"LineString","coordinates":[[-70.14647,-20.22944],[-70.14657,-20.22951]]}},{"type":"Feature","properties":{"nombre":"Avenida Arturo Prat Chacón","jerarquia":3},"geometry":{"type":"LineString","coordinates":[[-70.14493,-20.24083],[-70.145,-20.24078]]}},{"type":"Feature","properties":{"nombre":"Avenida Arturo Prat Chacón","jerarquia":3},"geometry":{"type":"LineString","coordinates":[[-70.145,-20.24078],[-70.14611,-20.23986]]}},{"type":"Feature","properties":{"nombre":"Avenida Arturo Prat Chacón","jerarquia":3},"geometry":{"type":"LineString","coordinates":[[-70.14611,-20.23986],[-70.1466,-20.23947]]}},{"type":"Feature","properties":{"nombre":"Avenida Arturo Prat Chacón","jerarquia":3},"geometry":{"type":"LineString","coordinates":[[-70.15146,-20.21095],[-70.15104,-20.20888]]}},{"type":"Feature","properties":{"nombre":"Avenida Arturo Prat Chacón","jerarquia":3},"geometry":{"type":"LineString","coordinates":[[-70.15104,-20.20888],[-70.15091,-20.20839],[-70.15072,-20.20811],[-70.15033,-20.20786],[-70.14989,-20.20777]]}},{"type":"Feature","properties":{"nombre":"Capitán Roberto Pérez","jerarquia":5},"geometry":{"type":"LineString","coordinates":[[-70.14783,-20.23664],[-70.14799,-20.2366],[-70.14972,-20.23552],[-70.15027,-20.23535],[-70.15075,-20.23531]]}},{"type":"Feature","properties":{"nombre":"Capitán Roberto Pérez","jerarquia":5},"geometry":{"type":"LineString","coordinates":[[-70.15075,-20.23531],[-70.15177,-20.23527]]}},{"type":"Feature","properties":{"nombre":"Filomena Valenzuela","jerarquia":5},"geometry":{"type":"LineString","coordinates":[[-70.14741,-20.23648],[-70.14783,-20.23664]]}},{"type":"Feature","properties":{"nombre":"Filomena Valenzuela","jerarquia":5},"geometry":{"type":"LineString","coordinates":[[-70.14783,-20.23664],[-70.14849,-20.23676]]}},{"type":"Feature","properties":{"nombre":"Filomena Valenzuela","jerarquia":5},"geometry":{"type":"LineString","coordinates":[[-70.14849,-20.23676],[-70.14874,-20.23675]]}},{"type":"Feature","properties":{"nombre":"Filomena Valenzuela","jerarquia":5},"geometry":{"type":"LineString","coordinates":[[-70.15082,-20.23616],[-70.15083,-20.23623],[-70.15076,-20.23627]]}},{"type":"Feature","properties":{"nombre":"Filomena Valenzuela","jerarquia":5},"geometry":{"type":"LineString","coordinates":[[-70.15082,-20.23616],[-70.15075,-20.23531]]}},{"type":"Feature","properties":{"nombre":"Tadeo Haenke","jerarquia":4},"geometry":{"type":"LineString","coordinates":[[-70.1403,-20.2394],[-70.14142,-20.23904]]}},{"type":"Feature","properties":{"nombre":"Tadeo Haenke","jerarquia":4},"geometry":{"type":"LineString","coordinates":[[-70.14142,-20.23904],[-70.14271,-20.23863]]}},{"type":"Feature","properties":{"nombre":"Tadeo Haenke","jerarquia":4},"geometry":{"type":"LineString","coordinates":[[-70.14271,-20.23863],[-70.14278,-20.2386]]}},{"type":"Feature","properties":{"nombre":"Tadeo Haenke","jerarquia":4},"geometry":{"type":"LineString","coordinates":[[-70.14278,-20.2386],[-70.14391,-20.23822]]}},{"type":"Feature","properties":{"nombre":"Tadeo Haenke","jerarquia":4},"geometry":{"type":"LineString","coordinates":[[-70.14391,-20.23822],[-70.14397,-20.2382]]}},{"type":"Feature","properties":{"nombre":"Pedro Gamboni","jerarquia":5},"geometry":{"type":"LineString","coordinates":[[-70.13667,-20.23825],[-70.13644,-20.23761]]}},{"type":"Feature","properties":{"nombre":"Pedro Gamboni","jerarquia":5},"geometry":{"type":"LineString","coordinates":[[-70.13644,-20.23761],[-70.13628,-20.23718]]}},{"type":"Feature","properties":{"nombre":"Pedro Gamboni","jerarquia":5},"geometry":{"type":"LineString","coordinates":[[-70.13628,-20.23718],[-70.13625,-20.2371]]}},{"type":"Feature","properties":{"nombre":"Pedro Gamboni","jerarquia":5},"geometry":{"type":"LineString","coordinates":[[-70.13625,-20.2371],[-70.13622,-20.23703]]}},{"type":"Feature","properties":{"nombre":"Pedro Gamboni","jerarquia":5},"geometry":{"type":"LineString","coordinates":[[-70.13622,-20.23703],[-70.13602,-20.23648]]}},{"type":"Feature","properties":{"nombre":"Playa Brava","jerarquia":5},"geometry":{"type":"LineString","coordinates":[[-70.14408,-20.24168],[-70.14385,-20.24169]]}},{"type":"Feature","properties":{"nombre":"Playa Brava","jerarquia":5},"geometry":{"type":"LineString","coordinates":[[-70.14385,-20.24169],[-70.1432,-20.2417]]}},{"type":"Feature","properties":{"nombre":"Avenida Arturo Prat Chacón","jerarquia":3},"geometry":{"type":"LineString","coordinates":[[-70.1554,-20.21719],[-70.15565,-20.21715],[-70.1559,-20.21694],[-70.15602,-20.21664],[-70.156,-20.21632]]}},{"type":"Feature","properties":{"nombre":"Serrano","jerarquia":5},"geometry":{"type":"LineString","coordinates":[[-70.15133,-20.21323],[-70.15278,-20.21319]]}},{"type":"Feature","properties":{"nombre":"Sotomayor","jerarquia":5},"geometry":{"type":"LineString","coordinates":[[-70.1499,-20.21077],[-70.15017,-20.2107]]}},{"type":"Feature","properties":{"nombre":"Avenida Ramón Pérez Opazo","jerarquia":4},"geometry":{"type":"LineString","coordinates":[[-70.12963,-20.25341],[-70.13003,-20.25361]]}},{"type":"Feature","properties":{"nombre":"Avenida Ramón Pérez Opazo","jerarquia":4},"geometry":{"type":"LineString","coordinates":[[-70.13003,-20.25361],[-70.13037,-20.25378]]}},{"type":"Feature","properties":{"nombre":"Avenida Ramón Pérez Opazo","jerarquia":4},"geometry":{"type":"LineString","coordinates":[[-70.13037,-20.25378],[-70.13071,-20.25395]]}},{"type":"Feature","properties":{"nombre":"Avenida Ramón Pérez Opazo","jerarquia":4},"geometry":{"type":"LineString","coordinates":[[-70.13071,-20.25395],[-70.13119,-20.25419]]}},{"type":"Feature","properties":{"nombre":"Avenida Ramón Pérez Opazo","jerarquia":4},"geometry":{"type":"LineString","coordinates":[[-70.13119,-20.25419],[-70.13123,-20.25421]]}},{"type":"Feature","properties":{"nombre":"Avenida Arturo Prat Chacón","jerarquia":3},"geometry":{"type":"LineString","coordinates":[[-70.1344,-20.25557],[-70.13444,-20.25562]]}},{"type":"Feature","properties":{"nombre":"Avenida Arturo Prat Chacón","jerarquia":3},"geometry":{"type":"LineString","coordinates":[[-70.13444,-20.25562],[-70.13445,-20.25575],[-70.13441,-20.25583]]}},{"type":"Feature","properties":{"nombre":"Avenida Arturo Prat Chacón","jerarquia":3},"geometry":{"type":"LineString","coordinates":[[-70.13441,-20.25583],[-70.1343,-20.2559],[-70.13417,-20.25589]]}},{"type":"Feature","properties":{"nombre":"Avenida Arturo Prat Chacón","jerarquia":3},"geometry":{"type":"LineString","coordinates":[[-70.13417,-20.25589],[-70.13407,-20.25582],[-70.13403,-20.25571]]}},{"type":"Feature","properties":{"nombre":"Avenida Arturo Prat Chacón","jerarquia":3},"geometry":{"type":"LineString","coordinates":[[-70.13403,-20.25571],[-70.13403,-20.25569]]}},{"type":"Feature","properties":{"nombre":"Avenida Arturo Prat Chacón","jerarquia":3},"geometry":{"type":"LineString","coordinates":[[-70.13403,-20.25569],[-70.1341,-20.25555]]}},{"type":"Feature","properties":{"nombre":"Avenida Arturo Prat Chacón","jerarquia":3},"geometry":{"type":"LineString","coordinates":[[-70.1341,-20.25555],[-70.13415,-20.25552]]}},{"type":"Feature","properties":{"nombre":"Avenida Arturo Prat Chacón","jerarquia":3},"geometry":{"type":"LineString","coordinates":[[-70.13415,-20.25552],[-70.13428,-20.2555],[-70.1344,-20.25557]]}},{"type":"Feature","properties":{"nombre":"Avenida Arturo Prat Chacón","jerarquia":3},"geometry":{"type":"LineString","coordinates":[[-70.13441,-20.25583],[-70.13426,-20.25626]]}},{"type":"Feature","properties":{"nombre":"Avenida Francisco Bilbao","jerarquia":4},"geometry":{"type":"LineString","coordinates":[[-70.13143,-20.25854],[-70.13061,-20.25935],[-70.13027,-20.25975]]}},{"type":"Feature","properties":{"nombre":"Avenida Francisco Bilbao","jerarquia":4},"geometry":{"type":"LineString","coordinates":[[-70.13027,-20.25975],[-70.12983,-20.26045]]}},{"type":"Feature","properties":{"nombre":"Avenida Francisco Bilbao","jerarquia":4},"geometry":{"type":"LineString","coordinates":[[-70.12983,-20.26045],[-70.12917,-20.26159]]}},{"type":"Feature","properties":{"nombre":"Avenida Francisco Bilbao","jerarquia":4},"geometry":{"type":"LineString","coordinates":[[-70.12917,-20.26159],[-70.12915,-20.26162]]}},{"type":"Feature","properties":{"nombre":"Avenida Arturo Prat Chacón","jerarquia":2},"geometry":{"type":"LineString","coordinates":[[-70.12782,-20.28928],[-70.1277,-20.28923],[-70.12765,-20.28909]]}},{"type":"Feature","properties":{"nombre":"Avenida Arturo Prat Chacón","jerarquia":2},"geometry":{"type":"LineString","coordinates":[[-70.12765,-20.28909],[-70.1277,-20.28899],[-70.12784,-20.28893]]}},{"type":"Feature","properties":{"nombre":"Avenida Arturo Prat Chacón","jerarquia":2},"geometry":{"type":"LineString","coordinates":[[-70.12784,-20.28893],[-70.128,-20.28903]]}},{"type":"Feature","properties":{"nombre":"Avenida Arturo Prat Chacón","jerarquia":2},"geometry":{"type":"LineString","coordinates":[[-70.128,-20.28903],[-70.128,-20.2892]]}},{"type":"Feature","properties":{"nombre":"","jerarquia":3},"geometry":{"type":"LineString","coordinates":[[-70.13492,-20.25462],[-70.13456,-20.25572],[-70.13426,-20.25626]]}},{"type":"Feature","properties":{"nombre":"Sotomayor","jerarquia":4},"geometry":{"type":"LineString","coordinates":[[-70.14064,-20.21114],[-70.14124,-20.21115]]}},{"type":"Feature","properties":{"nombre":"Sotomayor","jerarquia":4},"geometry":{"type":"LineString","coordinates":[[-70.14124,-20.21115],[-70.14162,-20.21113]]}},{"type":"Feature","properties":{"nombre":"Sotomayor","jerarquia":4},"geometry":{"type":"LineString","coordinates":[[-70.14162,-20.21113],[-70.14209,-20.2111]]}},{"type":"Feature","properties":{"nombre":"Sotomayor","jerarquia":4},"geometry":{"type":"LineString","coordinates":[[-70.14209,-20.2111],[-70.14245,-20.21108]]}},{"type":"Feature","properties":{"nombre":"Las Cabras","jerarquia":3},"geometry":{"type":"LineString","coordinates":[[-70.14268,-20.2081],[-70.1429,-20.20798]]}},{"type":"Feature","properties":{"nombre":"Avenida Arturo Prat Chacón","jerarquia":3},"geometry":{"type":"LineString","coordinates":[[-70.15327,-20.21188],[-70.15376,-20.21215],[-70.15407,-20.21252]]}},{"type":"Feature","properties":{"nombre":"Avenida Arturo Prat Chacón","jerarquia":3},"geometry":{"type":"LineString","coordinates":[[-70.15407,-20.21252],[-70.1544,-20.2131]]}},{"type":"Feature","properties":{"nombre":"Avenida Arturo Prat Chacón","jerarquia":3},"geometry":{"type":"LineString","coordinates":[[-70.1544,-20.2131],[-70.1547,-20.21367]]}},{"type":"Feature","properties":{"nombre":"Avenida Arturo Prat Chacón","jerarquia":3},"geometry":{"type":"LineString","coordinates":[[-70.1547,-20.21367],[-70.15493,-20.21412]]}},{"type":"Feature","properties":{"nombre":"Avenida Arturo Prat Chacón","jerarquia":3},"geometry":{"type":"LineString","coordinates":[[-70.15493,-20.21412],[-70.15524,-20.2147]]}},{"type":"Feature","properties":{"nombre":"Avenida Arturo Prat Chacón","jerarquia":3},"geometry":{"type":"LineString","coordinates":[[-70.15524,-20.2147],[-70.1557,-20.21556]]}},{"type":"Feature","properties":{"nombre":"Avenida Arturo Prat Chacón","jerarquia":3},"geometry":{"type":"LineString","coordinates":[[-70.1557,-20.21556],[-70.15609,-20.2163]]}},{"type":"Feature","properties":{"nombre":"Manuel Rodríguez","jerarquia":5},"geometry":{"type":"LineString","coordinates":[[-70.13516,-20.22394],[-70.13556,-20.22393]]}},{"type":"Feature","properties":{"nombre":"Manuel Rodríguez","jerarquia":5},"geometry":{"type":"LineString","coordinates":[[-70.13556,-20.22393],[-70.13564,-20.22392]]}},{"type":"Feature","properties":{"nombre":"Manuel Rodríguez","jerarquia":5},"geometry":{"type":"LineString","coordinates":[[-70.13564,-20.22392],[-70.13592,-20.22391]]}},{"type":"Feature","properties":{"nombre":"Manuel Rodríguez","jerarquia":5},"geometry":{"type":"LineString","coordinates":[[-70.13592,-20.22391],[-70.13643,-20.22389]]}},{"type":"Feature","properties":{"nombre":"Manuel Rodríguez","jerarquia":5},"geometry":{"type":"LineString","coordinates":[[-70.13643,-20.22389],[-70.13693,-20.22386]]}},{"type":"Feature","properties":{"nombre":"Progreso","jerarquia":5},"geometry":{"type":"LineString","coordinates":[[-70.13307,-20.22439],[-70.13311,-20.2245],[-70.13312,-20.22511]]}},{"type":"Feature","properties":{"nombre":"Progreso","jerarquia":5},"geometry":{"type":"LineString","coordinates":[[-70.13312,-20.22511],[-70.13312,-20.2254]]}},{"type":"Feature","properties":{"nombre":"Progreso","jerarquia":5},"geometry":{"type":"LineString","coordinates":[[-70.13312,-20.2254],[-70.1331,-20.22573]]}},{"type":"Feature","properties":{"nombre":"Progreso","jerarquia":5},"geometry":{"type":"LineString","coordinates":[[-70.1331,-20.22573],[-70.133,-20.22609],[-70.13275,-20.22651]]}},{"type":"Feature","properties":{"nombre":"Progreso","jerarquia":5},"geometry":{"type":"LineString","coordinates":[[-70.13275,-20.22651],[-70.13228,-20.22725]]}},{"type":"Feature","properties":{"nombre":"Progreso","jerarquia":5},"geometry":{"type":"LineString","coordinates":[[-70.13228,-20.22725],[-70.13219,-20.22739]]}},{"type":"Feature","properties":{"nombre":"Progreso","jerarquia":5},"geometry":{"type":"LineString","coordinates":[[-70.13219,-20.22739],[-70.1313,-20.22877]]}},{"type":"Feature","properties":{"nombre":"Progreso","jerarquia":5},"geometry":{"type":"LineString","coordinates":[[-70.1313,-20.22877],[-70.13086,-20.22949]]}},{"type":"Feature","properties":{"nombre":"Progreso","jerarquia":5},"geometry":{"type":"LineString","coordinates":[[-70.13086,-20.22949],[-70.13067,-20.22979]]}},{"type":"Feature","properties":{"nombre":"Progreso","jerarquia":5},"geometry":{"type":"LineString","coordinates":[[-70.13067,-20.22979],[-70.13041,-20.23023]]}},{"type":"Feature","properties":{"nombre":"Progreso","jerarquia":5},"geometry":{"type":"LineString","coordinates":[[-70.13041,-20.23023],[-70.13017,-20.23061]]}},{"type":"Feature","properties":{"nombre":"Progreso","jerarquia":5},"geometry":{"type":"LineString","coordinates":[[-70.13017,-20.23061],[-70.1298,-20.2312]]}},{"type":"Feature","properties":{"nombre":"Progreso","jerarquia":5},"geometry":{"type":"LineString","coordinates":[[-70.1298,-20.2312],[-70.12966,-20.23141]]}},{"type":"Feature","properties":{"nombre":"Progreso","jerarquia":5},"geometry":{"type":"LineString","coordinates":[[-70.12966,-20.23141],[-70.1296,-20.23151]]}},{"type":"Feature","properties":{"nombre":"Progreso","jerarquia":5},"geometry":{"type":"LineString","coordinates":[[-70.1296,-20.23151],[-70.12934,-20.23192]]}},{"type":"Feature","properties":{"nombre":"Progreso","jerarquia":5},"geometry":{"type":"LineString","coordinates":[[-70.12934,-20.23192],[-70.12902,-20.23242]]}},{"type":"Feature","properties":{"nombre":"Progreso","jerarquia":5},"geometry":{"type":"LineString","coordinates":[[-70.12902,-20.23242],[-70.12877,-20.23283]]}},{"type":"Feature","properties":{"nombre":"Progreso","jerarquia":5},"geometry":{"type":"LineString","coordinates":[[-70.12877,-20.23283],[-70.12857,-20.23314]]}},{"type":"Feature","properties":{"nombre":"Progreso","jerarquia":5},"geometry":{"type":"LineString","coordinates":[[-70.12857,-20.23314],[-70.12838,-20.23345]]}},{"type":"Feature","properties":{"nombre":"Progreso","jerarquia":5},"geometry":{"type":"LineString","coordinates":[[-70.12838,-20.23345],[-70.12829,-20.23351]]}},{"type":"Feature","properties":{"nombre":"Céspedes y González","jerarquia":5},"geometry":{"type":"LineString","coordinates":[[-70.15032,-20.22452],[-70.15004,-20.22433],[-70.14976,-20.22431]]}},{"type":"Feature","properties":{"nombre":"","jerarquia":3},"geometry":{"type":"LineString","coordinates":[[-70.13194,-20.22],[-70.13197,-20.22034],[-70.13211,-20.22045]]}},{"type":"Feature","properties":{"nombre":"","jerarquia":3},"geometry":{"type":"LineString","coordinates":[[-70.13211,-20.22045],[-70.13226,-20.22044]]}},{"type":"Feature","properties":{"nombre":"Rotonda El Pampino","jerarquia":2},"geometry":{"type":"LineString","coordinates":[[-70.13234,-20.22087],[-70.13224,-20.2211],[-70.13203,-20.22119]]}},{"type":"Feature","properties":{"nombre":"Ruta 16","jerarquia":1},"geometry":{"type":"LineString","coordinates":[[-70.13096,-20.22369],[-70.1282,-20.22796],[-70.1275,-20.22924],[-70.12683,-20.2309],[-70.12488,-20.23689],[-70.12458,-20.23795],[-70.12427,-20.23984],[-70.12422,-20.24076],[-70.12426,-20.24244],[-70.12416,-20.2429],[-70.12394,-20.24346],[-70.12361,-20.24395],[-70.12236,-20.24541],[-70.12192,-20.24607],[-70.12103,-20.24678],[-70.11795,-20.25016],[-70.11758,-20.25049],[-70.11724,-20.25072],[-70.11564,-20.25143]]}},{"type":"Feature","properties":{"nombre":"Las Cabras","jerarquia":3},"geometry":{"type":"LineString","coordinates":[[-70.14083,-20.20823],[-70.14208,-20.20822],[-70.14268,-20.2081]]}},{"type":"Feature","properties":{"nombre":"Avenida Arturo Prat Chacón","jerarquia":5},"geometry":{"type":"LineString","coordinates":[[-70.14292,-20.20591],[-70.14321,-20.20594],[-70.14412,-20.20541],[-70.14429,-20.20539],[-70.14459,-20.20549],[-70.14526,-20.206],[-70.1458,-20.20623]]}},{"type":"Feature","properties":{"nombre":"Avenida Circunvalación","jerarquia":5},"geometry":{"type":"LineString","coordinates":[[-70.13627,-20.19362],[-70.13635,-20.19275]]}},{"type":"Feature","properties":{"nombre":"El Colorado","jerarquia":5},"geometry":{"type":"LineString","coordinates":[[-70.14083,-20.20823],[-70.14081,-20.20831]]}},{"type":"Feature","properties":{"nombre":"El Colorado","jerarquia":5},"geometry":{"type":"LineString","coordinates":[[-70.14081,-20.20831],[-70.14078,-20.20854]]}},{"type":"Feature","properties":{"nombre":"El Colorado","jerarquia":5},"geometry":{"type":"LineString","coordinates":[[-70.14078,-20.20854],[-70.1407,-20.20868]]}},{"type":"Feature","properties":{"nombre":"El Colorado","jerarquia":5},"geometry":{"type":"LineString","coordinates":[[-70.1407,-20.20868],[-70.14053,-20.20881],[-70.13959,-20.20911]]}},{"type":"Feature","properties":{"nombre":"El Colorado","jerarquia":5},"geometry":{"type":"LineString","coordinates":[[-70.13959,-20.20911],[-70.13859,-20.2094]]}},{"type":"Feature","properties":{"nombre":"Héroes de la Concepción","jerarquia":5},"geometry":{"type":"LineString","coordinates":[[-70.13859,-20.2094],[-70.13842,-20.20953],[-70.13838,-20.20972]]}},{"type":"Feature","properties":{"nombre":"Luis Jaspard","jerarquia":5},"geometry":{"type":"LineString","coordinates":[[-70.13673,-20.21194],[-70.13671,-20.21186]]}},{"type":"Feature","properties":{"nombre":"Luis Jaspard","jerarquia":5},"geometry":{"type":"LineString","coordinates":[[-70.13671,-20.21186],[-70.13656,-20.21153]]}},{"type":"Feature","properties":{"nombre":"Luis Jaspard","jerarquia":5},"geometry":{"type":"LineString","coordinates":[[-70.13656,-20.21153],[-70.13638,-20.21104]]}},{"type":"Feature","properties":{"nombre":"Luis Jaspard","jerarquia":5},"geometry":{"type":"LineString","coordinates":[[-70.13638,-20.21104],[-70.13632,-20.21098]]}},{"type":"Feature","properties":{"nombre":"Héroes de la Concepción","jerarquia":4},"geometry":{"type":"LineString","coordinates":[[-70.13869,-20.21233],[-70.13847,-20.21183]]}},{"type":"Feature","properties":{"nombre":"Héroes de la Concepción","jerarquia":4},"geometry":{"type":"LineString","coordinates":[[-70.13847,-20.21183],[-70.13837,-20.21118]]}},{"type":"Feature","properties":{"nombre":"Héroes de la Concepción","jerarquia":4},"geometry":{"type":"LineString","coordinates":[[-70.13837,-20.21118],[-70.13836,-20.21108]]}},{"type":"Feature","properties":{"nombre":"Oficina Salitrera Victoria","jerarquia":5},"geometry":{"type":"LineString","coordinates":[[-70.14198,-20.20491],[-70.1406,-20.2049]]}},{"type":"Feature","properties":{"nombre":"Avenida Desiderio García","jerarquia":5},"geometry":{"type":"LineString","coordinates":[[-70.14378,-20.20751],[-70.14374,-20.20725],[-70.14349,-20.20668],[-70.14322,-20.20623],[-70.14292,-20.20591]]}},{"type":"Feature","properties":{"nombre":"Avenida Santiago Polanco","jerarquia":5},"geometry":{"type":"LineString","coordinates":[[-70.12954,-20.24609],[-70.13017,-20.24621]]}},{"type":"Feature","properties":{"nombre":"Avenida Santiago Polanco","jerarquia":5},"geometry":{"type":"LineString","coordinates":[[-70.13017,-20.24621],[-70.13026,-20.24623]]}},{"type":"Feature","properties":{"nombre":"Avenida Santiago Polanco","jerarquia":5},"geometry":{"type":"LineString","coordinates":[[-70.13026,-20.24623],[-70.13073,-20.24632]]}},{"type":"Feature","properties":{"nombre":"Avenida Santiago Polanco","jerarquia":5},"geometry":{"type":"LineString","coordinates":[[-70.13073,-20.24632],[-70.13124,-20.24643]]}},{"type":"Feature","properties":{"nombre":"Avenida Cerro Dragón","jerarquia":5},"geometry":{"type":"LineString","coordinates":[[-70.12919,-20.24301],[-70.1292,-20.24232]]}},{"type":"Feature","properties":{"nombre":"Avenida Cerro Dragón","jerarquia":5},"geometry":{"type":"LineString","coordinates":[[-70.1292,-20.24232],[-70.12921,-20.24163]]}},{"type":"Feature","properties":{"nombre":"Avenida Cerro Dragón","jerarquia":5},"geometry":{"type":"LineString","coordinates":[[-70.12921,-20.24163],[-70.12921,-20.2406]]}},{"type":"Feature","properties":{"nombre":"Avenida Cerro Dragón","jerarquia":5},"geometry":{"type":"LineString","coordinates":[[-70.12921,-20.2406],[-70.12922,-20.23979],[-70.12926,-20.23961]]}},{"type":"Feature","properties":{"nombre":"Avenida Cerro Dragón","jerarquia":5},"geometry":{"type":"LineString","coordinates":[[-70.12926,-20.23961],[-70.12959,-20.23869]]}},{"type":"Feature","properties":{"nombre":"Avenida Cerro Dragón","jerarquia":5},"geometry":{"type":"LineString","coordinates":[[-70.12959,-20.23869],[-70.12968,-20.2384]]}},{"type":"Feature","properties":{"nombre":"Avenida Cerro Dragón","jerarquia":5},"geometry":{"type":"LineString","coordinates":[[-70.12968,-20.2384],[-70.12988,-20.23751]]}},{"type":"Feature","properties":{"nombre":"Avenida Cerro Dragón","jerarquia":5},"geometry":{"type":"LineString","coordinates":[[-70.12988,-20.23751],[-70.12997,-20.23704],[-70.12998,-20.23663],[-70.12981,-20.23587]]}},{"type":"Feature","properties":{"nombre":"Avenida Cerro Dragón","jerarquia":5},"geometry":{"type":"LineString","coordinates":[[-70.12981,-20.23587],[-70.12968,-20.2354],[-70.12964,-20.23496],[-70.12969,-20.23456],[-70.12985,-20.23403]]}},{"type":"Feature","properties":{"nombre":"Avenida Cerro Dragón","jerarquia":5},"geometry":{"type":"LineString","coordinates":[[-70.12985,-20.23403],[-70.13018,-20.23299]]}},{"type":"Feature","properties":{"nombre":"Avenida Cerro Dragón","jerarquia":5},"geometry":{"type":"LineString","coordinates":[[-70.13018,-20.23299],[-70.13032,-20.23249]]}},{"type":"Feature","properties":{"nombre":"Avenida Cerro Dragón","jerarquia":5},"geometry":{"type":"LineString","coordinates":[[-70.13032,-20.23249],[-70.13023,-20.23167]]}},{"type":"Feature","properties":{"nombre":"Avenida Cerro Dragón","jerarquia":5},"geometry":{"type":"LineString","coordinates":[[-70.13023,-20.23167],[-70.13016,-20.2312]]}},{"type":"Feature","properties":{"nombre":"El Tamarugal","jerarquia":5},"geometry":{"type":"LineString","coordinates":[[-70.12672,-20.24428],[-70.12668,-20.24486]]}},{"type":"Feature","properties":{"nombre":"El Tamarugal","jerarquia":5},"geometry":{"type":"LineString","coordinates":[[-70.12668,-20.24486],[-70.12664,-20.24541]]}},{"type":"Feature","properties":{"nombre":"El Tamarugal","jerarquia":5},"geometry":{"type":"LineString","coordinates":[[-70.12664,-20.24541],[-70.12657,-20.24634]]}},{"type":"Feature","properties":{"nombre":"El Tamarugal","jerarquia":5},"geometry":{"type":"LineString","coordinates":[[-70.12657,-20.24634],[-70.12648,-20.24731]]}},{"type":"Feature","properties":{"nombre":"El Tamarugal","jerarquia":5},"geometry":{"type":"LineString","coordinates":[[-70.12648,-20.24731],[-70.12633,-20.2477]]}},{"type":"Feature","properties":{"nombre":"El Tamarugal","jerarquia":5},"geometry":{"type":"LineString","coordinates":[[-70.12633,-20.2477],[-70.12607,-20.24834]]}},{"type":"Feature","properties":{"nombre":"El Tamarugal","jerarquia":5},"geometry":{"type":"LineString","coordinates":[[-70.12607,-20.24834],[-70.12573,-20.24919]]}},{"type":"Feature","properties":{"nombre":"El Tamarugal","jerarquia":5},"geometry":{"type":"LineString","coordinates":[[-70.12573,-20.24919],[-70.12571,-20.24925]]}},{"type":"Feature","properties":{"nombre":"El Tamarugal","jerarquia":5},"geometry":{"type":"LineString","coordinates":[[-70.12571,-20.24925],[-70.12557,-20.24969],[-70.12565,-20.25025]]}},{"type":"Feature","properties":{"nombre":"El Tamarugal","jerarquia":5},"geometry":{"type":"LineString","coordinates":[[-70.12565,-20.25025],[-70.1258,-20.25124]]}},{"type":"Feature","properties":{"nombre":"El Tamarugal","jerarquia":5},"geometry":{"type":"LineString","coordinates":[[-70.1258,-20.25124],[-70.12571,-20.25146]]}},{"type":"Feature","properties":{"nombre":"El Tamarugal","jerarquia":5},"geometry":{"type":"LineString","coordinates":[[-70.12571,-20.25146],[-70.12567,-20.25153]]}},{"type":"Feature","properties":{"nombre":"Avenida La Tirana","jerarquia":2},"geometry":{"type":"LineString","coordinates":[[-70.12744,-20.28769],[-70.12699,-20.28558],[-70.12691,-20.28493],[-70.12691,-20.28434]]}},{"type":"Feature","properties":{"nombre":"Avenida La Tirana","jerarquia":2},"geometry":{"type":"LineString","coordinates":[[-70.12691,-20.28434],[-70.12694,-20.28035]]}},{"type":"Feature","properties":{"nombre":"","jerarquia":2},"geometry":{"type":"LineString","coordinates":[[-70.13241,-20.22066],[-70.13242,-20.22091],[-70.13236,-20.2211]]}},{"type":"Feature","properties":{"nombre":"Avenida Padre Hurtado","jerarquia":5},"geometry":{"type":"LineString","coordinates":[[-70.12918,-20.26169],[-70.12969,-20.26195]]}},{"type":"Feature","properties":{"nombre":"Avenida Padre Hurtado","jerarquia":5},"geometry":{"type":"LineString","coordinates":[[-70.12969,-20.26195],[-70.13011,-20.26217]]}},{"type":"Feature","properties":{"nombre":"Avenida Cerro Dragón","jerarquia":5},"geometry":{"type":"LineString","coordinates":[[-70.12845,-20.25282],[-70.12846,-20.25276]]}},{"type":"Feature","properties":{"nombre":"Avenida Cerro Dragón","jerarquia":5},"geometry":{"type":"LineString","coordinates":[[-70.12846,-20.25276],[-70.12831,-20.25232],[-70.12862,-20.25073]]}},{"type":"Feature","properties":{"nombre":"Avenida Cerro Dragón","jerarquia":5},"geometry":{"type":"LineString","coordinates":[[-70.12862,-20.25073],[-70.12871,-20.25026]]}},{"type":"Feature","properties":{"nombre":"Avenida Cerro Dragón","jerarquia":5},"geometry":{"type":"LineString","coordinates":[[-70.12871,-20.25026],[-70.12879,-20.24983]]}},{"type":"Feature","properties":{"nombre":"Avenida Cerro Dragón","jerarquia":5},"geometry":{"type":"LineString","coordinates":[[-70.12879,-20.24983],[-70.12887,-20.2494]]}},{"type":"Feature","properties":{"nombre":"Avenida Cerro Dragón","jerarquia":5},"geometry":{"type":"LineString","coordinates":[[-70.12887,-20.2494],[-70.1291,-20.24835]]}},{"type":"Feature","properties":{"nombre":"Avenida Cerro Dragón","jerarquia":5},"geometry":{"type":"LineString","coordinates":[[-70.1291,-20.24835],[-70.12912,-20.24826]]}},{"type":"Feature","properties":{"nombre":"Avenida Ramón Pérez Opazo","jerarquia":4},"geometry":{"type":"LineString","coordinates":[[-70.13122,-20.25428],[-70.13072,-20.25404]]}},{"type":"Feature","properties":{"nombre":"Avenida Ramón Pérez Opazo","jerarquia":4},"geometry":{"type":"LineString","coordinates":[[-70.13072,-20.25404],[-70.13017,-20.25377]]}},{"type":"Feature","properties":{"nombre":"Avenida Ramón Pérez Opazo","jerarquia":4},"geometry":{"type":"LineString","coordinates":[[-70.13017,-20.25377],[-70.12961,-20.25349]]}},{"type":"Feature","properties":{"nombre":"Tadeo Haenke","jerarquia":4},"geometry":{"type":"LineString","coordinates":[[-70.14699,-20.23676],[-70.14669,-20.23668],[-70.14612,-20.23686]]}},{"type":"Feature","properties":{"nombre":"Tadeo Haenke","jerarquia":4},"geometry":{"type":"LineString","coordinates":[[-70.14612,-20.23686],[-70.14512,-20.23719]]}},{"type":"Feature","properties":{"nombre":"Tadeo Haenke","jerarquia":4},"geometry":{"type":"LineString","coordinates":[[-70.14512,-20.23719],[-70.14427,-20.23806]]}},{"type":"Feature","properties":{"nombre":"Tadeo Haenke","jerarquia":4},"geometry":{"type":"LineString","coordinates":[[-70.14427,-20.23806],[-70.14414,-20.23817]]}},{"type":"Feature","properties":{"nombre":"Tadeo Haenke","jerarquia":4},"geometry":{"type":"LineString","coordinates":[[-70.14414,-20.23817],[-70.14408,-20.23823]]}},{"type":"Feature","properties":{"nombre":"Manuel Castro Ramos","jerarquia":5},"geometry":{"type":"LineString","coordinates":[[-70.12743,-20.24453],[-70.12717,-20.24454]]}},{"type":"Feature","properties":{"nombre":"Manuel Castro Ramos","jerarquia":5},"geometry":{"type":"LineString","coordinates":[[-70.12717,-20.24454],[-70.12695,-20.24446],[-70.12672,-20.24428]]}},{"type":"Feature","properties":{"nombre":"Avenida Gabriela Mistral","jerarquia":3},"geometry":{"type":"LineString","coordinates":[[-70.1039,-20.28002],[-70.10389,-20.28014]]}},{"type":"Feature","properties":{"nombre":"Avenida Padre Hurtado","jerarquia":5},"geometry":{"type":"LineString","coordinates":[[-70.13065,-20.26255],[-70.13056,-20.26251]]}},{"type":"Feature","properties":{"nombre":"Avenida Padre Hurtado","jerarquia":5},"geometry":{"type":"LineString","coordinates":[[-70.13056,-20.26251],[-70.13007,-20.26225]]}},{"type":"Feature","properties":{"nombre":"Avenida Padre Hurtado","jerarquia":5},"geometry":{"type":"LineString","coordinates":[[-70.13007,-20.26225],[-70.12964,-20.26203]]}},{"type":"Feature","properties":{"nombre":"Avenida Padre Hurtado","jerarquia":5},"geometry":{"type":"LineString","coordinates":[[-70.12964,-20.26203],[-70.12932,-20.26185]]}},{"type":"Feature","properties":{"nombre":"Avenida Padre Hurtado","jerarquia":5},"geometry":{"type":"LineString","coordinates":[[-70.12932,-20.26185],[-70.12917,-20.26178]]}},{"type":"Feature","properties":{"nombre":"Avenida Padre Hurtado","jerarquia":5},"geometry":{"type":"LineString","coordinates":[[-70.12917,-20.26178],[-70.12914,-20.26176]]}},{"type":"Feature","properties":{"nombre":"Avenida Salvador Allende Gossens","jerarquia":4},"geometry":{"type":"LineString","coordinates":[[-70.13427,-20.21339],[-70.1343,-20.21344]]}},{"type":"Feature","properties":{"nombre":"Avenida Salvador Allende Gossens","jerarquia":4},"geometry":{"type":"LineString","coordinates":[[-70.1343,-20.21344],[-70.13437,-20.21362],[-70.13446,-20.21441]]}},{"type":"Feature","properties":{"nombre":"Avenida La Tirana","jerarquia":2},"geometry":{"type":"LineString","coordinates":[[-70.13217,-20.22231],[-70.13215,-20.22268]]}},{"type":"Feature","properties":{"nombre":"Avenida La Tirana","jerarquia":2},"geometry":{"type":"LineString","coordinates":[[-70.13215,-20.22268],[-70.1321,-20.2231]]}},{"type":"Feature","properties":{"nombre":"Avenida La Tirana","jerarquia":2},"geometry":{"type":"LineString","coordinates":[[-70.1321,-20.2231],[-70.13143,-20.22436]]}},{"type":"Feature","properties":{"nombre":"Avenida La Tirana","jerarquia":2},"geometry":{"type":"LineString","coordinates":[[-70.13143,-20.22436],[-70.13038,-20.22635]]}},{"type":"Feature","properties":{"nombre":"Avenida La Tirana","jerarquia":2},"geometry":{"type":"LineString","coordinates":[[-70.13038,-20.22635],[-70.13008,-20.22697]]}},{"type":"Feature","properties":{"nombre":"Avenida La Tirana","jerarquia":2},"geometry":{"type":"LineString","coordinates":[[-70.13008,-20.22697],[-70.13,-20.22718]]}},{"type":"Feature","properties":{"nombre":"","jerarquia":1},"geometry":{"type":"LineString","coordinates":[[-70.13154,-20.22134],[-70.1316,-20.22079],[-70.13175,-20.22046]]}},{"type":"Feature","properties":{"nombre":"Avenida Circunvalación","jerarquia":3},"geometry":{"type":"LineString","coordinates":[[-70.12975,-20.20815],[-70.12934,-20.20862],[-70.12923,-20.20897],[-70.1294,-20.21151]]}},{"type":"Feature","properties":{"nombre":"","jerarquia":1},"geometry":{"type":"LineString","coordinates":[[-70.13205,-20.2215],[-70.13195,-20.22136],[-70.1318,-20.22135]]}},{"type":"Feature","properties":{"nombre":"Avenida Elías Lafertte","jerarquia":5},"geometry":{"type":"LineString","coordinates":[[-70.13307,-20.22439],[-70.13294,-20.2245]]}},{"type":"Feature","properties":{"nombre":"Avenida Elías Lafertte","jerarquia":5},"geometry":{"type":"LineString","coordinates":[[-70.13294,-20.2245],[-70.13279,-20.22464]]}},{"type":"Feature","properties":{"nombre":"Avenida Elías Lafertte","jerarquia":5},"geometry":{"type":"LineString","coordinates":[[-70.13279,-20.22464],[-70.13273,-20.22469]]}},{"type":"Feature","properties":{"nombre":"Avenida Elías Lafertte","jerarquia":5},"geometry":{"type":"LineString","coordinates":[[-70.13273,-20.22469],[-70.13235,-20.22502]]}},{"type":"Feature","properties":{"nombre":"Avenida Elías Lafertte","jerarquia":5},"geometry":{"type":"LineString","coordinates":[[-70.13235,-20.22502],[-70.13233,-20.22504]]}},{"type":"Feature","properties":{"nombre":"Avenida Elías Lafertte","jerarquia":5},"geometry":{"type":"LineString","coordinates":[[-70.13233,-20.22504],[-70.13214,-20.22521]]}},{"type":"Feature","properties":{"nombre":"Avenida Elías Lafertte","jerarquia":5},"geometry":{"type":"LineString","coordinates":[[-70.13214,-20.22521],[-70.13184,-20.22548]]}},{"type":"Feature","properties":{"nombre":"Avenida Elías Lafertte","jerarquia":5},"geometry":{"type":"LineString","coordinates":[[-70.13184,-20.22548],[-70.13145,-20.22583]]}},{"type":"Feature","properties":{"nombre":"Avenida Elías Lafertte","jerarquia":5},"geometry":{"type":"LineString","coordinates":[[-70.13145,-20.22583],[-70.13087,-20.22642]]}},{"type":"Feature","properties":{"nombre":"Avenida Elías Lafertte","jerarquia":5},"geometry":{"type":"LineString","coordinates":[[-70.13087,-20.22642],[-70.13073,-20.22656]]}},{"type":"Feature","properties":{"nombre":"Avenida Elías Lafertte","jerarquia":5},"geometry":{"type":"LineString","coordinates":[[-70.13073,-20.22656],[-70.13029,-20.22705]]}},{"type":"Feature","properties":{"nombre":"Avenida Elías Lafertte","jerarquia":5},"geometry":{"type":"LineString","coordinates":[[-70.12979,-20.22728],[-70.13,-20.22718]]}},{"type":"Feature","properties":{"nombre":"Avenida Elías Lafertte","jerarquia":5},"geometry":{"type":"LineString","coordinates":[[-70.13017,-20.22719],[-70.13001,-20.22738]]}},{"type":"Feature","properties":{"nombre":"Avenida Elías Lafertte","jerarquia":5},"geometry":{"type":"LineString","coordinates":[[-70.13001,-20.22738],[-70.12985,-20.22753]]}},{"type":"Feature","properties":{"nombre":"Playa El Águila","jerarquia":5},"geometry":{"type":"LineString","coordinates":[[-70.13194,-20.25145],[-70.13141,-20.25134]]}},{"type":"Feature","properties":{"nombre":"Playa El Águila","jerarquia":5},"geometry":{"type":"LineString","coordinates":[[-70.13141,-20.25134],[-70.13104,-20.25126]]}},{"type":"Feature","properties":{"nombre":"Playa El Águila","jerarquia":5},"geometry":{"type":"LineString","coordinates":[[-70.13104,-20.25126],[-70.13063,-20.25117]]}},{"type":"Feature","properties":{"nombre":"Playa El Águila","jerarquia":5},"geometry":{"type":"LineString","coordinates":[[-70.13063,-20.25117],[-70.13017,-20.25107]]}},{"type":"Feature","properties":{"nombre":"Playa El Águila","jerarquia":5},"geometry":{"type":"LineString","coordinates":[[-70.13017,-20.25107],[-70.12948,-20.25092]]}},{"type":"Feature","properties":{"nombre":"Playa El Águila","jerarquia":5},"geometry":{"type":"LineString","coordinates":[[-70.12948,-20.25092],[-70.12934,-20.25088]]}},{"type":"Feature","properties":{"nombre":"Playa El Águila","jerarquia":5},"geometry":{"type":"LineString","coordinates":[[-70.12934,-20.25088],[-70.12872,-20.25075]]}},{"type":"Feature","properties":{"nombre":"Playa El Águila","jerarquia":5},"geometry":{"type":"LineString","coordinates":[[-70.12872,-20.25075],[-70.12862,-20.25073]]}},{"type":"Feature","properties":{"nombre":"Playa El Águila","jerarquia":5},"geometry":{"type":"LineString","coordinates":[[-70.1276,-20.25061],[-70.12743,-20.25065],[-70.12724,-20.25076]]}},{"type":"Feature","properties":{"nombre":"Avenida Santiago Polanco","jerarquia":5},"geometry":{"type":"LineString","coordinates":[[-70.13685,-20.24799],[-70.13626,-20.24772]]}},{"type":"Feature","properties":{"nombre":"Avenida Santiago Polanco","jerarquia":5},"geometry":{"type":"LineString","coordinates":[[-70.13626,-20.24772],[-70.13571,-20.24747]]}},{"type":"Feature","properties":{"nombre":"Avenida Santiago Polanco","jerarquia":5},"geometry":{"type":"LineString","coordinates":[[-70.13571,-20.24747],[-70.13562,-20.24742]]}},{"type":"Feature","properties":{"nombre":"Avenida Santiago Polanco","jerarquia":5},"geometry":{"type":"LineString","coordinates":[[-70.13562,-20.24742],[-70.13544,-20.24736]]}},{"type":"Feature","properties":{"nombre":"Avenida Santiago Polanco","jerarquia":5},"geometry":{"type":"LineString","coordinates":[[-70.13544,-20.24736],[-70.13502,-20.24727]]}},{"type":"Feature","properties":{"nombre":"Teresa Wilms Montt","jerarquia":5},"geometry":{"type":"LineString","coordinates":[[-70.12579,-20.2684],[-70.12602,-20.26841]]}},{"type":"Feature","properties":{"nombre":"Teresa Wilms Montt","jerarquia":5},"geometry":{"type":"LineString","coordinates":[[-70.12602,-20.26841],[-70.12753,-20.26844]]}},{"type":"Feature","properties":{"nombre":"Teresa Wilms Montt","jerarquia":5},"geometry":{"type":"LineString","coordinates":[[-70.12937,-20.26859],[-70.12928,-20.26859]]}},{"type":"Feature","properties":{"nombre":"Teresa Wilms Montt","jerarquia":5},"geometry":{"type":"LineString","coordinates":[[-70.12928,-20.26859],[-70.12871,-20.26857]]}},{"type":"Feature","properties":{"nombre":"Teresa Wilms Montt","jerarquia":5},"geometry":{"type":"LineString","coordinates":[[-70.12871,-20.26857],[-70.12824,-20.26855]]}},{"type":"Feature","properties":{"nombre":"Teresa Wilms Montt","jerarquia":5},"geometry":{"type":"LineString","coordinates":[[-70.12824,-20.26855],[-70.12779,-20.26853]]}},{"type":"Feature","properties":{"nombre":"Teresa Wilms Montt","jerarquia":5},"geometry":{"type":"LineString","coordinates":[[-70.12779,-20.26853],[-70.12753,-20.26852]]}},{"type":"Feature","properties":{"nombre":"Vía Uno","jerarquia":3},"geometry":{"type":"LineString","coordinates":[[-70.12515,-20.29254],[-70.12294,-20.29312]]}},{"type":"Feature","properties":{"nombre":"Vía Uno","jerarquia":3},"geometry":{"type":"LineString","coordinates":[[-70.12294,-20.29312],[-70.12257,-20.29321]]}},{"type":"Feature","properties":{"nombre":"Vía Uno","jerarquia":3},"geometry":{"type":"LineString","coordinates":[[-70.12257,-20.29321],[-70.12203,-20.29335]]}},{"type":"Feature","properties":{"nombre":"","jerarquia":4},"geometry":{"type":"LineString","coordinates":[[-70.13467,-20.24137],[-70.13433,-20.24157],[-70.13414,-20.24183]]}},{"type":"Feature","properties":{"nombre":"","jerarquia":4},"geometry":{"type":"LineString","coordinates":[[-70.13405,-20.2418],[-70.13399,-20.24161],[-70.13388,-20.2415]]}},{"type":"Feature","properties":{"nombre":"Cerro Esmeralda","jerarquia":5},"geometry":{"type":"LineString","coordinates":[[-70.10491,-20.26879],[-70.10471,-20.26896]]}},{"type":"Feature","properties":{"nombre":"Cerro Esmeralda","jerarquia":5},"geometry":{"type":"LineString","coordinates":[[-70.10471,-20.26896],[-70.10462,-20.26904]]}},{"type":"Feature","properties":{"nombre":"Cerro Esmeralda","jerarquia":5},"geometry":{"type":"LineString","coordinates":[[-70.10462,-20.26904],[-70.10454,-20.2691]]}},{"type":"Feature","properties":{"nombre":"Cerro Esmeralda","jerarquia":5},"geometry":{"type":"LineString","coordinates":[[-70.10454,-20.2691],[-70.10403,-20.26951]]}},{"type":"Feature","properties":{"nombre":"Costa Alto Hospicio","jerarquia":5},"geometry":{"type":"LineString","coordinates":[[-70.10976,-20.26564],[-70.10956,-20.26537]]}},{"type":"Feature","properties":{"nombre":"Avenida La Pampa","jerarquia":5},"geometry":{"type":"LineString","coordinates":[[-70.10697,-20.27499],[-70.10682,-20.27452]]}},{"type":"Feature","properties":{"nombre":"Avenida La Pampa","jerarquia":5},"geometry":{"type":"LineString","coordinates":[[-70.10682,-20.27452],[-70.10662,-20.27408]]}},{"type":"Feature","properties":{"nombre":"Avenida La Pampa","jerarquia":5},"geometry":{"type":"LineString","coordinates":[[-70.10662,-20.27408],[-70.10627,-20.27376],[-70.10578,-20.27358]]}},{"type":"Feature","properties":{"nombre":"Avenida La Pampa","jerarquia":5},"geometry":{"type":"LineString","coordinates":[[-70.10578,-20.27358],[-70.10528,-20.27347]]}},{"type":"Feature","properties":{"nombre":"Avenida La Pampa","jerarquia":5},"geometry":{"type":"LineString","coordinates":[[-70.10528,-20.27347],[-70.10442,-20.27327]]}},{"type":"Feature","properties":{"nombre":"Avenida La Pampa","jerarquia":5},"geometry":{"type":"LineString","coordinates":[[-70.10442,-20.27327],[-70.10376,-20.27309],[-70.10338,-20.27292]]}},{"type":"Feature","properties":{"nombre":"Avenida La Pampa","jerarquia":5},"geometry":{"type":"LineString","coordinates":[[-70.10338,-20.27292],[-70.10317,-20.27272],[-70.10292,-20.27217]]}},{"type":"Feature","properties":{"nombre":"Avenida La Pampa","jerarquia":5},"geometry":{"type":"LineString","coordinates":[[-70.10292,-20.27217],[-70.10289,-20.27209]]}},{"type":"Feature","properties":{"nombre":"Avenida La Pampa","jerarquia":5},"geometry":{"type":"LineString","coordinates":[[-70.09827,-20.26874],[-70.09871,-20.26897]]}},{"type":"Feature","properties":{"nombre":"Avenida La Pampa","jerarquia":5},"geometry":{"type":"LineString","coordinates":[[-70.09871,-20.26897],[-70.09914,-20.26919]]}},{"type":"Feature","properties":{"nombre":"Avenida La Pampa","jerarquia":5},"geometry":{"type":"LineString","coordinates":[[-70.09914,-20.26919],[-70.09956,-20.26941]]}},{"type":"Feature","properties":{"nombre":"Avenida La Pampa","jerarquia":5},"geometry":{"type":"LineString","coordinates":[[-70.09956,-20.26941],[-70.09998,-20.26962]]}},{"type":"Feature","properties":{"nombre":"Avenida La Pampa","jerarquia":5},"geometry":{"type":"LineString","coordinates":[[-70.09998,-20.26962],[-70.10041,-20.26985]]}},{"type":"Feature","properties":{"nombre":"Avenida La Pampa","jerarquia":5},"geometry":{"type":"LineString","coordinates":[[-70.10041,-20.26985],[-70.10077,-20.27003]]}},{"type":"Feature","properties":{"nombre":"Avenida La Pampa","jerarquia":5},"geometry":{"type":"LineString","coordinates":[[-70.10077,-20.27003],[-70.10086,-20.27008]]}},{"type":"Feature","properties":{"nombre":"Los Álamos","jerarquia":5},"geometry":{"type":"LineString","coordinates":[[-70.10299,-20.26655],[-70.1033,-20.2669]]}},{"type":"Feature","properties":{"nombre":"Los Álamos","jerarquia":5},"geometry":{"type":"LineString","coordinates":[[-70.1033,-20.2669],[-70.10362,-20.26725]]}},{"type":"Feature","properties":{"nombre":"Los Álamos","jerarquia":5},"geometry":{"type":"LineString","coordinates":[[-70.10362,-20.26725],[-70.10395,-20.26761]]}},{"type":"Feature","properties":{"nombre":"Los Álamos","jerarquia":5},"geometry":{"type":"LineString","coordinates":[[-70.10395,-20.26761],[-70.10427,-20.26796]]}},{"type":"Feature","properties":{"nombre":"Los Álamos","jerarquia":5},"geometry":{"type":"LineString","coordinates":[[-70.10427,-20.26796],[-70.10459,-20.26831]]}},{"type":"Feature","properties":{"nombre":"Los Álamos","jerarquia":5},"geometry":{"type":"LineString","coordinates":[[-70.10459,-20.26831],[-70.10485,-20.26859]]}},{"type":"Feature","properties":{"nombre":"Los Álamos","jerarquia":5},"geometry":{"type":"LineString","coordinates":[[-70.10485,-20.26859],[-70.10491,-20.26867]]}},{"type":"Feature","properties":{"nombre":"Circunvalación","jerarquia":5},"geometry":{"type":"LineString","coordinates":[[-70.10941,-20.26512],[-70.1094,-20.26522],[-70.1093,-20.26531]]}},{"type":"Feature","properties":{"nombre":"Circunvalación","jerarquia":5},"geometry":{"type":"LineString","coordinates":[[-70.1093,-20.26531],[-70.10923,-20.26533]]}},{"type":"Feature","properties":{"nombre":"Circunvalación","jerarquia":5},"geometry":{"type":"LineString","coordinates":[[-70.10923,-20.26533],[-70.10908,-20.26528]]}},{"type":"Feature","properties":{"nombre":"Circunvalación","jerarquia":5},"geometry":{"type":"LineString","coordinates":[[-70.10908,-20.26528],[-70.10903,-20.26521]]}},{"type":"Feature","properties":{"nombre":"Circunvalación","jerarquia":5},"geometry":{"type":"LineString","coordinates":[[-70.10903,-20.26521],[-70.10905,-20.26503]]}},{"type":"Feature","properties":{"nombre":"Circunvalación","jerarquia":5},"geometry":{"type":"LineString","coordinates":[[-70.10905,-20.26503],[-70.10907,-20.265]]}},{"type":"Feature","properties":{"nombre":"Circunvalación","jerarquia":5},"geometry":{"type":"LineString","coordinates":[[-70.10907,-20.265],[-70.10928,-20.26496]]}},{"type":"Feature","properties":{"nombre":"Circunvalación","jerarquia":5},"geometry":{"type":"LineString","coordinates":[[-70.10928,-20.26496],[-70.10937,-20.26502]]}},{"type":"Feature","properties":{"nombre":"Circunvalación","jerarquia":5},"geometry":{"type":"LineString","coordinates":[[-70.10937,-20.26502],[-70.10941,-20.26512]]}},{"type":"Feature","properties":{"nombre":"Cerro Esmeralda","jerarquia":5},"geometry":{"type":"LineString","coordinates":[[-70.10228,-20.27081],[-70.10313,-20.2701]]}},{"type":"Feature","properties":{"nombre":"Cerro Esmeralda","jerarquia":5},"geometry":{"type":"LineString","coordinates":[[-70.10313,-20.2701],[-70.10352,-20.2698]]}},{"type":"Feature","properties":{"nombre":"Cerro Esmeralda","jerarquia":5},"geometry":{"type":"LineString","coordinates":[[-70.10352,-20.2698],[-70.10383,-20.26954]]}},{"type":"Feature","properties":{"nombre":"Costa Alto Hospicio","jerarquia":5},"geometry":{"type":"LineString","coordinates":[[-70.10978,-20.26591],[-70.10977,-20.26616]]}},{"type":"Feature","properties":{"nombre":"Costa Alto Hospicio","jerarquia":5},"geometry":{"type":"LineString","coordinates":[[-70.10977,-20.26616],[-70.10976,-20.26659]]}},{"type":"Feature","properties":{"nombre":"Costa Alto Hospicio","jerarquia":5},"geometry":{"type":"LineString","coordinates":[[-70.10976,-20.26659],[-70.10974,-20.26705]]}},{"type":"Feature","properties":{"nombre":"Costa Alto Hospicio","jerarquia":5},"geometry":{"type":"LineString","coordinates":[[-70.10974,-20.26705],[-70.10972,-20.2675]]}},{"type":"Feature","properties":{"nombre":"Costa Alto Hospicio","jerarquia":5},"geometry":{"type":"LineString","coordinates":[[-70.10972,-20.2675],[-70.10971,-20.26795]]}},{"type":"Feature","properties":{"nombre":"Costa Alto Hospicio","jerarquia":5},"geometry":{"type":"LineString","coordinates":[[-70.10971,-20.26795],[-70.10967,-20.269]]}},{"type":"Feature","properties":{"nombre":"Costa Alto Hospicio","jerarquia":5},"geometry":{"type":"LineString","coordinates":[[-70.10967,-20.269],[-70.10965,-20.26965]]}},{"type":"Feature","properties":{"nombre":"Costa Alto Hospicio","jerarquia":5},"geometry":{"type":"LineString","coordinates":[[-70.10965,-20.26965],[-70.10973,-20.27064]]}},{"type":"Feature","properties":{"nombre":"Costa Alto Hospicio","jerarquia":5},"geometry":{"type":"LineString","coordinates":[[-70.10973,-20.27064],[-70.10976,-20.27101]]}},{"type":"Feature","properties":{"nombre":"Costa Alto Hospicio","jerarquia":5},"geometry":{"type":"LineString","coordinates":[[-70.10976,-20.27101],[-70.10982,-20.27197]]}},{"type":"Feature","properties":{"nombre":"Costa Alto Hospicio","jerarquia":5},"geometry":{"type":"LineString","coordinates":[[-70.10937,-20.26502],[-70.10965,-20.26531],[-70.10976,-20.26564]]}},{"type":"Feature","properties":{"nombre":"Los Pepinos","jerarquia":5},"geometry":{"type":"LineString","coordinates":[[-70.10902,-20.26479],[-70.10928,-20.26496]]}},{"type":"Feature","properties":{"nombre":"Los Pepinos","jerarquia":5},"geometry":{"type":"LineString","coordinates":[[-70.10902,-20.26479],[-70.10869,-20.26447]]}},{"type":"Feature","properties":{"nombre":"Los Pepinos","jerarquia":5},"geometry":{"type":"LineString","coordinates":[[-70.10869,-20.26447],[-70.10835,-20.26414]]}},{"type":"Feature","properties":{"nombre":"Los Pepinos","jerarquia":5},"geometry":{"type":"LineString","coordinates":[[-70.10835,-20.26414],[-70.10796,-20.26378]]}},{"type":"Feature","properties":{"nombre":"Los Pepinos","jerarquia":5},"geometry":{"type":"LineString","coordinates":[[-70.10796,-20.26378],[-70.10781,-20.26361],[-70.10753,-20.26351]]}},{"type":"Feature","properties":{"nombre":"Los Pepinos","jerarquia":5},"geometry":{"type":"LineString","coordinates":[[-70.10753,-20.26351],[-70.10706,-20.26337]]}},{"type":"Feature","properties":{"nombre":"Los Pepinos","jerarquia":5},"geometry":{"type":"LineString","coordinates":[[-70.10706,-20.26337],[-70.10658,-20.2632]]}},{"type":"Feature","properties":{"nombre":"Los Pepinos","jerarquia":5},"geometry":{"type":"LineString","coordinates":[[-70.10658,-20.2632],[-70.10647,-20.26315]]}},{"type":"Feature","properties":{"nombre":"Los Pepinos","jerarquia":5},"geometry":{"type":"LineString","coordinates":[[-70.10907,-20.265],[-70.10902,-20.26479]]}},{"type":"Feature","properties":{"nombre":"","jerarquia":1},"geometry":{"type":"LineString","coordinates":[[-70.09681,-20.2781],[-70.09593,-20.27646]]}},{"type":"Feature","properties":{"nombre":"Los Álamos","jerarquia":5},"geometry":{"type":"LineString","coordinates":[[-70.09849,-20.26375],[-70.09806,-20.26352]]}},{"type":"Feature","properties":{"nombre":"Los Álamos","jerarquia":5},"geometry":{"type":"LineString","coordinates":[[-70.09806,-20.26352],[-70.09797,-20.26348]]}},{"type":"Feature","properties":{"nombre":"Avenida Las Parcelas","jerarquia":4},"geometry":{"type":"LineString","coordinates":[[-70.09346,-20.27071],[-70.09359,-20.27047]]}},{"type":"Feature","properties":{"nombre":"Avenida Las Parcelas","jerarquia":4},"geometry":{"type":"LineString","coordinates":[[-70.09359,-20.27047],[-70.09431,-20.26919]]}},{"type":"Feature","properties":{"nombre":"Avenida Las Parcelas","jerarquia":4},"geometry":{"type":"LineString","coordinates":[[-70.09431,-20.26919],[-70.09474,-20.26838]]}},{"type":"Feature","properties":{"nombre":"Avenida Las Parcelas","jerarquia":4},"geometry":{"type":"LineString","coordinates":[[-70.09474,-20.26838],[-70.09499,-20.26793]]}},{"type":"Feature","properties":{"nombre":"Avenida Las Parcelas","jerarquia":4},"geometry":{"type":"LineString","coordinates":[[-70.09499,-20.26793],[-70.09503,-20.26784]]}},{"type":"Feature","properties":{"nombre":"Avenida Las Parcelas","jerarquia":4},"geometry":{"type":"LineString","coordinates":[[-70.09503,-20.26784],[-70.09508,-20.26775]]}},{"type":"Feature","properties":{"nombre":"Avenida Las Parcelas","jerarquia":4},"geometry":{"type":"LineString","coordinates":[[-70.09508,-20.26775],[-70.09522,-20.26748]]}},{"type":"Feature","properties":{"nombre":"Avenida Las Parcelas","jerarquia":4},"geometry":{"type":"LineString","coordinates":[[-70.09522,-20.26748],[-70.09582,-20.26642]]}},{"type":"Feature","properties":{"nombre":"Avenida Las Parcelas","jerarquia":4},"geometry":{"type":"LineString","coordinates":[[-70.09582,-20.26642],[-70.09643,-20.26546]]}},{"type":"Feature","properties":{"nombre":"Avenida Las Parcelas","jerarquia":4},"geometry":{"type":"LineString","coordinates":[[-70.09643,-20.26546],[-70.09689,-20.2648],[-70.09797,-20.26348]]}},{"type":"Feature","properties":{"nombre":"Avenida Las Parcelas","jerarquia":5},"geometry":{"type":"LineString","coordinates":[[-70.09329,-20.27115],[-70.0932,-20.27131]]}},{"type":"Feature","properties":{"nombre":"Avenida Las Parcelas","jerarquia":5},"geometry":{"type":"LineString","coordinates":[[-70.0932,-20.27131],[-70.09277,-20.27214]]}},{"type":"Feature","properties":{"nombre":"Avenida Las Parcelas","jerarquia":5},"geometry":{"type":"LineString","coordinates":[[-70.09277,-20.27214],[-70.09188,-20.27374]]}},{"type":"Feature","properties":{"nombre":"Avenida Presidente Ricardo Lagos","jerarquia":5},"geometry":{"type":"LineString","coordinates":[[-70.08742,-20.28308],[-70.08671,-20.28273]]}},{"type":"Feature","properties":{"nombre":"Avenida Presidente Ricardo Lagos","jerarquia":5},"geometry":{"type":"LineString","coordinates":[[-70.08671,-20.28273],[-70.08471,-20.2817]]}},{"type":"Feature","properties":{"nombre":"Avenida Presidente Ricardo Lagos","jerarquia":5},"geometry":{"type":"LineString","coordinates":[[-70.08471,-20.2817],[-70.08371,-20.28133]]}},{"type":"Feature","properties":{"nombre":"Avenida Presidente Ricardo Lagos","jerarquia":5},"geometry":{"type":"LineString","coordinates":[[-70.08371,-20.28133],[-70.08264,-20.28093]]}},{"type":"Feature","properties":{"nombre":"Avenida Presidente Ricardo Lagos","jerarquia":5},"geometry":{"type":"LineString","coordinates":[[-70.08264,-20.28093],[-70.08221,-20.28079],[-70.08154,-20.28067]]}},{"type":"Feature","properties":{"nombre":"Avenida Presidente Ricardo Lagos","jerarquia":5},"geometry":{"type":"LineString","coordinates":[[-70.08154,-20.28067],[-70.08039,-20.28047]]}},{"type":"Feature","properties":{"nombre":"Avenida Presidente Ricardo Lagos","jerarquia":5},"geometry":{"type":"LineString","coordinates":[[-70.08039,-20.28047],[-70.07989,-20.28038]]}},{"type":"Feature","properties":{"nombre":"Avenida Presidente Ricardo Lagos","jerarquia":5},"geometry":{"type":"LineString","coordinates":[[-70.07989,-20.28038],[-70.07934,-20.28028]]}},{"type":"Feature","properties":{"nombre":"Avenida Presidente Ricardo Lagos","jerarquia":5},"geometry":{"type":"LineString","coordinates":[[-70.07934,-20.28028],[-70.07839,-20.28011]]}},{"type":"Feature","properties":{"nombre":"Gladys Marín","jerarquia":5},"geometry":{"type":"LineString","coordinates":[[-70.10054,-20.28929],[-70.1007,-20.28973]]}},{"type":"Feature","properties":{"nombre":"Gladys Marín","jerarquia":5},"geometry":{"type":"LineString","coordinates":[[-70.1007,-20.28973],[-70.10107,-20.29072]]}},{"type":"Feature","properties":{"nombre":"Gladys Marín","jerarquia":5},"geometry":{"type":"LineString","coordinates":[[-70.10107,-20.29072],[-70.10123,-20.29114]]}},{"type":"Feature","properties":{"nombre":"Gladys Marín","jerarquia":5},"geometry":{"type":"LineString","coordinates":[[-70.10123,-20.29114],[-70.10157,-20.29205]]}},{"type":"Feature","properties":{"nombre":"Gladys Marín","jerarquia":5},"geometry":{"type":"LineString","coordinates":[[-70.10157,-20.29205],[-70.10173,-20.29249]]}},{"type":"Feature","properties":{"nombre":"Gladys Marín","jerarquia":5},"geometry":{"type":"LineString","coordinates":[[-70.10173,-20.29249],[-70.10206,-20.29336]]}},{"type":"Feature","properties":{"nombre":"Gladys Marín","jerarquia":5},"geometry":{"type":"LineString","coordinates":[[-70.10206,-20.29336],[-70.10221,-20.29376]]}},{"type":"Feature","properties":{"nombre":"Gladys Marín","jerarquia":5},"geometry":{"type":"LineString","coordinates":[[-70.10221,-20.29376],[-70.10238,-20.29423]]}},{"type":"Feature","properties":{"nombre":"Gladys Marín","jerarquia":5},"geometry":{"type":"LineString","coordinates":[[-70.10238,-20.29423],[-70.10255,-20.29466]]}},{"type":"Feature","properties":{"nombre":"Gladys Marín","jerarquia":5},"geometry":{"type":"LineString","coordinates":[[-70.10255,-20.29466],[-70.10271,-20.29509]]}},{"type":"Feature","properties":{"nombre":"Gladys Marín","jerarquia":5},"geometry":{"type":"LineString","coordinates":[[-70.10271,-20.29509],[-70.10307,-20.29605]]}},{"type":"Feature","properties":{"nombre":"Gladys Marín","jerarquia":5},"geometry":{"type":"LineString","coordinates":[[-70.10307,-20.29605],[-70.10306,-20.29612]]}},{"type":"Feature","properties":{"nombre":"Avenida Mártir Detective José Cubillos Rivera","jerarquia":5},"geometry":{"type":"LineString","coordinates":[[-70.10327,-20.28794],[-70.10267,-20.28813]]}},{"type":"Feature","properties":{"nombre":"Avenida Mártir Detective José Cubillos Rivera","jerarquia":5},"geometry":{"type":"LineString","coordinates":[[-70.10267,-20.28813],[-70.10238,-20.28822]]}},{"type":"Feature","properties":{"nombre":"Avenida Mártir Detective José Cubillos Rivera","jerarquia":5},"geometry":{"type":"LineString","coordinates":[[-70.10238,-20.28822],[-70.10134,-20.28883]]}},{"type":"Feature","properties":{"nombre":"Gladys Marín","jerarquia":5},"geometry":{"type":"LineString","coordinates":[[-70.10294,-20.2961],[-70.10285,-20.29595]]}},{"type":"Feature","properties":{"nombre":"Gladys Marín","jerarquia":5},"geometry":{"type":"LineString","coordinates":[[-70.10285,-20.29595],[-70.10252,-20.29512]]}},{"type":"Feature","properties":{"nombre":"Gladys Marín","jerarquia":5},"geometry":{"type":"LineString","coordinates":[[-70.10252,-20.29512],[-70.10238,-20.29472]]}},{"type":"Feature","properties":{"nombre":"Gladys Marín","jerarquia":5},"geometry":{"type":"LineString","coordinates":[[-70.10238,-20.29472],[-70.10222,-20.29428]]}},{"type":"Feature","properties":{"nombre":"Gladys Marín","jerarquia":5},"geometry":{"type":"LineString","coordinates":[[-70.10222,-20.29428],[-70.10173,-20.29298]]}},{"type":"Feature","properties":{"nombre":"Gladys Marín","jerarquia":5},"geometry":{"type":"LineString","coordinates":[[-70.10173,-20.29298],[-70.10156,-20.29255]]}},{"type":"Feature","properties":{"nombre":"Gladys Marín","jerarquia":5},"geometry":{"type":"LineString","coordinates":[[-70.10156,-20.29255],[-70.10139,-20.29208]]}},{"type":"Feature","properties":{"nombre":"Gladys Marín","jerarquia":5},"geometry":{"type":"LineString","coordinates":[[-70.10139,-20.29208],[-70.1009,-20.29077]]}},{"type":"Feature","properties":{"nombre":"Gladys Marín","jerarquia":5},"geometry":{"type":"LineString","coordinates":[[-70.1009,-20.29077],[-70.10053,-20.28979]]}},{"type":"Feature","properties":{"nombre":"Gladys Marín","jerarquia":5},"geometry":{"type":"LineString","coordinates":[[-70.10053,-20.28979],[-70.10039,-20.28942]]}},{"type":"Feature","properties":{"nombre":"Gladys Marín","jerarquia":5},"geometry":{"type":"LineString","coordinates":[[-70.10039,-20.28942],[-70.10036,-20.28935]]}},{"type":"Feature","properties":{"nombre":"Avenida Las Américas","jerarquia":3},"geometry":{"type":"LineString","coordinates":[[-70.10077,-20.28008],[-70.10076,-20.28027],[-70.10092,-20.28118]]}},{"type":"Feature","properties":{"nombre":"Avenida Las Américas","jerarquia":3},"geometry":{"type":"LineString","coordinates":[[-70.10092,-20.28118],[-70.10094,-20.2813]]}},{"type":"Feature","properties":{"nombre":"Avenida Las Américas","jerarquia":3},"geometry":{"type":"LineString","coordinates":[[-70.10094,-20.2813],[-70.10108,-20.28171]]}},{"type":"Feature","properties":{"nombre":"Avenida Las Américas","jerarquia":3},"geometry":{"type":"LineString","coordinates":[[-70.10108,-20.28171],[-70.10123,-20.2821]]}},{"type":"Feature","properties":{"nombre":"Avenida Las Américas","jerarquia":3},"geometry":{"type":"LineString","coordinates":[[-70.10123,-20.2821],[-70.10136,-20.28245]]}},{"type":"Feature","properties":{"nombre":"Avenida Las Américas","jerarquia":3},"geometry":{"type":"LineString","coordinates":[[-70.10136,-20.28245],[-70.10161,-20.28309]]}},{"type":"Feature","properties":{"nombre":"Avenida Las Américas","jerarquia":3},"geometry":{"type":"LineString","coordinates":[[-70.10161,-20.28309],[-70.10172,-20.2834]]}},{"type":"Feature","properties":{"nombre":"Avenida Las Américas","jerarquia":3},"geometry":{"type":"LineString","coordinates":[[-70.10172,-20.2834],[-70.10191,-20.28394]]}},{"type":"Feature","properties":{"nombre":"Avenida Las Américas","jerarquia":3},"geometry":{"type":"LineString","coordinates":[[-70.10191,-20.28394],[-70.10214,-20.28453]]}},{"type":"Feature","properties":{"nombre":"Avenida Las Américas","jerarquia":3},"geometry":{"type":"LineString","coordinates":[[-70.10214,-20.28453],[-70.10222,-20.28474]]}},{"type":"Feature","properties":{"nombre":"Avenida Las Américas","jerarquia":3},"geometry":{"type":"LineString","coordinates":[[-70.10222,-20.28474],[-70.10254,-20.28565]]}},{"type":"Feature","properties":{"nombre":"Avenida Mártir Detective José Cubillos Rivera","jerarquia":5},"geometry":{"type":"LineString","coordinates":[[-70.10557,-20.28725],[-70.10475,-20.28752]]}},{"type":"Feature","properties":{"nombre":"Avenida Mártir Detective José Cubillos Rivera","jerarquia":5},"geometry":{"type":"LineString","coordinates":[[-70.10475,-20.28752],[-70.10402,-20.28776],[-70.1035,-20.28787]]}},{"type":"Feature","properties":{"nombre":"Avenida Mártir Detective José Cubillos Rivera","jerarquia":5},"geometry":{"type":"LineString","coordinates":[[-70.1035,-20.28787],[-70.10338,-20.2879]]}},{"type":"Feature","properties":{"nombre":"Avenida Violeta Parra","jerarquia":5},"geometry":{"type":"LineString","coordinates":[[-70.09854,-20.28196],[-70.09871,-20.28239]]}},{"type":"Feature","properties":{"nombre":"Avenida Violeta Parra","jerarquia":5},"geometry":{"type":"LineString","coordinates":[[-70.09871,-20.28239],[-70.09887,-20.28281]]}},{"type":"Feature","properties":{"nombre":"Avenida Violeta Parra","jerarquia":5},"geometry":{"type":"LineString","coordinates":[[-70.09887,-20.28281],[-70.09901,-20.28319]]}},{"type":"Feature","properties":{"nombre":"Avenida Violeta Parra","jerarquia":5},"geometry":{"type":"LineString","coordinates":[[-70.09901,-20.28319],[-70.09903,-20.28322]]}},{"type":"Feature","properties":{"nombre":"Avenida Violeta Parra","jerarquia":5},"geometry":{"type":"LineString","coordinates":[[-70.09903,-20.28322],[-70.09916,-20.28356]]}},{"type":"Feature","properties":{"nombre":"Avenida Violeta Parra","jerarquia":5},"geometry":{"type":"LineString","coordinates":[[-70.09916,-20.28356],[-70.09923,-20.28375]]}},{"type":"Feature","properties":{"nombre":"Avenida Violeta Parra","jerarquia":5},"geometry":{"type":"LineString","coordinates":[[-70.09923,-20.28375],[-70.09939,-20.28417]]}},{"type":"Feature","properties":{"nombre":"Avenida Violeta Parra","jerarquia":5},"geometry":{"type":"LineString","coordinates":[[-70.09939,-20.28417],[-70.09942,-20.28424]]}},{"type":"Feature","properties":{"nombre":"Avenida Gabriela Mistral","jerarquia":5},"geometry":{"type":"LineString","coordinates":[[-70.1037,-20.28102],[-70.10368,-20.28112]]}},{"type":"Feature","properties":{"nombre":"Avenida Gabriela Mistral","jerarquia":5},"geometry":{"type":"LineString","coordinates":[[-70.10368,-20.28112],[-70.10361,-20.28155]]}},{"type":"Feature","properties":{"nombre":"Avenida Gabriela Mistral","jerarquia":5},"geometry":{"type":"LineString","coordinates":[[-70.10361,-20.28155],[-70.10365,-20.28187],[-70.10381,-20.28233]]}},{"type":"Feature","properties":{"nombre":"Avenida Gabriela Mistral","jerarquia":5},"geometry":{"type":"LineString","coordinates":[[-70.10381,-20.28233],[-70.10399,-20.28282]]}},{"type":"Feature","properties":{"nombre":"Avenida Gabriela Mistral","jerarquia":5},"geometry":{"type":"LineString","coordinates":[[-70.10399,-20.28282],[-70.10414,-20.28321]]}},{"type":"Feature","properties":{"nombre":"Juanita Fernández","jerarquia":5},"geometry":{"type":"LineString","coordinates":[[-70.0955,-20.28296],[-70.09585,-20.28285]]}},{"type":"Feature","properties":{"nombre":"Juanita Fernández","jerarquia":5},"geometry":{"type":"LineString","coordinates":[[-70.09585,-20.28285],[-70.09632,-20.28269]]}},{"type":"Feature","properties":{"nombre":"Juanita Fernández","jerarquia":5},"geometry":{"type":"LineString","coordinates":[[-70.09632,-20.28269],[-70.09724,-20.28239]]}},{"type":"Feature","properties":{"nombre":"Juanita Fernández","jerarquia":5},"geometry":{"type":"LineString","coordinates":[[-70.09724,-20.28239],[-70.09746,-20.28232]]}},{"type":"Feature","properties":{"nombre":"Juanita Fernández","jerarquia":5},"geometry":{"type":"LineString","coordinates":[[-70.09746,-20.28232],[-70.09767,-20.28225]]}},{"type":"Feature","properties":{"nombre":"Juanita Fernández","jerarquia":5},"geometry":{"type":"LineString","coordinates":[[-70.09767,-20.28225],[-70.09813,-20.2821]]}},{"type":"Feature","properties":{"nombre":"Juanita Fernández","jerarquia":5},"geometry":{"type":"LineString","coordinates":[[-70.09813,-20.2821],[-70.09854,-20.28196]]}},{"type":"Feature","properties":{"nombre":"Juanita Fernández","jerarquia":5},"geometry":{"type":"LineString","coordinates":[[-70.09854,-20.28196],[-70.09949,-20.28165]]}},{"type":"Feature","properties":{"nombre":"Juanita Fernández","jerarquia":5},"geometry":{"type":"LineString","coordinates":[[-70.09949,-20.28165],[-70.0999,-20.28151]]}},{"type":"Feature","properties":{"nombre":"Juanita Fernández","jerarquia":5},"geometry":{"type":"LineString","coordinates":[[-70.0999,-20.28151],[-70.10035,-20.28136]]}},{"type":"Feature","properties":{"nombre":"Juanita Fernández","jerarquia":5},"geometry":{"type":"LineString","coordinates":[[-70.10035,-20.28136],[-70.10082,-20.28121]]}},{"type":"Feature","properties":{"nombre":"Juanita Fernández","jerarquia":5},"geometry":{"type":"LineString","coordinates":[[-70.10082,-20.28121],[-70.10092,-20.28118]]}},{"type":"Feature","properties":{"nombre":"Amanda Brieba","jerarquia":5},"geometry":{"type":"LineString","coordinates":[[-70.09632,-20.28269],[-70.09636,-20.28281]]}},{"type":"Feature","properties":{"nombre":"Amanda Brieba","jerarquia":5},"geometry":{"type":"LineString","coordinates":[[-70.09636,-20.28281],[-70.09648,-20.28313]]}},{"type":"Feature","properties":{"nombre":"Amanda Brieba","jerarquia":5},"geometry":{"type":"LineString","coordinates":[[-70.09648,-20.28313],[-70.09664,-20.28356]]}},{"type":"Feature","properties":{"nombre":"Amanda Brieba","jerarquia":5},"geometry":{"type":"LineString","coordinates":[[-70.09664,-20.28356],[-70.09684,-20.2841]]}},{"type":"Feature","properties":{"nombre":"Amanda Brieba","jerarquia":5},"geometry":{"type":"LineString","coordinates":[[-70.09684,-20.2841],[-70.09697,-20.28445]]}},{"type":"Feature","properties":{"nombre":"Amanda Brieba","jerarquia":5},"geometry":{"type":"LineString","coordinates":[[-70.09697,-20.28445],[-70.09701,-20.28456]]}},{"type":"Feature","properties":{"nombre":"","jerarquia":1},"geometry":{"type":"LineString","coordinates":[[-70.07616,-20.26088],[-70.0762,-20.261],[-70.07617,-20.26109],[-70.07593,-20.26114]]}},{"type":"Feature","properties":{"nombre":"","jerarquia":1},"geometry":{"type":"LineString","coordinates":[[-70.07372,-20.26046],[-70.07359,-20.26038],[-70.07354,-20.26027],[-70.07357,-20.26016],[-70.07368,-20.26006]]}},{"type":"Feature","properties":{"nombre":"","jerarquia":1},"geometry":{"type":"LineString","coordinates":[[-70.08147,-20.26559],[-70.08136,-20.26537],[-70.0814,-20.26528],[-70.08152,-20.2652]]}},{"type":"Feature","properties":{"nombre":"","jerarquia":1},"geometry":{"type":"LineString","coordinates":[[-70.08272,-20.26566],[-70.0827,-20.26584],[-70.08255,-20.26593]]}},{"type":"Feature","properties":{"nombre":"Oriente","jerarquia":5},"geometry":{"type":"LineString","coordinates":[[-70.09178,-20.26879],[-70.09183,-20.26871]]}},{"type":"Feature","properties":{"nombre":"Oriente","jerarquia":5},"geometry":{"type":"LineString","coordinates":[[-70.09183,-20.26871],[-70.09281,-20.2667],[-70.09417,-20.26435],[-70.09467,-20.26368],[-70.09609,-20.26209]]}},{"type":"Feature","properties":{"nombre":"Calle Local","jerarquia":5},"geometry":{"type":"LineString","coordinates":[[-70.07491,-20.2607],[-70.07481,-20.26085],[-70.07466,-20.26091],[-70.07398,-20.26073],[-70.07329,-20.26064],[-70.07257,-20.26066],[-70.07189,-20.26076]]}},{"type":"Feature","properties":{"nombre":"Calle Local","jerarquia":5},"geometry":{"type":"LineString","coordinates":[[-70.07189,-20.26076],[-70.06988,-20.26115]]}},{"type":"Feature","properties":{"nombre":"Calle Local","jerarquia":5},"geometry":{"type":"LineString","coordinates":[[-70.06988,-20.26115],[-70.06701,-20.26169]]}},{"type":"Feature","properties":{"nombre":"Calle Local","jerarquia":5},"geometry":{"type":"LineString","coordinates":[[-70.06701,-20.26169],[-70.05809,-20.26335]]}},{"type":"Feature","properties":{"nombre":"Avenida Francisco Bilbao","jerarquia":4},"geometry":{"type":"LineString","coordinates":[[-70.12702,-20.26543],[-70.12601,-20.2673],[-70.12586,-20.26778],[-70.12579,-20.2684]]}},{"type":"Feature","properties":{"nombre":"Avenida Francisco Bilbao","jerarquia":4},"geometry":{"type":"LineString","coordinates":[[-70.12579,-20.2684],[-70.12579,-20.26854]]}},{"type":"Feature","properties":{"nombre":"Avenida Francisco Bilbao","jerarquia":4},"geometry":{"type":"LineString","coordinates":[[-70.12579,-20.26854],[-70.12581,-20.26877]]}},{"type":"Feature","properties":{"nombre":"Avenida Francisco Bilbao","jerarquia":4},"geometry":{"type":"LineString","coordinates":[[-70.12581,-20.26877],[-70.12586,-20.26918]]}},{"type":"Feature","properties":{"nombre":"Avenida Arturo Prat Chacón","jerarquia":5},"geometry":{"type":"LineString","coordinates":[[-70.14292,-20.20591],[-70.14198,-20.20491]]}},{"type":"Feature","properties":{"nombre":"Luis Jaspard","jerarquia":5},"geometry":{"type":"LineString","coordinates":[[-70.13632,-20.21098],[-70.13574,-20.21085]]}},{"type":"Feature","properties":{"nombre":"Luis Jaspard","jerarquia":5},"geometry":{"type":"LineString","coordinates":[[-70.13574,-20.21085],[-70.13497,-20.21068]]}},{"type":"Feature","properties":{"nombre":"Luis Jaspard","jerarquia":5},"geometry":{"type":"LineString","coordinates":[[-70.13497,-20.21068],[-70.13453,-20.21058]]}},{"type":"Feature","properties":{"nombre":"Luis Jaspard","jerarquia":5},"geometry":{"type":"LineString","coordinates":[[-70.13453,-20.21058],[-70.13398,-20.21046]]}},{"type":"Feature","properties":{"nombre":"Luis Jaspard","jerarquia":5},"geometry":{"type":"LineString","coordinates":[[-70.13398,-20.21046],[-70.13365,-20.21039]]}},{"type":"Feature","properties":{"nombre":"Luis Jaspard","jerarquia":5},"geometry":{"type":"LineString","coordinates":[[-70.13365,-20.21039],[-70.13299,-20.21026]]}},{"type":"Feature","properties":{"nombre":"Luis Jaspard","jerarquia":5},"geometry":{"type":"LineString","coordinates":[[-70.13299,-20.21026],[-70.13203,-20.21021]]}},{"type":"Feature","properties":{"nombre":"Luis Jaspard","jerarquia":5},"geometry":{"type":"LineString","coordinates":[[-70.13203,-20.21021],[-70.13138,-20.21013],[-70.13115,-20.21004]]}},{"type":"Feature","properties":{"nombre":"Luis Jaspard","jerarquia":5},"geometry":{"type":"LineString","coordinates":[[-70.13115,-20.21004],[-70.13111,-20.21001]]}},{"type":"Feature","properties":{"nombre":"Luis Jaspard","jerarquia":5},"geometry":{"type":"LineString","coordinates":[[-70.13111,-20.21001],[-70.13078,-20.20976]]}},{"type":"Feature","properties":{"nombre":"Luis Jaspard","jerarquia":5},"geometry":{"type":"LineString","coordinates":[[-70.13078,-20.20976],[-70.13055,-20.20946]]}},{"type":"Feature","properties":{"nombre":"Luis Jaspard","jerarquia":5},"geometry":{"type":"LineString","coordinates":[[-70.13055,-20.20946],[-70.13046,-20.20917]]}},{"type":"Feature","properties":{"nombre":"Libertador Bernardo O'Higgins","jerarquia":3},"geometry":{"type":"LineString","coordinates":[[-70.14427,-20.2188],[-70.14536,-20.21873]]}},{"type":"Feature","properties":{"nombre":"Libertador Bernardo O'Higgins","jerarquia":3},"geometry":{"type":"LineString","coordinates":[[-70.14536,-20.21873],[-70.14664,-20.21866]]}},{"type":"Feature","properties":{"nombre":"Libertador Bernardo O'Higgins","jerarquia":3},"geometry":{"type":"LineString","coordinates":[[-70.14664,-20.21866],[-70.14746,-20.21861]]}},{"type":"Feature","properties":{"nombre":"Libertador Bernardo O'Higgins","jerarquia":3},"geometry":{"type":"LineString","coordinates":[[-70.14746,-20.21861],[-70.14884,-20.21853]]}},{"type":"Feature","properties":{"nombre":"Libertador Bernardo O'Higgins","jerarquia":3},"geometry":{"type":"LineString","coordinates":[[-70.14884,-20.21853],[-70.14946,-20.2185]]}},{"type":"Feature","properties":{"nombre":"Libertador Bernardo O'Higgins","jerarquia":3},"geometry":{"type":"LineString","coordinates":[[-70.14946,-20.2185],[-70.15038,-20.21845]]}},{"type":"Feature","properties":{"nombre":"Libertador Bernardo O'Higgins","jerarquia":3},"geometry":{"type":"LineString","coordinates":[[-70.15038,-20.21845],[-70.15152,-20.21838]]}},{"type":"Feature","properties":{"nombre":"Libertador Bernardo O'Higgins","jerarquia":3},"geometry":{"type":"LineString","coordinates":[[-70.15152,-20.21838],[-70.15199,-20.21835]]}},{"type":"Feature","properties":{"nombre":"Libertador Bernardo O'Higgins","jerarquia":3},"geometry":{"type":"LineString","coordinates":[[-70.15199,-20.21835],[-70.1528,-20.21831]]}},{"type":"Feature","properties":{"nombre":"Libertador Bernardo O'Higgins","jerarquia":3},"geometry":{"type":"LineString","coordinates":[[-70.1528,-20.21831],[-70.15292,-20.2183]]}},{"type":"Feature","properties":{"nombre":"Libertador Bernardo O'Higgins","jerarquia":3},"geometry":{"type":"LineString","coordinates":[[-70.15292,-20.2183],[-70.15433,-20.21822]]}},{"type":"Feature","properties":{"nombre":"Libertador Bernardo O'Higgins","jerarquia":3},"geometry":{"type":"LineString","coordinates":[[-70.15433,-20.21822],[-70.15467,-20.2182]]}},{"type":"Feature","properties":{"nombre":"Libertador Bernardo O'Higgins","jerarquia":3},"geometry":{"type":"LineString","coordinates":[[-70.15467,-20.2182],[-70.15509,-20.21818]]}},{"type":"Feature","properties":{"nombre":"Libertador Bernardo O'Higgins","jerarquia":3},"geometry":{"type":"LineString","coordinates":[[-70.15509,-20.21818],[-70.15515,-20.21817]]}},{"type":"Feature","properties":{"nombre":"Manuel Bulnes","jerarquia":3},"geometry":{"type":"LineString","coordinates":[[-70.15295,-20.2192],[-70.15221,-20.21925]]}},{"type":"Feature","properties":{"nombre":"Manuel Bulnes","jerarquia":3},"geometry":{"type":"LineString","coordinates":[[-70.15221,-20.21925],[-70.15154,-20.21928]]}},{"type":"Feature","properties":{"nombre":"Manuel Bulnes","jerarquia":3},"geometry":{"type":"LineString","coordinates":[[-70.15154,-20.21928],[-70.15042,-20.21935]]}},{"type":"Feature","properties":{"nombre":"Manuel Bulnes","jerarquia":3},"geometry":{"type":"LineString","coordinates":[[-70.15042,-20.21935],[-70.1495,-20.2194]]}},{"type":"Feature","properties":{"nombre":"Manuel Bulnes","jerarquia":3},"geometry":{"type":"LineString","coordinates":[[-70.1495,-20.2194],[-70.14892,-20.21943]]}},{"type":"Feature","properties":{"nombre":"Manuel Bulnes","jerarquia":3},"geometry":{"type":"LineString","coordinates":[[-70.14892,-20.21943],[-70.14751,-20.21951]]}},{"type":"Feature","properties":{"nombre":"Manuel Bulnes","jerarquia":3},"geometry":{"type":"LineString","coordinates":[[-70.14751,-20.21951],[-70.14668,-20.21956]]}},{"type":"Feature","properties":{"nombre":"Manuel Bulnes","jerarquia":3},"geometry":{"type":"LineString","coordinates":[[-70.14668,-20.21956],[-70.14544,-20.21962]]}},{"type":"Feature","properties":{"nombre":"Manuel Bulnes","jerarquia":3},"geometry":{"type":"LineString","coordinates":[[-70.14544,-20.21962],[-70.14431,-20.21969]]}},{"type":"Feature","properties":{"nombre":"Manuel Bulnes","jerarquia":3},"geometry":{"type":"LineString","coordinates":[[-70.14431,-20.21969],[-70.14372,-20.21972]]}},{"type":"Feature","properties":{"nombre":"Manuel Bulnes","jerarquia":3},"geometry":{"type":"LineString","coordinates":[[-70.14372,-20.21972],[-70.14313,-20.21975]]}},{"type":"Feature","properties":{"nombre":"Manuel Bulnes","jerarquia":3},"geometry":{"type":"LineString","coordinates":[[-70.14313,-20.21975],[-70.14209,-20.21981]]}},{"type":"Feature","properties":{"nombre":"Manuel Bulnes","jerarquia":3},"geometry":{"type":"LineString","coordinates":[[-70.14209,-20.21981],[-70.14142,-20.21985]]}},{"type":"Feature","properties":{"nombre":"Manuel Bulnes","jerarquia":3},"geometry":{"type":"LineString","coordinates":[[-70.14142,-20.21985],[-70.14039,-20.21991]]}},{"type":"Feature","properties":{"nombre":"Manuel Bulnes","jerarquia":3},"geometry":{"type":"LineString","coordinates":[[-70.14039,-20.21991],[-70.13939,-20.21996]]}},{"type":"Feature","properties":{"nombre":"Manuel Bulnes","jerarquia":3},"geometry":{"type":"LineString","coordinates":[[-70.13939,-20.21996],[-70.13866,-20.22]]}},{"type":"Feature","properties":{"nombre":"Manuel Bulnes","jerarquia":3},"geometry":{"type":"LineString","coordinates":[[-70.13866,-20.22],[-70.13758,-20.22007]]}},{"type":"Feature","properties":{"nombre":"Manuel Bulnes","jerarquia":3},"geometry":{"type":"LineString","coordinates":[[-70.13758,-20.22007],[-70.13723,-20.22008]]}},{"type":"Feature","properties":{"nombre":"Manuel Bulnes","jerarquia":3},"geometry":{"type":"LineString","coordinates":[[-70.13723,-20.22008],[-70.13639,-20.22013]]}},{"type":"Feature","properties":{"nombre":"Libertador Bernardo O'Higgins","jerarquia":3},"geometry":{"type":"LineString","coordinates":[[-70.13476,-20.22022],[-70.1343,-20.21967],[-70.13401,-20.21953],[-70.13373,-20.2195]]}},{"type":"Feature","properties":{"nombre":"Avenida La Tirana","jerarquia":2},"geometry":{"type":"LineString","coordinates":[[-70.12825,-20.23394],[-70.12822,-20.23366]]}},{"type":"Feature","properties":{"nombre":"Avenida La Tirana","jerarquia":2},"geometry":{"type":"LineString","coordinates":[[-70.12822,-20.23366],[-70.1282,-20.23352]]}},{"type":"Feature","properties":{"nombre":"Avenida La Tirana","jerarquia":2},"geometry":{"type":"LineString","coordinates":[[-70.1282,-20.23352],[-70.12816,-20.23322]]}},{"type":"Feature","properties":{"nombre":"Avenida La Tirana","jerarquia":2},"geometry":{"type":"LineString","coordinates":[[-70.12816,-20.23322],[-70.12809,-20.23238],[-70.12847,-20.23092]]}},{"type":"Feature","properties":{"nombre":"Avenida La Tirana","jerarquia":2},"geometry":{"type":"LineString","coordinates":[[-70.12847,-20.23092],[-70.12899,-20.22978]]}},{"type":"Feature","properties":{"nombre":"Avenida La Tirana","jerarquia":2},"geometry":{"type":"LineString","coordinates":[[-70.12899,-20.22978],[-70.12943,-20.22846]]}},{"type":"Feature","properties":{"nombre":"Dos Oriente","jerarquia":5},"geometry":{"type":"LineString","coordinates":[[-70.1243,-20.28024],[-70.12432,-20.27731],[-70.12425,-20.27565]]}},{"type":"Feature","properties":{"nombre":"Ruta 16","jerarquia":1},"geometry":{"type":"LineString","coordinates":[[-70.11564,-20.25143],[-70.11538,-20.25164],[-70.11517,-20.25192]]}},{"type":"Feature","properties":{"nombre":"Avenida Arturo Prat Chacón","jerarquia":3},"geometry":{"type":"LineString","coordinates":[[-70.15519,-20.21852],[-70.15506,-20.2188],[-70.15468,-20.21927]]}},{"type":"Feature","properties":{"nombre":"Avenida Arturo Prat Chacón","jerarquia":3},"geometry":{"type":"LineString","coordinates":[[-70.15468,-20.21927],[-70.15397,-20.22029]]}},{"type":"Feature","properties":{"nombre":"Avenida Arturo Prat Chacón","jerarquia":3},"geometry":{"type":"LineString","coordinates":[[-70.15397,-20.22029],[-70.15354,-20.221],[-70.15323,-20.22138]]}},{"type":"Feature","properties":{"nombre":"Avenida Arturo Prat Chacón","jerarquia":3},"geometry":{"type":"LineString","coordinates":[[-70.15323,-20.22138],[-70.15311,-20.22157],[-70.15296,-20.2221],[-70.15284,-20.22229],[-70.15183,-20.22292],[-70.15044,-20.22452]]}},{"type":"Feature","properties":{"nombre":"Avenida Arturo Prat Chacón","jerarquia":3},"geometry":{"type":"LineString","coordinates":[[-70.15044,-20.22452],[-70.14999,-20.22503]]}},{"type":"Feature","properties":{"nombre":"Avenida Arturo Prat Chacón","jerarquia":3},"geometry":{"type":"LineString","coordinates":[[-70.14999,-20.22503],[-70.14974,-20.22531]]}},{"type":"Feature","properties":{"nombre":"Avenida Arturo Prat Chacón","jerarquia":3},"geometry":{"type":"LineString","coordinates":[[-70.14974,-20.22531],[-70.14879,-20.2264]]}},{"type":"Feature","properties":{"nombre":"Avenida Arturo Prat Chacón","jerarquia":3},"geometry":{"type":"LineString","coordinates":[[-70.14879,-20.2264],[-70.14839,-20.22691],[-70.14708,-20.22903]]}},{"type":"Feature","properties":{"nombre":"Avenida Presidente Ricardo Lagos","jerarquia":5},"geometry":{"type":"LineString","coordinates":[[-70.07841,-20.28],[-70.07893,-20.28009]]}},{"type":"Feature","properties":{"nombre":"Avenida Presidente Ricardo Lagos","jerarquia":5},"geometry":{"type":"LineString","coordinates":[[-70.07893,-20.28009],[-70.07936,-20.28017]]}},{"type":"Feature","properties":{"nombre":"Avenida Presidente Ricardo Lagos","jerarquia":5},"geometry":{"type":"LineString","coordinates":[[-70.07936,-20.28017],[-70.07991,-20.28027]]}},{"type":"Feature","properties":{"nombre":"Avenida Presidente Ricardo Lagos","jerarquia":5},"geometry":{"type":"LineString","coordinates":[[-70.07991,-20.28027],[-70.08044,-20.28036]]}},{"type":"Feature","properties":{"nombre":"Avenida Presidente Ricardo Lagos","jerarquia":5},"geometry":{"type":"LineString","coordinates":[[-70.08044,-20.28036],[-70.08157,-20.28056]]}},{"type":"Feature","properties":{"nombre":"Avenida Presidente Ricardo Lagos","jerarquia":5},"geometry":{"type":"LineString","coordinates":[[-70.08157,-20.28056],[-70.08235,-20.28071]]}},{"type":"Feature","properties":{"nombre":"Avenida Presidente Ricardo Lagos","jerarquia":5},"geometry":{"type":"LineString","coordinates":[[-70.08235,-20.28071],[-70.08269,-20.28083]]}},{"type":"Feature","properties":{"nombre":"Avenida Presidente Ricardo Lagos","jerarquia":5},"geometry":{"type":"LineString","coordinates":[[-70.08269,-20.28083],[-70.08375,-20.28122]]}},{"type":"Feature","properties":{"nombre":"Avenida Presidente Ricardo Lagos","jerarquia":5},"geometry":{"type":"LineString","coordinates":[[-70.08375,-20.28122],[-70.08477,-20.28161]]}},{"type":"Feature","properties":{"nombre":"Avenida Presidente Ricardo Lagos","jerarquia":5},"geometry":{"type":"LineString","coordinates":[[-70.08477,-20.28161],[-70.08678,-20.28263]]}},{"type":"Feature","properties":{"nombre":"Avenida Presidente Ricardo Lagos","jerarquia":5},"geometry":{"type":"LineString","coordinates":[[-70.08678,-20.28263],[-70.08747,-20.283]]}},{"type":"Feature","properties":{"nombre":"Las Cabras","jerarquia":3},"geometry":{"type":"LineString","coordinates":[[-70.14081,-20.20831],[-70.13981,-20.20828]]}},{"type":"Feature","properties":{"nombre":"Las Cabras","jerarquia":3},"geometry":{"type":"LineString","coordinates":[[-70.13981,-20.20828],[-70.13947,-20.20832],[-70.13888,-20.20852]]}},{"type":"Feature","properties":{"nombre":"Las Cabras","jerarquia":3},"geometry":{"type":"LineString","coordinates":[[-70.13888,-20.20852],[-70.13881,-20.20854]]}},{"type":"Feature","properties":{"nombre":"Las Cabras","jerarquia":3},"geometry":{"type":"LineString","coordinates":[[-70.13881,-20.20854],[-70.13691,-20.20925],[-70.13659,-20.20934],[-70.13368,-20.20963],[-70.13242,-20.20961],[-70.13217,-20.20955]]}},{"type":"Feature","properties":{"nombre":"Las Cabras","jerarquia":3},"geometry":{"type":"LineString","coordinates":[[-70.13217,-20.20955],[-70.13196,-20.20944],[-70.13158,-20.20911],[-70.13128,-20.20898]]}},{"type":"Feature","properties":{"nombre":"Las Cabras","jerarquia":3},"geometry":{"type":"LineString","coordinates":[[-70.13128,-20.20898],[-70.13088,-20.20899]]}},{"type":"Feature","properties":{"nombre":"Las Cabras","jerarquia":3},"geometry":{"type":"LineString","coordinates":[[-70.13088,-20.20899],[-70.13046,-20.20917]]}},{"type":"Feature","properties":{"nombre":"Avenida Circunvalación","jerarquia":5},"geometry":{"type":"LineString","coordinates":[[-70.12998,-20.20779],[-70.13109,-20.20539]]}},{"type":"Feature","properties":{"nombre":"Avenida Circunvalación","jerarquia":5},"geometry":{"type":"LineString","coordinates":[[-70.13109,-20.20539],[-70.13125,-20.20501]]}},{"type":"Feature","properties":{"nombre":"Avenida Circunvalación","jerarquia":5},"geometry":{"type":"LineString","coordinates":[[-70.12998,-20.20779],[-70.12985,-20.20801]]}},{"type":"Feature","properties":{"nombre":"Avenida Arturo Prat Chacón","jerarquia":3},"geometry":{"type":"LineString","coordinates":[[-70.13012,-20.27621],[-70.12757,-20.28197],[-70.12746,-20.28234],[-70.12744,-20.28268],[-70.12747,-20.28301],[-70.12789,-20.285],[-70.12796,-20.28551],[-70.12799,-20.28831]]}},{"type":"Feature","properties":{"nombre":"Avenida Arturo Prat Chacón","jerarquia":3},"geometry":{"type":"LineString","coordinates":[[-70.1279,-20.28848],[-70.12787,-20.28552],[-70.12777,-20.28485],[-70.12737,-20.28291],[-70.12738,-20.28231],[-70.12747,-20.28198],[-70.13,-20.27617],[-70.13014,-20.27573],[-70.1302,-20.27527]]}},{"type":"Feature","properties":{"nombre":"Playa Brava","jerarquia":5},"geometry":{"type":"LineString","coordinates":[[-70.14343,-20.24163],[-70.14385,-20.24162]]}},{"type":"Feature","properties":{"nombre":"Playa Brava","jerarquia":5},"geometry":{"type":"LineString","coordinates":[[-70.14385,-20.24162],[-70.14394,-20.24161]]}},{"type":"Feature","properties":{"nombre":"Playa Brava","jerarquia":5},"geometry":{"type":"LineString","coordinates":[[-70.14343,-20.24163],[-70.14382,-20.24147]]}},{"type":"Feature","properties":{"nombre":"Patricio Lynch","jerarquia":5},"geometry":{"type":"LineString","coordinates":[[-70.1513,-20.21217],[-70.15114,-20.21149]]}},{"type":"Feature","properties":{"nombre":"Patricio Lynch","jerarquia":5},"geometry":{"type":"LineString","coordinates":[[-70.15114,-20.21149],[-70.15103,-20.21104]]}},{"type":"Feature","properties":{"nombre":"Patricio Lynch","jerarquia":5},"geometry":{"type":"LineString","coordinates":[[-70.15103,-20.21104],[-70.151,-20.21095]]}},{"type":"Feature","properties":{"nombre":"Patricio Lynch","jerarquia":5},"geometry":{"type":"LineString","coordinates":[[-70.151,-20.21095],[-70.15089,-20.21049]]}},{"type":"Feature","properties":{"nombre":"Patricio Lynch","jerarquia":5},"geometry":{"type":"LineString","coordinates":[[-70.15089,-20.21049],[-70.15055,-20.20898]]}},{"type":"Feature","properties":{"nombre":"Patricio Lynch","jerarquia":5},"geometry":{"type":"LineString","coordinates":[[-70.15055,-20.20898],[-70.15047,-20.20862]]}},{"type":"Feature","properties":{"nombre":"Patricio Lynch","jerarquia":5},"geometry":{"type":"LineString","coordinates":[[-70.15047,-20.20862],[-70.15045,-20.20855]]}},{"type":"Feature","properties":{"nombre":"Aníbal Pinto","jerarquia":5},"geometry":{"type":"LineString","coordinates":[[-70.15303,-20.22123],[-70.15316,-20.22133]]}},{"type":"Feature","properties":{"nombre":"Avenida Mártir Detective José Cubillos Rivera","jerarquia":5},"geometry":{"type":"LineString","coordinates":[[-70.09508,-20.29083],[-70.09378,-20.29099]]}},{"type":"Feature","properties":{"nombre":"Avenida Mártir Detective José Cubillos Rivera","jerarquia":5},"geometry":{"type":"LineString","coordinates":[[-70.09378,-20.29099],[-70.09279,-20.2911]]}},{"type":"Feature","properties":{"nombre":"Avenida Mártir Detective José Cubillos Rivera","jerarquia":5},"geometry":{"type":"LineString","coordinates":[[-70.09279,-20.2911],[-70.09203,-20.29119]]}},{"type":"Feature","properties":{"nombre":"Avenida Mártir Detective José Cubillos Rivera","jerarquia":5},"geometry":{"type":"LineString","coordinates":[[-70.10129,-20.28875],[-70.10221,-20.2882],[-70.10264,-20.28805]]}},{"type":"Feature","properties":{"nombre":"Avenida Mártir Detective José Cubillos Rivera","jerarquia":5},"geometry":{"type":"LineString","coordinates":[[-70.10264,-20.28805],[-70.10313,-20.28789]]}},{"type":"Feature","properties":{"nombre":"Avenida Mártir Detective José Cubillos Rivera","jerarquia":5},"geometry":{"type":"LineString","coordinates":[[-70.10313,-20.28789],[-70.10324,-20.28785]]}},{"type":"Feature","properties":{"nombre":"Volcan Parinacota","jerarquia":5},"geometry":{"type":"LineString","coordinates":[[-70.09114,-20.28935],[-70.09131,-20.28972]]}},{"type":"Feature","properties":{"nombre":"Volcan Parinacota","jerarquia":5},"geometry":{"type":"LineString","coordinates":[[-70.09131,-20.28972],[-70.09134,-20.28981]]}},{"type":"Feature","properties":{"nombre":"Volcan Parinacota","jerarquia":5},"geometry":{"type":"LineString","coordinates":[[-70.09134,-20.28981],[-70.09158,-20.29027]]}},{"type":"Feature","properties":{"nombre":"Volcan Parinacota","jerarquia":5},"geometry":{"type":"LineString","coordinates":[[-70.09158,-20.29027],[-70.09162,-20.29035]]}},{"type":"Feature","properties":{"nombre":"Volcan Parinacota","jerarquia":5},"geometry":{"type":"LineString","coordinates":[[-70.09162,-20.29035],[-70.09177,-20.29067]]}},{"type":"Feature","properties":{"nombre":"Volcan Parinacota","jerarquia":5},"geometry":{"type":"LineString","coordinates":[[-70.09177,-20.29067],[-70.09183,-20.29077]]}},{"type":"Feature","properties":{"nombre":"Volcan Parinacota","jerarquia":5},"geometry":{"type":"LineString","coordinates":[[-70.09183,-20.29077],[-70.09198,-20.29111]]}},{"type":"Feature","properties":{"nombre":"Volcan Parinacota","jerarquia":5},"geometry":{"type":"LineString","coordinates":[[-70.09198,-20.29111],[-70.09203,-20.29119]]}},{"type":"Feature","properties":{"nombre":"Ruta 16","jerarquia":1},"geometry":{"type":"LineString","coordinates":[[-70.11517,-20.25192],[-70.11504,-20.25237],[-70.11509,-20.25311],[-70.11506,-20.25344],[-70.11424,-20.25584],[-70.11424,-20.25621],[-70.11447,-20.25723],[-70.11442,-20.25785],[-70.11405,-20.25904],[-70.1135,-20.26013],[-70.11333,-20.26064],[-70.11327,-20.26115],[-70.11339,-20.26203],[-70.11335,-20.26241],[-70.11319,-20.26275],[-70.11274,-20.26337],[-70.11262,-20.26364],[-70.11256,-20.26391],[-70.11267,-20.26525],[-70.11265,-20.26597],[-70.11228,-20.26965],[-70.11222,-20.26987],[-70.11219,-20.27055],[-70.11227,-20.27164],[-70.11254,-20.27274],[-70.11257,-20.27311],[-70.1125,-20.27363],[-70.1123,-20.27433],[-70.11176,-20.27586],[-70.11125,-20.27693],[-70.11091,-20.27744],[-70.11017,-20.27824],[-70.10951,-20.27911],[-70.10892,-20.28007],[-70.10848,-20.28096],[-70.10798,-20.28237],[-70.10738,-20.28453],[-70.10726,-20.28526],[-70.10715,-20.28551],[-70.10684,-20.28581],[-70.10644,-20.28599],[-70.10595,-20.28602],[-70.10558,-20.28591],[-70.10525,-20.28567],[-70.10505,-20.28535],[-70.10497,-20.28495],[-70.10507,-20.28454]]}},{"type":"Feature","properties":{"nombre":"Avenida Mártir Detective José Cubillos Rivera","jerarquia":5},"geometry":{"type":"LineString","coordinates":[[-70.09198,-20.29111],[-70.09278,-20.29101]]}},{"type":"Feature","properties":{"nombre":"Avenida Mártir Detective José Cubillos Rivera","jerarquia":5},"geometry":{"type":"LineString","coordinates":[[-70.09278,-20.29101],[-70.09499,-20.29074],[-70.09508,-20.29083]]}},{"type":"Feature","properties":{"nombre":"Las Rosas","jerarquia":5},"geometry":{"type":"LineString","coordinates":[[-70.13495,-20.23842],[-70.13513,-20.23844]]}},{"type":"Feature","properties":{"nombre":"Las Rosas","jerarquia":5},"geometry":{"type":"LineString","coordinates":[[-70.13513,-20.23844],[-70.1355,-20.23852]]}},{"type":"Feature","properties":{"nombre":"Las Rosas","jerarquia":5},"geometry":{"type":"LineString","coordinates":[[-70.1355,-20.23852],[-70.1358,-20.23853],[-70.13617,-20.23842]]}},{"type":"Feature","properties":{"nombre":"El Tamarugal","jerarquia":5},"geometry":{"type":"LineString","coordinates":[[-70.12648,-20.24108],[-70.12653,-20.24015]]}},{"type":"Feature","properties":{"nombre":"El Tamarugal","jerarquia":5},"geometry":{"type":"LineString","coordinates":[[-70.12653,-20.24015],[-70.12657,-20.23972],[-70.1268,-20.23898]]}},{"type":"Feature","properties":{"nombre":"El Tamarugal","jerarquia":5},"geometry":{"type":"LineString","coordinates":[[-70.1268,-20.23898],[-70.12715,-20.23796]]}},{"type":"Feature","properties":{"nombre":"Dos Oriente","jerarquia":5},"geometry":{"type":"LineString","coordinates":[[-70.12425,-20.27555],[-70.12416,-20.27439]]}},{"type":"Feature","properties":{"nombre":"Avenida La Tirana","jerarquia":2},"geometry":{"type":"LineString","coordinates":[[-70.12693,-20.27634],[-70.12682,-20.27553]]}},{"type":"Feature","properties":{"nombre":"Avenida La Tirana","jerarquia":2},"geometry":{"type":"LineString","coordinates":[[-70.12701,-20.28475],[-70.12711,-20.28561],[-70.12767,-20.28829]]}},{"type":"Feature","properties":{"nombre":"Los Algarrobos","jerarquia":5},"geometry":{"type":"LineString","coordinates":[[-70.12416,-20.27439],[-70.12414,-20.27426]]}},{"type":"Feature","properties":{"nombre":"Los Algarrobos","jerarquia":5},"geometry":{"type":"LineString","coordinates":[[-70.12414,-20.27426],[-70.12385,-20.27156]]}},{"type":"Feature","properties":{"nombre":"Los Algarrobos","jerarquia":5},"geometry":{"type":"LineString","coordinates":[[-70.12385,-20.27156],[-70.12359,-20.26981]]}},{"type":"Feature","properties":{"nombre":"Los Algarrobos","jerarquia":5},"geometry":{"type":"LineString","coordinates":[[-70.12359,-20.26981],[-70.12355,-20.26946]]}},{"type":"Feature","properties":{"nombre":"Los Algarrobos","jerarquia":5},"geometry":{"type":"LineString","coordinates":[[-70.12355,-20.26946],[-70.12351,-20.26877]]}},{"type":"Feature","properties":{"nombre":"Los Algarrobos","jerarquia":5},"geometry":{"type":"LineString","coordinates":[[-70.12351,-20.26877],[-70.12352,-20.26868]]}},{"type":"Feature","properties":{"nombre":"Avenida Salvador Allende Gossens","jerarquia":4},"geometry":{"type":"LineString","coordinates":[[-70.13446,-20.21441],[-70.13457,-20.21583]]}},{"type":"Feature","properties":{"nombre":"Avenida Salvador Allende Gossens","jerarquia":4},"geometry":{"type":"LineString","coordinates":[[-70.13457,-20.21583],[-70.13463,-20.21652]]}},{"type":"Feature","properties":{"nombre":"Avenida Salvador Allende Gossens","jerarquia":4},"geometry":{"type":"LineString","coordinates":[[-70.13463,-20.21652],[-70.13468,-20.2171]]}},{"type":"Feature","properties":{"nombre":"Avenida Salvador Allende Gossens","jerarquia":4},"geometry":{"type":"LineString","coordinates":[[-70.13468,-20.2171],[-70.13473,-20.21767]]}},{"type":"Feature","properties":{"nombre":"Avenida Salvador Allende Gossens","jerarquia":4},"geometry":{"type":"LineString","coordinates":[[-70.13473,-20.21767],[-70.13477,-20.21822]]}},{"type":"Feature","properties":{"nombre":"Avenida Salvador Allende Gossens","jerarquia":4},"geometry":{"type":"LineString","coordinates":[[-70.13477,-20.21822],[-70.13483,-20.21921]]}},{"type":"Feature","properties":{"nombre":"Avenida Salvador Allende Gossens","jerarquia":4},"geometry":{"type":"LineString","coordinates":[[-70.13483,-20.21921],[-70.13483,-20.21931]]}},{"type":"Feature","properties":{"nombre":"Avenida Salvador Allende Gossens","jerarquia":4},"geometry":{"type":"LineString","coordinates":[[-70.13508,-20.223],[-70.13516,-20.22394]]}},{"type":"Feature","properties":{"nombre":"Avenida Salvador Allende Gossens","jerarquia":4},"geometry":{"type":"LineString","coordinates":[[-70.13516,-20.22394],[-70.13524,-20.22493]]}},{"type":"Feature","properties":{"nombre":"Avenida Salvador Allende Gossens","jerarquia":4},"geometry":{"type":"LineString","coordinates":[[-70.13524,-20.22493],[-70.13524,-20.22496]]}},{"type":"Feature","properties":{"nombre":"Avenida Salvador Allende Gossens","jerarquia":4},"geometry":{"type":"LineString","coordinates":[[-70.13679,-20.23435],[-70.13696,-20.2348],[-70.13697,-20.23505],[-70.13691,-20.23531],[-70.13677,-20.23558],[-70.13602,-20.23648]]}},{"type":"Feature","properties":{"nombre":"Avenida Circunvalación","jerarquia":3},"geometry":{"type":"LineString","coordinates":[[-70.13106,-20.21352],[-70.13092,-20.21328],[-70.13072,-20.21306],[-70.12993,-20.21266],[-70.12965,-20.2124],[-70.12943,-20.21201],[-70.12938,-20.21173],[-70.1294,-20.21151]]}},{"type":"Feature","properties":{"nombre":"Céspedes y González","jerarquia":5},"geometry":{"type":"LineString","coordinates":[[-70.13654,-20.22493],[-70.13602,-20.22496]]}},{"type":"Feature","properties":{"nombre":"Céspedes y González","jerarquia":5},"geometry":{"type":"LineString","coordinates":[[-70.13602,-20.22496],[-70.13555,-20.225]]}},{"type":"Feature","properties":{"nombre":"Céspedes y González","jerarquia":5},"geometry":{"type":"LineString","coordinates":[[-70.13555,-20.225],[-70.13532,-20.22501]]}},{"type":"Feature","properties":{"nombre":"Céspedes y González","jerarquia":5},"geometry":{"type":"LineString","coordinates":[[-70.13532,-20.22501],[-70.13524,-20.22502]]}},{"type":"Feature","properties":{"nombre":"Avenida Salvador Allende Gossens","jerarquia":4},"geometry":{"type":"LineString","coordinates":[[-70.13462,-20.21744],[-70.1346,-20.21706]]}},{"type":"Feature","properties":{"nombre":"Avenida Salvador Allende Gossens","jerarquia":4},"geometry":{"type":"LineString","coordinates":[[-70.1346,-20.21706],[-70.13455,-20.21652]]}},{"type":"Feature","properties":{"nombre":"Avenida Salvador Allende Gossens","jerarquia":4},"geometry":{"type":"LineString","coordinates":[[-70.13455,-20.21652],[-70.13449,-20.21583]]}},{"type":"Feature","properties":{"nombre":"Avenida Salvador Allende Gossens","jerarquia":4},"geometry":{"type":"LineString","coordinates":[[-70.13449,-20.21583],[-70.13443,-20.2149]]}},{"type":"Feature","properties":{"nombre":"Avenida Salvador Allende Gossens","jerarquia":4},"geometry":{"type":"LineString","coordinates":[[-70.13443,-20.2149],[-70.13439,-20.21441]]}},{"type":"Feature","properties":{"nombre":"Avenida Salvador Allende Gossens","jerarquia":4},"geometry":{"type":"LineString","coordinates":[[-70.13439,-20.21441],[-70.13431,-20.21361],[-70.13425,-20.21346]]}},{"type":"Feature","properties":{"nombre":"Avenida Salvador Allende Gossens","jerarquia":4},"geometry":{"type":"LineString","coordinates":[[-70.13425,-20.21346],[-70.13422,-20.21341]]}},{"type":"Feature","properties":{"nombre":"Avenida Circunvalación","jerarquia":3},"geometry":{"type":"LineString","coordinates":[[-70.13194,-20.22],[-70.13188,-20.22035],[-70.13201,-20.22057]]}},{"type":"Feature","properties":{"nombre":"Avenida Salvador Allende Gossens","jerarquia":4},"geometry":{"type":"LineString","coordinates":[[-70.13516,-20.22502],[-70.13508,-20.22399]]}},{"type":"Feature","properties":{"nombre":"Avenida Salvador Allende Gossens","jerarquia":4},"geometry":{"type":"LineString","coordinates":[[-70.13508,-20.22399],[-70.13501,-20.22308]]}},{"type":"Feature","properties":{"nombre":"Avenida Salvador Allende Gossens","jerarquia":4},"geometry":{"type":"LineString","coordinates":[[-70.13501,-20.22308],[-70.13501,-20.22301]]}},{"type":"Feature","properties":{"nombre":"Playa Brava","jerarquia":3},"geometry":{"type":"LineString","coordinates":[[-70.13441,-20.2552],[-70.13468,-20.2545]]}},{"type":"Feature","properties":{"nombre":"Playa Brava","jerarquia":5},"geometry":{"type":"LineString","coordinates":[[-70.13383,-20.2555],[-70.13402,-20.25549],[-70.13415,-20.25541],[-70.13468,-20.2545]]}},{"type":"Feature","properties":{"nombre":"Juan Martínez","jerarquia":4},"geometry":{"type":"LineString","coordinates":[[-70.14619,-20.22944],[-70.14619,-20.22926]]}},{"type":"Feature","properties":{"nombre":"Juan Martínez","jerarquia":4},"geometry":{"type":"LineString","coordinates":[[-70.14619,-20.22926],[-70.14624,-20.22864],[-70.14615,-20.22851]]}},{"type":"Feature","properties":{"nombre":"Avenida Las Américas","jerarquia":3},"geometry":{"type":"LineString","coordinates":[[-70.10693,-20.29771],[-70.1068,-20.29736]]}},{"type":"Feature","properties":{"nombre":"Avenida Las Américas","jerarquia":3},"geometry":{"type":"LineString","coordinates":[[-70.1068,-20.29736],[-70.10653,-20.29662]]}},{"type":"Feature","properties":{"nombre":"Avenida Las Américas","jerarquia":3},"geometry":{"type":"LineString","coordinates":[[-70.10653,-20.29662],[-70.10619,-20.29574]]}},{"type":"Feature","properties":{"nombre":"Avenida Las Américas","jerarquia":3},"geometry":{"type":"LineString","coordinates":[[-70.10619,-20.29574],[-70.10582,-20.29476]]}},{"type":"Feature","properties":{"nombre":"Avenida Las Américas","jerarquia":3},"geometry":{"type":"LineString","coordinates":[[-70.10582,-20.29476],[-70.10543,-20.29371]]}},{"type":"Feature","properties":{"nombre":"Avenida Las Américas","jerarquia":3},"geometry":{"type":"LineString","coordinates":[[-70.10543,-20.29371],[-70.10527,-20.29327]]}},{"type":"Feature","properties":{"nombre":"Avenida Las Américas","jerarquia":3},"geometry":{"type":"LineString","coordinates":[[-70.10527,-20.29327],[-70.10521,-20.29312]]}},{"type":"Feature","properties":{"nombre":"Avenida Las Américas","jerarquia":3},"geometry":{"type":"LineString","coordinates":[[-70.10521,-20.29312],[-70.10496,-20.29244]]}},{"type":"Feature","properties":{"nombre":"Avenida Las Américas","jerarquia":3},"geometry":{"type":"LineString","coordinates":[[-70.10496,-20.29244],[-70.10478,-20.29196]]}},{"type":"Feature","properties":{"nombre":"Avenida Unión Europea","jerarquia":5},"geometry":{"type":"LineString","coordinates":[[-70.10106,-20.29515],[-70.10168,-20.29542]]}},{"type":"Feature","properties":{"nombre":"Avenida Unión Europea","jerarquia":5},"geometry":{"type":"LineString","coordinates":[[-70.10168,-20.29542],[-70.10221,-20.29566]]}},{"type":"Feature","properties":{"nombre":"Avenida Unión Europea","jerarquia":5},"geometry":{"type":"LineString","coordinates":[[-70.10221,-20.29566],[-70.10285,-20.29595]]}},{"type":"Feature","properties":{"nombre":"Avenida Unión Europea","jerarquia":5},"geometry":{"type":"LineString","coordinates":[[-70.10285,-20.29595],[-70.10307,-20.29605]]}},{"type":"Feature","properties":{"nombre":"Avenida Unión Europea","jerarquia":5},"geometry":{"type":"LineString","coordinates":[[-70.10307,-20.29605],[-70.10322,-20.29612]]}},{"type":"Feature","properties":{"nombre":"Ruta 1","jerarquia":1},"geometry":{"type":"LineString","coordinates":[[-70.14314,-20.33756],[-70.14398,-20.33819],[-70.14491,-20.33868],[-70.14766,-20.33961],[-70.14899,-20.34016],[-70.14963,-20.34051],[-70.15129,-20.34159],[-70.1527,-20.34242],[-70.1569,-20.34471],[-70.15775,-20.34539],[-70.15824,-20.3459],[-70.15933,-20.34731],[-70.16117,-20.34939],[-70.16253,-20.3511]]}},{"type":"Feature","properties":{"nombre":"","jerarquia":1},"geometry":{"type":"LineString","coordinates":[[-70.08017,-20.26496],[-70.07994,-20.26487],[-70.0797,-20.26486]]}},{"type":"Feature","properties":{"nombre":"Los Álamos","jerarquia":5},"geometry":{"type":"LineString","coordinates":[[-70.10954,-20.27227],[-70.10981,-20.27229]]}},{"type":"Feature","properties":{"nombre":"Avenida La Pampa","jerarquia":5},"geometry":{"type":"LineString","coordinates":[[-70.10298,-20.27205],[-70.10325,-20.27266],[-70.10351,-20.27287]]}},{"type":"Feature","properties":{"nombre":"Avenida La Pampa","jerarquia":5},"geometry":{"type":"LineString","coordinates":[[-70.10351,-20.27287],[-70.10407,-20.27308],[-70.10583,-20.2735]]}},{"type":"Feature","properties":{"nombre":"Avenida La Pampa","jerarquia":5},"geometry":{"type":"LineString","coordinates":[[-70.10583,-20.2735],[-70.10636,-20.27369]]}},{"type":"Feature","properties":{"nombre":"Avenida La Pampa","jerarquia":5},"geometry":{"type":"LineString","coordinates":[[-70.10636,-20.27369],[-70.10673,-20.27405]]}},{"type":"Feature","properties":{"nombre":"Avenida La Pampa","jerarquia":5},"geometry":{"type":"LineString","coordinates":[[-70.10673,-20.27405],[-70.10693,-20.27449]]}},{"type":"Feature","properties":{"nombre":"Avenida La Pampa","jerarquia":5},"geometry":{"type":"LineString","coordinates":[[-70.10693,-20.27449],[-70.10706,-20.27489]]}},{"type":"Feature","properties":{"nombre":"Avenida La Pampa","jerarquia":5},"geometry":{"type":"LineString","coordinates":[[-70.10706,-20.27489],[-70.10708,-20.27496]]}},{"type":"Feature","properties":{"nombre":"Avenida La Pampa","jerarquia":5},"geometry":{"type":"LineString","coordinates":[[-70.09896,-20.27825],[-70.09904,-20.2784],[-70.09914,-20.27848],[-70.09997,-20.27864]]}},{"type":"Feature","properties":{"nombre":"Avenida La Pampa","jerarquia":5},"geometry":{"type":"LineString","coordinates":[[-70.09997,-20.27864],[-70.10029,-20.27867],[-70.10052,-20.27863]]}},{"type":"Feature","properties":{"nombre":"Avenida La Pampa","jerarquia":5},"geometry":{"type":"LineString","coordinates":[[-70.10052,-20.27863],[-70.10068,-20.2786]]}},{"type":"Feature","properties":{"nombre":"Avenida Pampa Unión","jerarquia":5},"geometry":{"type":"LineString","coordinates":[[-70.10417,-20.2759],[-70.1031,-20.2762]]}},{"type":"Feature","properties":{"nombre":"Avenida Pampa Unión","jerarquia":5},"geometry":{"type":"LineString","coordinates":[[-70.1031,-20.2762],[-70.10189,-20.27655]]}},{"type":"Feature","properties":{"nombre":"Avenida Pampa Unión","jerarquia":5},"geometry":{"type":"LineString","coordinates":[[-70.10189,-20.27655],[-70.10038,-20.27699]]}},{"type":"Feature","properties":{"nombre":"Avenida Pampa Unión","jerarquia":5},"geometry":{"type":"LineString","coordinates":[[-70.10038,-20.27699],[-70.09994,-20.27714]]}},{"type":"Feature","properties":{"nombre":"Avenida Pampa Unión","jerarquia":5},"geometry":{"type":"LineString","coordinates":[[-70.09994,-20.27714],[-70.09953,-20.2773]]}},{"type":"Feature","properties":{"nombre":"Avenida Pampa Unión","jerarquia":5},"geometry":{"type":"LineString","coordinates":[[-70.09953,-20.2773],[-70.09913,-20.27745]]}},{"type":"Feature","properties":{"nombre":"Avenida Pampa Unión","jerarquia":5},"geometry":{"type":"LineString","coordinates":[[-70.09913,-20.27745],[-70.09906,-20.27748]]}},{"type":"Feature","properties":{"nombre":"Avenida La Pampa","jerarquia":5},"geometry":{"type":"LineString","coordinates":[[-70.10156,-20.27857],[-70.10162,-20.2787],[-70.10154,-20.27884]]}},{"type":"Feature","properties":{"nombre":"Avenida Circunvalación","jerarquia":5},"geometry":{"type":"LineString","coordinates":[[-70.10972,-20.27454],[-70.10895,-20.27705],[-70.10857,-20.27773]]}},{"type":"Feature","properties":{"nombre":"Avenida Circunvalación","jerarquia":5},"geometry":{"type":"LineString","coordinates":[[-70.10857,-20.27773],[-70.10802,-20.27845],[-70.10765,-20.27885]]}},{"type":"Feature","properties":{"nombre":"Avenida Circunvalación","jerarquia":5},"geometry":{"type":"LineString","coordinates":[[-70.10765,-20.27885],[-70.10721,-20.27919],[-70.1068,-20.27944],[-70.10638,-20.27962],[-70.10552,-20.27987]]}},{"type":"Feature","properties":{"nombre":"Avenida Circunvalación","jerarquia":5},"geometry":{"type":"LineString","coordinates":[[-70.10552,-20.27987],[-70.10506,-20.27997],[-70.10436,-20.27979]]}},{"type":"Feature","properties":{"nombre":"Costa Alto Hospicio","jerarquia":5},"geometry":{"type":"LineString","coordinates":[[-70.10964,-20.27441],[-70.10975,-20.27377]]}},{"type":"Feature","properties":{"nombre":"Costa Alto Hospicio","jerarquia":5},"geometry":{"type":"LineString","coordinates":[[-70.10975,-20.27377],[-70.10977,-20.27356]]}},{"type":"Feature","properties":{"nombre":"Costa Alto Hospicio","jerarquia":5},"geometry":{"type":"LineString","coordinates":[[-70.10981,-20.2729],[-70.10992,-20.27302],[-70.10991,-20.27345],[-70.10975,-20.27443]]}},{"type":"Feature","properties":{"nombre":"Avenida Circunvalación","jerarquia":5},"geometry":{"type":"LineString","coordinates":[[-70.10396,-20.27989],[-70.10418,-20.27972]]}},{"type":"Feature","properties":{"nombre":"Avenida Circunvalación","jerarquia":5},"geometry":{"type":"LineString","coordinates":[[-70.10418,-20.27972],[-70.10439,-20.27968]]}},{"type":"Feature","properties":{"nombre":"Avenida Circunvalación","jerarquia":5},"geometry":{"type":"LineString","coordinates":[[-70.10439,-20.27968],[-70.105,-20.27986]]}},{"type":"Feature","properties":{"nombre":"Avenida Circunvalación","jerarquia":5},"geometry":{"type":"LineString","coordinates":[[-70.105,-20.27986],[-70.1052,-20.27986],[-70.10548,-20.27978]]}},{"type":"Feature","properties":{"nombre":"Avenida Circunvalación","jerarquia":5},"geometry":{"type":"LineString","coordinates":[[-70.10548,-20.27978],[-70.10596,-20.27964]]}},{"type":"Feature","properties":{"nombre":"Avenida Circunvalación","jerarquia":5},"geometry":{"type":"LineString","coordinates":[[-70.10596,-20.27964],[-70.10635,-20.27952]]}},{"type":"Feature","properties":{"nombre":"Avenida Circunvalación","jerarquia":5},"geometry":{"type":"LineString","coordinates":[[-70.10635,-20.27952],[-70.10696,-20.27923],[-70.10757,-20.27878]]}},{"type":"Feature","properties":{"nombre":"Avenida Circunvalación","jerarquia":5},"geometry":{"type":"LineString","coordinates":[[-70.10757,-20.27878],[-70.10794,-20.27838]]}},{"type":"Feature","properties":{"nombre":"Avenida Circunvalación","jerarquia":5},"geometry":{"type":"LineString","coordinates":[[-70.10794,-20.27838],[-70.10821,-20.27803]]}},{"type":"Feature","properties":{"nombre":"Avenida Circunvalación","jerarquia":5},"geometry":{"type":"LineString","coordinates":[[-70.10821,-20.27803],[-70.10849,-20.27768]]}},{"type":"Feature","properties":{"nombre":"Avenida Circunvalación","jerarquia":5},"geometry":{"type":"LineString","coordinates":[[-70.10849,-20.27768],[-70.10879,-20.27717],[-70.10908,-20.27629]]}},{"type":"Feature","properties":{"nombre":"Avenida Circunvalación","jerarquia":5},"geometry":{"type":"LineString","coordinates":[[-70.10908,-20.27629],[-70.10923,-20.2758]]}},{"type":"Feature","properties":{"nombre":"Avenida Circunvalación","jerarquia":5},"geometry":{"type":"LineString","coordinates":[[-70.10923,-20.2758],[-70.10935,-20.27541]]}},{"type":"Feature","properties":{"nombre":"Avenida Circunvalación","jerarquia":5},"geometry":{"type":"LineString","coordinates":[[-70.10935,-20.27541],[-70.10961,-20.27451]]}},{"type":"Feature","properties":{"nombre":"Avenida Pampa Unión","jerarquia":5},"geometry":{"type":"LineString","coordinates":[[-70.09856,-20.27755],[-70.09864,-20.27752]]}},{"type":"Feature","properties":{"nombre":"Avenida Pampa Unión","jerarquia":5},"geometry":{"type":"LineString","coordinates":[[-70.09864,-20.27752],[-70.10035,-20.2769]]}},{"type":"Feature","properties":{"nombre":"Avenida Pampa Unión","jerarquia":5},"geometry":{"type":"LineString","coordinates":[[-70.10035,-20.2769],[-70.10119,-20.27664]]}},{"type":"Feature","properties":{"nombre":"Avenida Pampa Unión","jerarquia":5},"geometry":{"type":"LineString","coordinates":[[-70.10119,-20.27664],[-70.10186,-20.27646]]}},{"type":"Feature","properties":{"nombre":"Avenida Pampa Unión","jerarquia":5},"geometry":{"type":"LineString","coordinates":[[-70.10186,-20.27646],[-70.10306,-20.27611]]}},{"type":"Feature","properties":{"nombre":"Avenida Pampa Unión","jerarquia":5},"geometry":{"type":"LineString","coordinates":[[-70.10306,-20.27611],[-70.10414,-20.27581]]}},{"type":"Feature","properties":{"nombre":"Avenida Pampa Unión","jerarquia":5},"geometry":{"type":"LineString","coordinates":[[-70.10414,-20.27581],[-70.10571,-20.27535]]}},{"type":"Feature","properties":{"nombre":"Avenida Pampa Unión","jerarquia":5},"geometry":{"type":"LineString","coordinates":[[-70.10571,-20.27535],[-70.10689,-20.27501]]}},{"type":"Feature","properties":{"nombre":"Avenida Pampa Unión","jerarquia":5},"geometry":{"type":"LineString","coordinates":[[-70.10689,-20.27501],[-70.10697,-20.27499]]}},{"type":"Feature","properties":{"nombre":"Las Américas","jerarquia":5},"geometry":{"type":"LineString","coordinates":[[-70.10124,-20.27891],[-70.10116,-20.2791]]}},{"type":"Feature","properties":{"nombre":"Las Américas","jerarquia":5},"geometry":{"type":"LineString","coordinates":[[-70.10116,-20.2791],[-70.10116,-20.27917]]}},{"type":"Feature","properties":{"nombre":"Avenida La Pampa","jerarquia":5},"geometry":{"type":"LineString","coordinates":[[-70.10068,-20.27886],[-70.10061,-20.27872],[-70.10068,-20.2786]]}},{"type":"Feature","properties":{"nombre":"Avenida Luis Emilio Recabarren","jerarquia":5},"geometry":{"type":"LineString","coordinates":[[-70.14197,-20.23652],[-70.1418,-20.23604]]}},{"type":"Feature","properties":{"nombre":"Avenida Luis Emilio Recabarren","jerarquia":5},"geometry":{"type":"LineString","coordinates":[[-70.1418,-20.23604],[-70.14144,-20.23504]]}},{"type":"Feature","properties":{"nombre":"Avenida Luis Emilio Recabarren","jerarquia":5},"geometry":{"type":"LineString","coordinates":[[-70.14144,-20.23504],[-70.14125,-20.23453]]}},{"type":"Feature","properties":{"nombre":"Avenida Luis Emilio Recabarren","jerarquia":5},"geometry":{"type":"LineString","coordinates":[[-70.14125,-20.23453],[-70.14109,-20.23408]]}},{"type":"Feature","properties":{"nombre":"Avenida Luis Emilio Recabarren","jerarquia":5},"geometry":{"type":"LineString","coordinates":[[-70.14109,-20.23408],[-70.14102,-20.23389]]}},{"type":"Feature","properties":{"nombre":"Avenida Luis Emilio Recabarren","jerarquia":5},"geometry":{"type":"LineString","coordinates":[[-70.14102,-20.23389],[-70.14091,-20.23357]]}},{"type":"Feature","properties":{"nombre":"Avenida Luis Emilio Recabarren","jerarquia":5},"geometry":{"type":"LineString","coordinates":[[-70.14091,-20.23357],[-70.14074,-20.2331]]}},{"type":"Feature","properties":{"nombre":"Avenida Luis Emilio Recabarren","jerarquia":5},"geometry":{"type":"LineString","coordinates":[[-70.14074,-20.2331],[-70.1403,-20.23189]]}},{"type":"Feature","properties":{"nombre":"Avenida Luis Emilio Recabarren","jerarquia":5},"geometry":{"type":"LineString","coordinates":[[-70.1403,-20.23189],[-70.14014,-20.23144]]}},{"type":"Feature","properties":{"nombre":"Avenida Luis Emilio Recabarren","jerarquia":5},"geometry":{"type":"LineString","coordinates":[[-70.14014,-20.23144],[-70.13998,-20.23101]]}},{"type":"Feature","properties":{"nombre":"Avenida Luis Emilio Recabarren","jerarquia":5},"geometry":{"type":"LineString","coordinates":[[-70.13998,-20.23101],[-70.13982,-20.23055]]}},{"type":"Feature","properties":{"nombre":"Avenida Diego Portales","jerarquia":5},"geometry":{"type":"LineString","coordinates":[[-70.1343,-20.23068],[-70.1339,-20.23073]]}},{"type":"Feature","properties":{"nombre":"Avenida Diego Portales","jerarquia":5},"geometry":{"type":"LineString","coordinates":[[-70.1339,-20.23073],[-70.13307,-20.23084]]}},{"type":"Feature","properties":{"nombre":"Avenida Diego Portales","jerarquia":5},"geometry":{"type":"LineString","coordinates":[[-70.13307,-20.23084],[-70.1328,-20.23087]]}},{"type":"Feature","properties":{"nombre":"Avenida Diego Portales","jerarquia":5},"geometry":{"type":"LineString","coordinates":[[-70.1328,-20.23087],[-70.13232,-20.23093]]}},{"type":"Feature","properties":{"nombre":"Avenida Diego Portales","jerarquia":5},"geometry":{"type":"LineString","coordinates":[[-70.13232,-20.23093],[-70.13183,-20.23099]]}},{"type":"Feature","properties":{"nombre":"Avenida Diego Portales","jerarquia":5},"geometry":{"type":"LineString","coordinates":[[-70.13183,-20.23099],[-70.13134,-20.23105]]}},{"type":"Feature","properties":{"nombre":"Avenida Diego Portales","jerarquia":5},"geometry":{"type":"LineString","coordinates":[[-70.13134,-20.23105],[-70.13084,-20.23112]]}},{"type":"Feature","properties":{"nombre":"Avenida Diego Portales","jerarquia":5},"geometry":{"type":"LineString","coordinates":[[-70.13084,-20.23112],[-70.13064,-20.23114]]}},{"type":"Feature","properties":{"nombre":"Avenida Diego Portales","jerarquia":5},"geometry":{"type":"LineString","coordinates":[[-70.13064,-20.23114],[-70.13016,-20.2312]]}},{"type":"Feature","properties":{"nombre":"Avenida Diego Portales","jerarquia":5},"geometry":{"type":"LineString","coordinates":[[-70.13982,-20.23055],[-70.13912,-20.23059]]}},{"type":"Feature","properties":{"nombre":"Avenida Diego Portales","jerarquia":5},"geometry":{"type":"LineString","coordinates":[[-70.13912,-20.23059],[-70.13863,-20.2306]]}},{"type":"Feature","properties":{"nombre":"Avenida Diego Portales","jerarquia":5},"geometry":{"type":"LineString","coordinates":[[-70.13863,-20.2306],[-70.13808,-20.23062]]}},{"type":"Feature","properties":{"nombre":"Avenida Diego Portales","jerarquia":5},"geometry":{"type":"LineString","coordinates":[[-70.13808,-20.23062],[-70.1376,-20.23064]]}},{"type":"Feature","properties":{"nombre":"Avenida Diego Portales","jerarquia":5},"geometry":{"type":"LineString","coordinates":[[-70.1376,-20.23064],[-70.13757,-20.23064]]}},{"type":"Feature","properties":{"nombre":"Avenida Diego Portales","jerarquia":5},"geometry":{"type":"LineString","coordinates":[[-70.13757,-20.23064],[-70.13709,-20.23065]]}},{"type":"Feature","properties":{"nombre":"Avenida Diego Portales","jerarquia":5},"geometry":{"type":"LineString","coordinates":[[-70.13709,-20.23065],[-70.13656,-20.23067]]}},{"type":"Feature","properties":{"nombre":"Avenida Diego Portales","jerarquia":5},"geometry":{"type":"LineString","coordinates":[[-70.13656,-20.23067],[-70.13575,-20.2307]]}},{"type":"Feature","properties":{"nombre":"Avenida Diego Portales","jerarquia":5},"geometry":{"type":"LineString","coordinates":[[-70.13575,-20.2307],[-70.13567,-20.2307]]}},{"type":"Feature","properties":{"nombre":"Avenida Diego Portales","jerarquia":5},"geometry":{"type":"LineString","coordinates":[[-70.14571,-20.22929],[-70.14473,-20.22932]]}},{"type":"Feature","properties":{"nombre":"Avenida Diego Portales","jerarquia":5},"geometry":{"type":"LineString","coordinates":[[-70.14473,-20.22932],[-70.14428,-20.22934]]}},{"type":"Feature","properties":{"nombre":"Avenida Diego Portales","jerarquia":5},"geometry":{"type":"LineString","coordinates":[[-70.14428,-20.22934],[-70.14383,-20.22935]]}},{"type":"Feature","properties":{"nombre":"Las Rosas","jerarquia":5},"geometry":{"type":"LineString","coordinates":[[-70.13667,-20.23825],[-70.13757,-20.23796]]}},{"type":"Feature","properties":{"nombre":"Las Rosas","jerarquia":5},"geometry":{"type":"LineString","coordinates":[[-70.13757,-20.23796],[-70.13803,-20.23781]]}},{"type":"Feature","properties":{"nombre":"Las Rosas","jerarquia":5},"geometry":{"type":"LineString","coordinates":[[-70.13803,-20.23781],[-70.13849,-20.23766]]}},{"type":"Feature","properties":{"nombre":"Las Rosas","jerarquia":5},"geometry":{"type":"LineString","coordinates":[[-70.13849,-20.23766],[-70.13952,-20.23732]]}},{"type":"Feature","properties":{"nombre":"Las Rosas","jerarquia":5},"geometry":{"type":"LineString","coordinates":[[-70.13952,-20.23732],[-70.14041,-20.23703]]}},{"type":"Feature","properties":{"nombre":"Las Rosas","jerarquia":5},"geometry":{"type":"LineString","coordinates":[[-70.14041,-20.23703],[-70.14061,-20.23696]]}},{"type":"Feature","properties":{"nombre":"Las Rosas","jerarquia":5},"geometry":{"type":"LineString","coordinates":[[-70.14061,-20.23696],[-70.14092,-20.23686]]}},{"type":"Feature","properties":{"nombre":"Las Rosas","jerarquia":5},"geometry":{"type":"LineString","coordinates":[[-70.14092,-20.23686],[-70.14113,-20.23679]]}},{"type":"Feature","properties":{"nombre":"Las Rosas","jerarquia":5},"geometry":{"type":"LineString","coordinates":[[-70.14113,-20.23679],[-70.14175,-20.23659]]}},{"type":"Feature","properties":{"nombre":"Las Rosas","jerarquia":5},"geometry":{"type":"LineString","coordinates":[[-70.14175,-20.23659],[-70.14197,-20.23652]]}},{"type":"Feature","properties":{"nombre":"Las Rosas","jerarquia":5},"geometry":{"type":"LineString","coordinates":[[-70.14197,-20.23652],[-70.14243,-20.23637]]}},{"type":"Feature","properties":{"nombre":"Las Rosas","jerarquia":5},"geometry":{"type":"LineString","coordinates":[[-70.14243,-20.23637],[-70.14277,-20.23626]]}},{"type":"Feature","properties":{"nombre":"Las Rosas","jerarquia":5},"geometry":{"type":"LineString","coordinates":[[-70.14277,-20.23626],[-70.14309,-20.23615]]}},{"type":"Feature","properties":{"nombre":"Las Rosas","jerarquia":5},"geometry":{"type":"LineString","coordinates":[[-70.14309,-20.23615],[-70.1432,-20.23612]]}},{"type":"Feature","properties":{"nombre":"Las Rosas","jerarquia":5},"geometry":{"type":"LineString","coordinates":[[-70.1432,-20.23612],[-70.1433,-20.23608]]}},{"type":"Feature","properties":{"nombre":"Las Rosas","jerarquia":5},"geometry":{"type":"LineString","coordinates":[[-70.1433,-20.23608],[-70.14338,-20.23606]]}},{"type":"Feature","properties":{"nombre":"Avenida Diego Portales","jerarquia":5},"geometry":{"type":"LineString","coordinates":[[-70.13016,-20.2312],[-70.1298,-20.2312]]}},{"type":"Feature","properties":{"nombre":"Bartolomé Vivar","jerarquia":5},"geometry":{"type":"LineString","coordinates":[[-70.14892,-20.21943],[-70.14884,-20.21853]]}},{"type":"Feature","properties":{"nombre":"Bartolomé Vivar","jerarquia":5},"geometry":{"type":"LineString","coordinates":[[-70.14884,-20.21853],[-70.14876,-20.21752]]}},{"type":"Feature","properties":{"nombre":"Bartolomé Vivar","jerarquia":5},"geometry":{"type":"LineString","coordinates":[[-70.14876,-20.21752],[-70.14873,-20.21719]]}},{"type":"Feature","properties":{"nombre":"Bartolomé Vivar","jerarquia":5},"geometry":{"type":"LineString","coordinates":[[-70.14873,-20.21719],[-70.14867,-20.21634]]}},{"type":"Feature","properties":{"nombre":"Bartolomé Vivar","jerarquia":5},"geometry":{"type":"LineString","coordinates":[[-70.14867,-20.21634],[-70.14864,-20.21593]]}},{"type":"Feature","properties":{"nombre":"Bartolomé Vivar","jerarquia":5},"geometry":{"type":"LineString","coordinates":[[-70.14864,-20.21593],[-70.14856,-20.21489]]}},{"type":"Feature","properties":{"nombre":"Bartolomé Vivar","jerarquia":5},"geometry":{"type":"LineString","coordinates":[[-70.14856,-20.21489],[-70.14852,-20.21406]]}},{"type":"Feature","properties":{"nombre":"Bartolomé Vivar","jerarquia":5},"geometry":{"type":"LineString","coordinates":[[-70.14852,-20.21406],[-70.14849,-20.21352]]}},{"type":"Feature","properties":{"nombre":"Céspedes y González","jerarquia":5},"geometry":{"type":"LineString","coordinates":[[-70.13974,-20.22473],[-70.1391,-20.22477]]}},{"type":"Feature","properties":{"nombre":"Céspedes y González","jerarquia":5},"geometry":{"type":"LineString","coordinates":[[-70.1391,-20.22477],[-70.13849,-20.2248]]}},{"type":"Feature","properties":{"nombre":"Céspedes y González","jerarquia":5},"geometry":{"type":"LineString","coordinates":[[-70.13849,-20.2248],[-70.1381,-20.22483]]}},{"type":"Feature","properties":{"nombre":"Céspedes y González","jerarquia":5},"geometry":{"type":"LineString","coordinates":[[-70.1381,-20.22483],[-70.13803,-20.22483]]}},{"type":"Feature","properties":{"nombre":"Céspedes y González","jerarquia":5},"geometry":{"type":"LineString","coordinates":[[-70.13803,-20.22483],[-70.13754,-20.22486]]}},{"type":"Feature","properties":{"nombre":"Céspedes y González","jerarquia":5},"geometry":{"type":"LineString","coordinates":[[-70.13754,-20.22486],[-70.13704,-20.22489]]}},{"type":"Feature","properties":{"nombre":"Céspedes y González","jerarquia":5},"geometry":{"type":"LineString","coordinates":[[-70.13704,-20.22489],[-70.13654,-20.22493]]}},{"type":"Feature","properties":{"nombre":"Céspedes y González","jerarquia":5},"geometry":{"type":"LineString","coordinates":[[-70.14976,-20.22431],[-70.14945,-20.22432]]}},{"type":"Feature","properties":{"nombre":"Céspedes y González","jerarquia":5},"geometry":{"type":"LineString","coordinates":[[-70.14945,-20.22432],[-70.14934,-20.22432]]}},{"type":"Feature","properties":{"nombre":"Céspedes y González","jerarquia":5},"geometry":{"type":"LineString","coordinates":[[-70.14934,-20.22432],[-70.14779,-20.22439]]}},{"type":"Feature","properties":{"nombre":"Céspedes y González","jerarquia":5},"geometry":{"type":"LineString","coordinates":[[-70.14779,-20.22439],[-70.14695,-20.22443]]}},{"type":"Feature","properties":{"nombre":"Céspedes y González","jerarquia":5},"geometry":{"type":"LineString","coordinates":[[-70.14695,-20.22443],[-70.1459,-20.22447]]}},{"type":"Feature","properties":{"nombre":"Céspedes y González","jerarquia":5},"geometry":{"type":"LineString","coordinates":[[-70.1459,-20.22447],[-70.14451,-20.22453]]}},{"type":"Feature","properties":{"nombre":"Céspedes y González","jerarquia":5},"geometry":{"type":"LineString","coordinates":[[-70.14451,-20.22453],[-70.14348,-20.22457]]}},{"type":"Feature","properties":{"nombre":"Céspedes y González","jerarquia":5},"geometry":{"type":"LineString","coordinates":[[-70.14348,-20.22457],[-70.14241,-20.22462]]}},{"type":"Feature","properties":{"nombre":"Céspedes y González","jerarquia":5},"geometry":{"type":"LineString","coordinates":[[-70.14241,-20.22462],[-70.14189,-20.22464]]}},{"type":"Feature","properties":{"nombre":"Céspedes y González","jerarquia":5},"geometry":{"type":"LineString","coordinates":[[-70.14189,-20.22464],[-70.14081,-20.22468]]}},{"type":"Feature","properties":{"nombre":"Céspedes y González","jerarquia":5},"geometry":{"type":"LineString","coordinates":[[-70.14081,-20.22468],[-70.14027,-20.2247]]}},{"type":"Feature","properties":{"nombre":"Céspedes y González","jerarquia":5},"geometry":{"type":"LineString","coordinates":[[-70.14027,-20.2247],[-70.13981,-20.22473]]}},{"type":"Feature","properties":{"nombre":"Céspedes y González","jerarquia":5},"geometry":{"type":"LineString","coordinates":[[-70.13981,-20.22473],[-70.13974,-20.22473]]}},{"type":"Feature","properties":{"nombre":"Manuel Rodríguez","jerarquia":5},"geometry":{"type":"LineString","coordinates":[[-70.13693,-20.22386],[-70.13744,-20.22384]]}},{"type":"Feature","properties":{"nombre":"Manuel Rodríguez","jerarquia":5},"geometry":{"type":"LineString","coordinates":[[-70.13744,-20.22384],[-70.13792,-20.22382]]}},{"type":"Feature","properties":{"nombre":"Manuel Rodríguez","jerarquia":5},"geometry":{"type":"LineString","coordinates":[[-70.13792,-20.22382],[-70.13901,-20.22378]]}},{"type":"Feature","properties":{"nombre":"Manuel Rodríguez","jerarquia":5},"geometry":{"type":"LineString","coordinates":[[-70.13901,-20.22378],[-70.13968,-20.22375]]}},{"type":"Feature","properties":{"nombre":"Manuel Rodríguez","jerarquia":5},"geometry":{"type":"LineString","coordinates":[[-70.13968,-20.22375],[-70.14022,-20.22373]]}},{"type":"Feature","properties":{"nombre":"Manuel Rodríguez","jerarquia":5},"geometry":{"type":"LineString","coordinates":[[-70.14022,-20.22373],[-70.14072,-20.22371]]}},{"type":"Feature","properties":{"nombre":"Manuel Rodríguez","jerarquia":5},"geometry":{"type":"LineString","coordinates":[[-70.14072,-20.22371],[-70.14124,-20.22369]]}},{"type":"Feature","properties":{"nombre":"Manuel Rodríguez","jerarquia":5},"geometry":{"type":"LineString","coordinates":[[-70.14124,-20.22369],[-70.1418,-20.22367]]}},{"type":"Feature","properties":{"nombre":"Manuel Rodríguez","jerarquia":5},"geometry":{"type":"LineString","coordinates":[[-70.1418,-20.22367],[-70.14235,-20.22365]]}},{"type":"Feature","properties":{"nombre":"Manuel Rodríguez","jerarquia":5},"geometry":{"type":"LineString","coordinates":[[-70.14235,-20.22365],[-70.14341,-20.2236]]}},{"type":"Feature","properties":{"nombre":"Manuel Rodríguez","jerarquia":5},"geometry":{"type":"LineString","coordinates":[[-70.14341,-20.2236],[-70.14399,-20.22358]]}},{"type":"Feature","properties":{"nombre":"Manuel Rodríguez","jerarquia":5},"geometry":{"type":"LineString","coordinates":[[-70.14399,-20.22358],[-70.14447,-20.22356]]}},{"type":"Feature","properties":{"nombre":"Manuel Rodríguez","jerarquia":5},"geometry":{"type":"LineString","coordinates":[[-70.14447,-20.22356],[-70.14581,-20.22351]]}},{"type":"Feature","properties":{"nombre":"Manuel Rodríguez","jerarquia":5},"geometry":{"type":"LineString","coordinates":[[-70.14581,-20.22351],[-70.1469,-20.22347]]}},{"type":"Feature","properties":{"nombre":"Manuel Rodríguez","jerarquia":5},"geometry":{"type":"LineString","coordinates":[[-70.1469,-20.22347],[-70.1473,-20.22345]]}},{"type":"Feature","properties":{"nombre":"Manuel Rodríguez","jerarquia":5},"geometry":{"type":"LineString","coordinates":[[-70.1473,-20.22345],[-70.14773,-20.22343]]}},{"type":"Feature","properties":{"nombre":"Manuel Rodríguez","jerarquia":5},"geometry":{"type":"LineString","coordinates":[[-70.14773,-20.22343],[-70.14926,-20.22337]]}},{"type":"Feature","properties":{"nombre":"Manuel Rodríguez","jerarquia":5},"geometry":{"type":"LineString","coordinates":[[-70.14926,-20.22337],[-70.14971,-20.22335]]}},{"type":"Feature","properties":{"nombre":"Manuel Rodríguez","jerarquia":5},"geometry":{"type":"LineString","coordinates":[[-70.14971,-20.22335],[-70.15059,-20.22332]]}},{"type":"Feature","properties":{"nombre":"Manuel Rodríguez","jerarquia":5},"geometry":{"type":"LineString","coordinates":[[-70.15059,-20.22332],[-70.15139,-20.22329]]}},{"type":"Feature","properties":{"nombre":"Eleuterio Ramírez","jerarquia":5},"geometry":{"type":"LineString","coordinates":[[-70.14946,-20.2185],[-70.1495,-20.2194]]}},{"type":"Feature","properties":{"nombre":"Eleuterio Ramírez","jerarquia":5},"geometry":{"type":"LineString","coordinates":[[-70.1495,-20.2194],[-70.14956,-20.22047]]}},{"type":"Feature","properties":{"nombre":"Eleuterio Ramírez","jerarquia":5},"geometry":{"type":"LineString","coordinates":[[-70.14956,-20.22047],[-70.14961,-20.22144]]}},{"type":"Feature","properties":{"nombre":"Eleuterio Ramírez","jerarquia":5},"geometry":{"type":"LineString","coordinates":[[-70.14961,-20.22144],[-70.14966,-20.2224]]}},{"type":"Feature","properties":{"nombre":"Eleuterio Ramírez","jerarquia":5},"geometry":{"type":"LineString","coordinates":[[-70.14966,-20.2224],[-70.1497,-20.22325]]}},{"type":"Feature","properties":{"nombre":"Eleuterio Ramírez","jerarquia":5},"geometry":{"type":"LineString","coordinates":[[-70.1497,-20.22325],[-70.14971,-20.22335]]}},{"type":"Feature","properties":{"nombre":"Eleuterio Ramírez","jerarquia":5},"geometry":{"type":"LineString","coordinates":[[-70.14971,-20.22335],[-70.14975,-20.22418]]}},{"type":"Feature","properties":{"nombre":"Eleuterio Ramírez","jerarquia":5},"geometry":{"type":"LineString","coordinates":[[-70.14975,-20.22418],[-70.14976,-20.22431]]}},{"type":"Feature","properties":{"nombre":"Eleuterio Ramírez","jerarquia":5},"geometry":{"type":"LineString","coordinates":[[-70.14976,-20.22431],[-70.14979,-20.22499]]}},{"type":"Feature","properties":{"nombre":"Eleuterio Ramírez","jerarquia":5},"geometry":{"type":"LineString","coordinates":[[-70.14979,-20.22499],[-70.1498,-20.22512]]}},{"type":"Feature","properties":{"nombre":"","jerarquia":3},"geometry":{"type":"LineString","coordinates":[[-70.1498,-20.22512],[-70.14974,-20.22531]]}},{"type":"Feature","properties":{"nombre":"Eleuterio Ramírez","jerarquia":5},"geometry":{"type":"LineString","coordinates":[[-70.14926,-20.214],[-70.1493,-20.21484]]}},{"type":"Feature","properties":{"nombre":"Eleuterio Ramírez","jerarquia":5},"geometry":{"type":"LineString","coordinates":[[-70.1493,-20.21484],[-70.14935,-20.21608]]}},{"type":"Feature","properties":{"nombre":"Eleuterio Ramírez","jerarquia":5},"geometry":{"type":"LineString","coordinates":[[-70.14935,-20.21608],[-70.14938,-20.21689]]}},{"type":"Feature","properties":{"nombre":"Eleuterio Ramírez","jerarquia":5},"geometry":{"type":"LineString","coordinates":[[-70.14938,-20.21689],[-70.14941,-20.21748]]}},{"type":"Feature","properties":{"nombre":"Eleuterio Ramírez","jerarquia":5},"geometry":{"type":"LineString","coordinates":[[-70.14941,-20.21748],[-70.14946,-20.2185]]}},{"type":"Feature","properties":{"nombre":"Avenida Los Cóndores","jerarquia":5},"geometry":{"type":"LineString","coordinates":[[-70.10923,-20.26533],[-70.1091,-20.26548],[-70.10905,-20.26567]]}},{"type":"Feature","properties":{"nombre":"Avenida Los Cóndores","jerarquia":5},"geometry":{"type":"LineString","coordinates":[[-70.10905,-20.26567],[-70.10903,-20.26612]]}},{"type":"Feature","properties":{"nombre":"Avenida Los Cóndores","jerarquia":5},"geometry":{"type":"LineString","coordinates":[[-70.10903,-20.26612],[-70.10901,-20.26657]]}},{"type":"Feature","properties":{"nombre":"Avenida Los Cóndores","jerarquia":5},"geometry":{"type":"LineString","coordinates":[[-70.10901,-20.26657],[-70.109,-20.26702]]}},{"type":"Feature","properties":{"nombre":"Avenida Los Cóndores","jerarquia":5},"geometry":{"type":"LineString","coordinates":[[-70.109,-20.26702],[-70.10898,-20.26747]]}},{"type":"Feature","properties":{"nombre":"Avenida Los Cóndores","jerarquia":5},"geometry":{"type":"LineString","coordinates":[[-70.10898,-20.26747],[-70.10894,-20.26792]]}},{"type":"Feature","properties":{"nombre":"Avenida Los Cóndores","jerarquia":5},"geometry":{"type":"LineString","coordinates":[[-70.10894,-20.26792],[-70.10882,-20.26821],[-70.10863,-20.26849]]}},{"type":"Feature","properties":{"nombre":"Avenida Los Cóndores","jerarquia":5},"geometry":{"type":"LineString","coordinates":[[-70.10051,-20.27295],[-70.10134,-20.27261]]}},{"type":"Feature","properties":{"nombre":"Avenida Los Cóndores","jerarquia":5},"geometry":{"type":"LineString","coordinates":[[-70.10134,-20.27261],[-70.1017,-20.27247]]}},{"type":"Feature","properties":{"nombre":"Avenida Los Cóndores","jerarquia":5},"geometry":{"type":"LineString","coordinates":[[-70.1017,-20.27247],[-70.10239,-20.27219]]}},{"type":"Feature","properties":{"nombre":"Avenida Los Cóndores","jerarquia":5},"geometry":{"type":"LineString","coordinates":[[-70.10239,-20.27219],[-70.10277,-20.27204]]}},{"type":"Feature","properties":{"nombre":"Avenida Los Cóndores","jerarquia":5},"geometry":{"type":"LineString","coordinates":[[-70.10277,-20.27204],[-70.10285,-20.27201]]}},{"type":"Feature","properties":{"nombre":"Los Álamos","jerarquia":5},"geometry":{"type":"LineString","coordinates":[[-70.10289,-20.26657],[-70.10253,-20.26625]]}},{"type":"Feature","properties":{"nombre":"Los Álamos","jerarquia":5},"geometry":{"type":"LineString","coordinates":[[-70.10253,-20.26625],[-70.10211,-20.26594]]}},{"type":"Feature","properties":{"nombre":"Los Álamos","jerarquia":5},"geometry":{"type":"LineString","coordinates":[[-70.10211,-20.26594],[-70.10174,-20.26565]]}},{"type":"Feature","properties":{"nombre":"Los Álamos","jerarquia":5},"geometry":{"type":"LineString","coordinates":[[-70.10174,-20.26565],[-70.10172,-20.26564]]}},{"type":"Feature","properties":{"nombre":"Los Álamos","jerarquia":5},"geometry":{"type":"LineString","coordinates":[[-70.10172,-20.26564],[-70.10136,-20.26537]]}},{"type":"Feature","properties":{"nombre":"Los Álamos","jerarquia":5},"geometry":{"type":"LineString","coordinates":[[-70.10136,-20.26537],[-70.10094,-20.26504],[-70.10056,-20.26483]]}},{"type":"Feature","properties":{"nombre":"Avenida Ramón Pérez Opazo","jerarquia":5},"geometry":{"type":"LineString","coordinates":[[-70.10055,-20.27303],[-70.10075,-20.27347]]}},{"type":"Feature","properties":{"nombre":"Avenida Ramón Pérez Opazo","jerarquia":5},"geometry":{"type":"LineString","coordinates":[[-70.10075,-20.27347],[-70.10085,-20.27393]]}},{"type":"Feature","properties":{"nombre":"Avenida Ramón Pérez Opazo","jerarquia":5},"geometry":{"type":"LineString","coordinates":[[-70.10085,-20.27393],[-70.10081,-20.27427]]}},{"type":"Feature","properties":{"nombre":"Avenida Ramón Pérez Opazo","jerarquia":5},"geometry":{"type":"LineString","coordinates":[[-70.10081,-20.27427],[-70.10069,-20.27458],[-70.10053,-20.27479]]}},{"type":"Feature","properties":{"nombre":"Avenida Los Cóndores","jerarquia":5},"geometry":{"type":"LineString","coordinates":[[-70.10679,-20.27047],[-70.10763,-20.26949]]}},{"type":"Feature","properties":{"nombre":"Avenida Los Cóndores","jerarquia":5},"geometry":{"type":"LineString","coordinates":[[-70.10763,-20.26949],[-70.10854,-20.26843]]}},{"type":"Feature","properties":{"nombre":"Avenida Los Cóndores","jerarquia":5},"geometry":{"type":"LineString","coordinates":[[-70.10854,-20.26843],[-70.10871,-20.26821],[-70.10883,-20.26791]]}},{"type":"Feature","properties":{"nombre":"Avenida Los Cóndores","jerarquia":5},"geometry":{"type":"LineString","coordinates":[[-70.10883,-20.26791],[-70.10891,-20.26653]]}},{"type":"Feature","properties":{"nombre":"Avenida Los Cóndores","jerarquia":5},"geometry":{"type":"LineString","coordinates":[[-70.10891,-20.26653],[-70.10895,-20.2656],[-70.10904,-20.26534]]}},{"type":"Feature","properties":{"nombre":"Avenida Los Cóndores","jerarquia":5},"geometry":{"type":"LineString","coordinates":[[-70.10904,-20.26534],[-70.10908,-20.26528]]}},{"type":"Feature","properties":{"nombre":"Avenida Los Cóndores","jerarquia":5},"geometry":{"type":"LineString","coordinates":[[-70.10289,-20.27209],[-70.10243,-20.27228]]}},{"type":"Feature","properties":{"nombre":"Avenida Los Cóndores","jerarquia":5},"geometry":{"type":"LineString","coordinates":[[-70.10243,-20.27228],[-70.10174,-20.27255]]}},{"type":"Feature","properties":{"nombre":"Avenida Los Cóndores","jerarquia":5},"geometry":{"type":"LineString","coordinates":[[-70.10174,-20.27255],[-70.10101,-20.27285]]}},{"type":"Feature","properties":{"nombre":"Avenida Los Cóndores","jerarquia":5},"geometry":{"type":"LineString","coordinates":[[-70.10101,-20.27285],[-70.10063,-20.273]]}},{"type":"Feature","properties":{"nombre":"Avenida Los Cóndores","jerarquia":5},"geometry":{"type":"LineString","coordinates":[[-70.10063,-20.273],[-70.10055,-20.27303]]}},{"type":"Feature","properties":{"nombre":"Avenida Ramón Pérez Opazo","jerarquia":5},"geometry":{"type":"LineString","coordinates":[[-70.10042,-20.27476],[-70.1006,-20.27453]]}},{"type":"Feature","properties":{"nombre":"Avenida Ramón Pérez Opazo","jerarquia":5},"geometry":{"type":"LineString","coordinates":[[-70.1006,-20.27453],[-70.1007,-20.27427],[-70.10075,-20.27397]]}},{"type":"Feature","properties":{"nombre":"Avenida Ramón Pérez Opazo","jerarquia":5},"geometry":{"type":"LineString","coordinates":[[-70.10075,-20.27397],[-70.10071,-20.27367],[-70.10049,-20.27314]]}},{"type":"Feature","properties":{"nombre":"Avenida Ramón Pérez Opazo","jerarquia":5},"geometry":{"type":"LineString","coordinates":[[-70.10049,-20.27314],[-70.10046,-20.27307]]}},{"type":"Feature","properties":{"nombre":"Juan Martínez","jerarquia":4},"geometry":{"type":"LineString","coordinates":[[-70.14657,-20.22951],[-70.14672,-20.22961]]}},{"type":"Feature","properties":{"nombre":"","jerarquia":3},"geometry":{"type":"LineString","coordinates":[[-70.14644,-20.23009],[-70.14627,-20.23008]]}},{"type":"Feature","properties":{"nombre":"","jerarquia":3},"geometry":{"type":"LineString","coordinates":[[-70.14627,-20.23008],[-70.14621,-20.23004]]}},{"type":"Feature","properties":{"nombre":"","jerarquia":3},"geometry":{"type":"LineString","coordinates":[[-70.14767,-20.23674],[-70.14753,-20.23686],[-70.14746,-20.23697]]}},{"type":"Feature","properties":{"nombre":"","jerarquia":4},"geometry":{"type":"LineString","coordinates":[[-70.13591,-20.23605],[-70.13602,-20.23614],[-70.13616,-20.23615]]}},{"type":"Feature","properties":{"nombre":"Playa Blanca","jerarquia":5},"geometry":{"type":"LineString","coordinates":[[-70.12794,-20.24899],[-70.12812,-20.24902],[-70.1283,-20.24894],[-70.12866,-20.24833]]}},{"type":"Feature","properties":{"nombre":"Playa Blanca","jerarquia":5},"geometry":{"type":"LineString","coordinates":[[-70.12866,-20.24833],[-70.12888,-20.24822],[-70.12912,-20.24826]]}},{"type":"Feature","properties":{"nombre":"Ruta 16","jerarquia":1},"geometry":{"type":"LineString","coordinates":[[-70.05602,-20.2636],[-70.05519,-20.26381],[-70.05441,-20.26418],[-70.05374,-20.2647],[-70.05331,-20.26519],[-70.05286,-20.26591],[-70.04996,-20.27172],[-70.04959,-20.27229],[-70.04921,-20.27272],[-70.04879,-20.27312],[-70.04809,-20.27362],[-70.04425,-20.27592],[-70.04349,-20.27624],[-70.04281,-20.27636],[-70.04217,-20.27635],[-70.04136,-20.27617],[-70.04087,-20.27594],[-70.04034,-20.27558],[-70.03866,-20.27382]]}},{"type":"Feature","properties":{"nombre":"Ruta 16","jerarquia":1},"geometry":{"type":"LineString","coordinates":[[-70.03866,-20.27382],[-70.03793,-20.27303],[-70.03758,-20.27253],[-70.03734,-20.27197],[-70.03721,-20.27118]]}},{"type":"Feature","properties":{"nombre":"Ruta 16","jerarquia":1},"geometry":{"type":"LineString","coordinates":[[-70.03721,-20.27118],[-70.03711,-20.26905],[-70.03699,-20.26832],[-70.03666,-20.26752],[-70.03593,-20.26631],[-70.03566,-20.26573],[-70.03486,-20.26274],[-70.03467,-20.26224],[-70.03434,-20.26162],[-70.03397,-20.26111],[-70.03352,-20.26064],[-70.03232,-20.25961],[-70.03198,-20.25919],[-70.0317,-20.25874],[-70.03151,-20.25833],[-70.03133,-20.25776],[-70.03111,-20.25553],[-70.03095,-20.25489],[-70.0307,-20.25421],[-70.02875,-20.25061],[-70.0267,-20.24745],[-70.02592,-20.24609]]}},{"type":"Feature","properties":{"nombre":"Ruta 16","jerarquia":1},"geometry":{"type":"LineString","coordinates":[[-70.02592,-20.24609],[-70.02558,-20.24548]]}},{"type":"Feature","properties":{"nombre":"Ruta 16","jerarquia":1},"geometry":{"type":"LineString","coordinates":[[-70.02558,-20.24548],[-70.02469,-20.24375],[-70.02338,-20.24086],[-70.02148,-20.23743],[-70.02102,-20.2369],[-70.02038,-20.23639],[-70.01972,-20.23604],[-70.01881,-20.23577],[-70.01799,-20.2357],[-70.01742,-20.23573],[-70.01291,-20.2365],[-70.01196,-20.23675],[-70.01137,-20.23701],[-70.01072,-20.2374],[-70.00702,-20.24019],[-70.00611,-20.24066],[-70.00511,-20.24101],[-70.00409,-20.24121]]}},{"type":"Feature","properties":{"nombre":"Avenida Los Cóndores","jerarquia":5},"geometry":{"type":"LineString","coordinates":[[-70.09531,-20.27503],[-70.0955,-20.27495]]}},{"type":"Feature","properties":{"nombre":"Avenida Los Cóndores","jerarquia":5},"geometry":{"type":"LineString","coordinates":[[-70.0955,-20.27495],[-70.09553,-20.27494]]}},{"type":"Feature","properties":{"nombre":"Avenida Monte Los Olivos","jerarquia":5},"geometry":{"type":"LineString","coordinates":[[-70.10444,-20.25329],[-70.10466,-20.25301],[-70.10477,-20.25275]]}},{"type":"Feature","properties":{"nombre":"Avenida La Pampa","jerarquia":5},"geometry":{"type":"LineString","coordinates":[[-70.09822,-20.26883],[-70.09731,-20.26834]]}},{"type":"Feature","properties":{"nombre":"Avenida La Pampa","jerarquia":5},"geometry":{"type":"LineString","coordinates":[[-70.09731,-20.26834],[-70.09693,-20.26822],[-70.09603,-20.26819]]}},{"type":"Feature","properties":{"nombre":"Avenida La Pampa","jerarquia":5},"geometry":{"type":"LineString","coordinates":[[-70.09603,-20.26819],[-70.09512,-20.26788]]}},{"type":"Feature","properties":{"nombre":"Avenida La Pampa","jerarquia":5},"geometry":{"type":"LineString","coordinates":[[-70.09512,-20.26788],[-70.09503,-20.26784]]}},{"type":"Feature","properties":{"nombre":"Acceso a Cerro Esmeralda","jerarquia":4},"geometry":{"type":"LineString","coordinates":[[-70.07485,-20.25979],[-70.07445,-20.25959]]}},{"type":"Feature","properties":{"nombre":"Acceso a Cerro Esmeralda","jerarquia":4},"geometry":{"type":"LineString","coordinates":[[-70.07445,-20.25959],[-70.07421,-20.25945]]}},{"type":"Feature","properties":{"nombre":"Acceso a Cerro Esmeralda","jerarquia":4},"geometry":{"type":"LineString","coordinates":[[-70.07421,-20.25945],[-70.0718,-20.25799]]}},{"type":"Feature","properties":{"nombre":"Acceso a Cerro Esmeralda","jerarquia":4},"geometry":{"type":"LineString","coordinates":[[-70.0718,-20.25799],[-70.06947,-20.25652],[-70.06926,-20.25634],[-70.06913,-20.25612],[-70.06887,-20.25541],[-70.06855,-20.25303],[-70.06835,-20.25223],[-70.06758,-20.25092]]}},{"type":"Feature","properties":{"nombre":"Acceso a Cerro Esmeralda","jerarquia":4},"geometry":{"type":"LineString","coordinates":[[-70.06758,-20.25092],[-70.06699,-20.24996]]}},{"type":"Feature","properties":{"nombre":"Acceso a Cerro Esmeralda","jerarquia":4},"geometry":{"type":"LineString","coordinates":[[-70.06699,-20.24996],[-70.06669,-20.24949]]}},{"type":"Feature","properties":{"nombre":"Acceso a Cerro Esmeralda","jerarquia":4},"geometry":{"type":"LineString","coordinates":[[-70.06669,-20.24949],[-70.0661,-20.24861]]}},{"type":"Feature","properties":{"nombre":"","jerarquia":1},"geometry":{"type":"LineString","coordinates":[[-70.07485,-20.25979],[-70.07515,-20.25997],[-70.07552,-20.2604]]}},{"type":"Feature","properties":{"nombre":"","jerarquia":1},"geometry":{"type":"LineString","coordinates":[[-70.07552,-20.2604],[-70.07562,-20.26049]]}},{"type":"Feature","properties":{"nombre":"Ruta 16","jerarquia":1},"geometry":{"type":"LineString","coordinates":[[-70.00428,-20.24107],[-70.00543,-20.24079],[-70.00622,-20.24049],[-70.00705,-20.24004],[-70.01029,-20.23756],[-70.01091,-20.23713],[-70.01149,-20.23682],[-70.01201,-20.23661],[-70.01273,-20.23642],[-70.01665,-20.23573]]}},{"type":"Feature","properties":{"nombre":"Ruta 16","jerarquia":1},"geometry":{"type":"LineString","coordinates":[[-70.01665,-20.23573],[-70.01758,-20.2356],[-70.01829,-20.23559],[-70.01904,-20.2357],[-70.01982,-20.23596],[-70.02045,-20.2363],[-70.02113,-20.23684],[-70.02166,-20.23749],[-70.02207,-20.2382]]}},{"type":"Feature","properties":{"nombre":"Ruta 16","jerarquia":1},"geometry":{"type":"LineString","coordinates":[[-70.02207,-20.2382],[-70.02264,-20.23922]]}},{"type":"Feature","properties":{"nombre":"Ruta 16","jerarquia":1},"geometry":{"type":"LineString","coordinates":[[-70.02264,-20.23922],[-70.02595,-20.24529]]}},{"type":"Feature","properties":{"nombre":"Ruta 16","jerarquia":1},"geometry":{"type":"LineString","coordinates":[[-70.02595,-20.24529],[-70.02628,-20.24589]]}},{"type":"Feature","properties":{"nombre":"Ruta 16","jerarquia":1},"geometry":{"type":"LineString","coordinates":[[-70.02628,-20.24589],[-70.02984,-20.25238],[-70.03086,-20.25432],[-70.03109,-20.25501],[-70.03125,-20.25573],[-70.03141,-20.25762],[-70.03156,-20.25816],[-70.03178,-20.25867],[-70.03209,-20.25917],[-70.03244,-20.25959],[-70.03355,-20.26053],[-70.03395,-20.26095],[-70.0344,-20.26155],[-70.03481,-20.26232],[-70.03509,-20.26319],[-70.03558,-20.26515],[-70.03581,-20.26584],[-70.03603,-20.26629],[-70.03671,-20.2674],[-70.03705,-20.26818],[-70.03721,-20.26906],[-70.03733,-20.27139],[-70.03744,-20.27191],[-70.03761,-20.27237],[-70.03806,-20.27304],[-70.03946,-20.27455],[-70.04031,-20.27543],[-70.04085,-20.27583],[-70.04148,-20.27611],[-70.04226,-20.27627],[-70.04293,-20.27626],[-70.0436,-20.27611],[-70.0442,-20.27584],[-70.04807,-20.27353],[-70.04867,-20.2731],[-70.04922,-20.27258],[-70.04979,-20.27183],[-70.05277,-20.26587],[-70.05338,-20.26495],[-70.05389,-20.26444],[-70.05464,-20.26395],[-70.05534,-20.26367],[-70.0563,-20.26345]]}},{"type":"Feature","properties":{"nombre":"Avenida Arturo Prat Chacón","jerarquia":3},"geometry":{"type":"LineString","coordinates":[[-70.15609,-20.2163],[-70.15611,-20.21666],[-70.156,-20.21695]]}},{"type":"Feature","properties":{"nombre":"Avenida Arturo Prat Chacón","jerarquia":3},"geometry":{"type":"LineString","coordinates":[[-70.156,-20.21695],[-70.15562,-20.21729],[-70.15554,-20.21741]]}},{"type":"Feature","properties":{"nombre":"Avenida Arturo Prat Chacón","jerarquia":3},"geometry":{"type":"LineString","coordinates":[[-70.15432,-20.21314],[-70.15399,-20.21256]]}},{"type":"Feature","properties":{"nombre":"Avenida Arturo Prat Chacón","jerarquia":3},"geometry":{"type":"LineString","coordinates":[[-70.15399,-20.21256],[-70.15368,-20.21219],[-70.15296,-20.21185]]}},{"type":"Feature","properties":{"nombre":"Avenida Arturo Prat Chacón","jerarquia":3},"geometry":{"type":"LineString","coordinates":[[-70.15296,-20.21185],[-70.15277,-20.21179]]}},{"type":"Feature","properties":{"nombre":"Serrano","jerarquia":5},"geometry":{"type":"LineString","coordinates":[[-70.15395,-20.2132],[-70.15432,-20.21314]]}},{"type":"Feature","properties":{"nombre":"Sotomayor","jerarquia":4},"geometry":{"type":"LineString","coordinates":[[-70.15035,-20.21094],[-70.151,-20.21095]]}},{"type":"Feature","properties":{"nombre":"Sotomayor","jerarquia":4},"geometry":{"type":"LineString","coordinates":[[-70.151,-20.21095],[-70.15139,-20.21095]]}},{"type":"Feature","properties":{"nombre":"Sotomayor","jerarquia":4},"geometry":{"type":"LineString","coordinates":[[-70.15139,-20.21095],[-70.15146,-20.21095]]}},{"type":"Feature","properties":{"nombre":"Sotomayor","jerarquia":4},"geometry":{"type":"LineString","coordinates":[[-70.15146,-20.21095],[-70.15157,-20.21096]]}},{"type":"Feature","properties":{"nombre":"Obispo Labbé","jerarquia":5},"geometry":{"type":"LineString","coordinates":[[-70.1502,-20.21262],[-70.15019,-20.2123]]}},{"type":"Feature","properties":{"nombre":"Obispo Labbé","jerarquia":5},"geometry":{"type":"LineString","coordinates":[[-70.15019,-20.2123],[-70.15019,-20.21221]]}},{"type":"Feature","properties":{"nombre":"Obispo Labbé","jerarquia":5},"geometry":{"type":"LineString","coordinates":[[-70.15019,-20.21221],[-70.15018,-20.2116]]}},{"type":"Feature","properties":{"nombre":"Obispo Labbé","jerarquia":5},"geometry":{"type":"LineString","coordinates":[[-70.15018,-20.2116],[-70.15018,-20.21152]]}},{"type":"Feature","properties":{"nombre":"Obispo Labbé","jerarquia":5},"geometry":{"type":"LineString","coordinates":[[-70.15018,-20.21152],[-70.15018,-20.21089]]}},{"type":"Feature","properties":{"nombre":"Obispo Labbé","jerarquia":5},"geometry":{"type":"LineString","coordinates":[[-70.15018,-20.21089],[-70.15017,-20.2107]]}},{"type":"Feature","properties":{"nombre":"Obispo Labbé","jerarquia":5},"geometry":{"type":"LineString","coordinates":[[-70.15017,-20.2107],[-70.15017,-20.21061]]}},{"type":"Feature","properties":{"nombre":"Obispo Labbé","jerarquia":5},"geometry":{"type":"LineString","coordinates":[[-70.15017,-20.21061],[-70.15012,-20.20999]]}},{"type":"Feature","properties":{"nombre":"Obispo Labbé","jerarquia":5},"geometry":{"type":"LineString","coordinates":[[-70.15012,-20.20999],[-70.15011,-20.2098]]}},{"type":"Feature","properties":{"nombre":"Obispo Labbé","jerarquia":5},"geometry":{"type":"LineString","coordinates":[[-70.15011,-20.2098],[-70.15007,-20.20926]]}},{"type":"Feature","properties":{"nombre":"Obispo Labbé","jerarquia":5},"geometry":{"type":"LineString","coordinates":[[-70.15007,-20.20926],[-70.15007,-20.20906]]}},{"type":"Feature","properties":{"nombre":"Obispo Labbé","jerarquia":5},"geometry":{"type":"LineString","coordinates":[[-70.15007,-20.20906],[-70.15001,-20.20864]]}},{"type":"Feature","properties":{"nombre":"Obispo Labbé","jerarquia":5},"geometry":{"type":"LineString","coordinates":[[-70.15001,-20.20864],[-70.1499,-20.20798]]}},{"type":"Feature","properties":{"nombre":"Obispo Labbé","jerarquia":5},"geometry":{"type":"LineString","coordinates":[[-70.1499,-20.20798],[-70.14989,-20.20777]]}},{"type":"Feature","properties":{"nombre":"Avenida Salvador Allende Gossens","jerarquia":4},"geometry":{"type":"LineString","coordinates":[[-70.1313,-20.25418],[-70.1316,-20.25291]]}},{"type":"Feature","properties":{"nombre":"Avenida Salvador Allende Gossens","jerarquia":4},"geometry":{"type":"LineString","coordinates":[[-70.1316,-20.25291],[-70.1318,-20.25204]]}},{"type":"Feature","properties":{"nombre":"Avenida Salvador Allende Gossens","jerarquia":4},"geometry":{"type":"LineString","coordinates":[[-70.1318,-20.25204],[-70.13191,-20.25156]]}},{"type":"Feature","properties":{"nombre":"Avenida Salvador Allende Gossens","jerarquia":4},"geometry":{"type":"LineString","coordinates":[[-70.13191,-20.25156],[-70.13194,-20.25145]]}},{"type":"Feature","properties":{"nombre":"Avenida Salvador Allende Gossens","jerarquia":4},"geometry":{"type":"LineString","coordinates":[[-70.13194,-20.25145],[-70.13208,-20.25084]]}},{"type":"Feature","properties":{"nombre":"Avenida Salvador Allende Gossens","jerarquia":4},"geometry":{"type":"LineString","coordinates":[[-70.13208,-20.25084],[-70.13252,-20.24896]]}},{"type":"Feature","properties":{"nombre":"Avenida Salvador Allende Gossens","jerarquia":5},"geometry":{"type":"LineString","coordinates":[[-70.12765,-20.26082],[-70.12795,-20.26026]]}},{"type":"Feature","properties":{"nombre":"Avenida Salvador Allende Gossens","jerarquia":5},"geometry":{"type":"LineString","coordinates":[[-70.12795,-20.26026],[-70.12858,-20.25909]]}},{"type":"Feature","properties":{"nombre":"Avenida Salvador Allende Gossens","jerarquia":5},"geometry":{"type":"LineString","coordinates":[[-70.12858,-20.25909],[-70.12902,-20.25826]]}},{"type":"Feature","properties":{"nombre":"Avenida Salvador Allende Gossens","jerarquia":5},"geometry":{"type":"LineString","coordinates":[[-70.12902,-20.25826],[-70.12931,-20.25779],[-70.12995,-20.25717]]}},{"type":"Feature","properties":{"nombre":"Avenida Salvador Allende Gossens","jerarquia":5},"geometry":{"type":"LineString","coordinates":[[-70.13003,-20.25725],[-70.12935,-20.25792],[-70.12911,-20.25833]]}},{"type":"Feature","properties":{"nombre":"Avenida Salvador Allende Gossens","jerarquia":5},"geometry":{"type":"LineString","coordinates":[[-70.12911,-20.25833],[-70.12892,-20.25869]]}},{"type":"Feature","properties":{"nombre":"Avenida Salvador Allende Gossens","jerarquia":5},"geometry":{"type":"LineString","coordinates":[[-70.12892,-20.25869],[-70.12867,-20.25914]]}},{"type":"Feature","properties":{"nombre":"Avenida Salvador Allende Gossens","jerarquia":5},"geometry":{"type":"LineString","coordinates":[[-70.12867,-20.25914],[-70.12774,-20.26087]]}},{"type":"Feature","properties":{"nombre":"Avenida Salvador Allende Gossens","jerarquia":5},"geometry":{"type":"LineString","coordinates":[[-70.12774,-20.26087],[-70.12773,-20.2609]]}},{"type":"Feature","properties":{"nombre":"Avenida Salvador Allende Gossens","jerarquia":5},"geometry":{"type":"LineString","coordinates":[[-70.12556,-20.26467],[-70.12633,-20.26321]]}},{"type":"Feature","properties":{"nombre":"Avenida Salvador Allende Gossens","jerarquia":5},"geometry":{"type":"LineString","coordinates":[[-70.12633,-20.26321],[-70.12689,-20.2622]]}},{"type":"Feature","properties":{"nombre":"Avenida Salvador Allende Gossens","jerarquia":5},"geometry":{"type":"LineString","coordinates":[[-70.12689,-20.2622],[-70.12753,-20.26104]]}},{"type":"Feature","properties":{"nombre":"Avenida Salvador Allende Gossens","jerarquia":5},"geometry":{"type":"LineString","coordinates":[[-70.12753,-20.26104],[-70.12755,-20.26101]]}},{"type":"Feature","properties":{"nombre":"Avenida Salvador Allende Gossens","jerarquia":5},"geometry":{"type":"LineString","coordinates":[[-70.12763,-20.26108],[-70.12701,-20.26221]]}},{"type":"Feature","properties":{"nombre":"Avenida Salvador Allende Gossens","jerarquia":5},"geometry":{"type":"LineString","coordinates":[[-70.12701,-20.26221],[-70.12681,-20.26255]]}},{"type":"Feature","properties":{"nombre":"Avenida Salvador Allende Gossens","jerarquia":5},"geometry":{"type":"LineString","coordinates":[[-70.12681,-20.26255],[-70.12619,-20.2637]]}},{"type":"Feature","properties":{"nombre":"Avenida Salvador Allende Gossens","jerarquia":5},"geometry":{"type":"LineString","coordinates":[[-70.12619,-20.2637],[-70.12566,-20.26473]]}},{"type":"Feature","properties":{"nombre":"Héroes de la Concepción","jerarquia":4},"geometry":{"type":"LineString","coordinates":[[-70.14115,-20.23015],[-70.1416,-20.2314]]}},{"type":"Feature","properties":{"nombre":"Héroes de la Concepción","jerarquia":4},"geometry":{"type":"LineString","coordinates":[[-70.1416,-20.2314],[-70.14233,-20.23339]]}},{"type":"Feature","properties":{"nombre":"Héroes de la Concepción","jerarquia":4},"geometry":{"type":"LineString","coordinates":[[-70.14233,-20.23339],[-70.14274,-20.23452]]}},{"type":"Feature","properties":{"nombre":"Héroes de la Concepción","jerarquia":4},"geometry":{"type":"LineString","coordinates":[[-70.14274,-20.23452],[-70.1433,-20.23608]]}},{"type":"Feature","properties":{"nombre":"Héroes de la Concepción","jerarquia":4},"geometry":{"type":"LineString","coordinates":[[-70.1433,-20.23608],[-70.14388,-20.23768]]}},{"type":"Feature","properties":{"nombre":"Héroes de la Concepción","jerarquia":4},"geometry":{"type":"LineString","coordinates":[[-70.14388,-20.23768],[-70.14402,-20.23808]]}},{"type":"Feature","properties":{"nombre":"Héroes de la Concepción","jerarquia":4},"geometry":{"type":"LineString","coordinates":[[-70.14402,-20.23808],[-70.14405,-20.23815]]}},{"type":"Feature","properties":{"nombre":"","jerarquia":4},"geometry":{"type":"LineString","coordinates":[[-70.06699,-20.24996],[-70.06706,-20.24974],[-70.06724,-20.2495],[-70.06741,-20.24938],[-70.06765,-20.24931]]}},{"type":"Feature","properties":{"nombre":"Avenida Francisco Bilbao","jerarquia":4},"geometry":{"type":"LineString","coordinates":[[-70.12906,-20.26158],[-70.12973,-20.2604]]}},{"type":"Feature","properties":{"nombre":"Avenida Francisco Bilbao","jerarquia":4},"geometry":{"type":"LineString","coordinates":[[-70.12973,-20.2604],[-70.13017,-20.25969]]}},{"type":"Feature","properties":{"nombre":"Avenida Francisco Bilbao","jerarquia":4},"geometry":{"type":"LineString","coordinates":[[-70.13017,-20.25969],[-70.13053,-20.25926],[-70.13134,-20.25846]]}},{"type":"Feature","properties":{"nombre":"Avenida Francisco Bilbao","jerarquia":4},"geometry":{"type":"LineString","coordinates":[[-70.13134,-20.25846],[-70.13284,-20.25702]]}},{"type":"Feature","properties":{"nombre":"Avenida La Tirana","jerarquia":2},"geometry":{"type":"LineString","coordinates":[[-70.12645,-20.27266],[-70.12668,-20.27406]]}},{"type":"Feature","properties":{"nombre":"Filomena Valenzuela","jerarquia":5},"geometry":{"type":"LineString","coordinates":[[-70.14874,-20.23675],[-70.14917,-20.23664]]}},{"type":"Feature","properties":{"nombre":"Filomena Valenzuela","jerarquia":5},"geometry":{"type":"LineString","coordinates":[[-70.14917,-20.23664],[-70.15012,-20.23639]]}},{"type":"Feature","properties":{"nombre":"Filomena Valenzuela","jerarquia":5},"geometry":{"type":"LineString","coordinates":[[-70.15012,-20.23639],[-70.15075,-20.23622]]}},{"type":"Feature","properties":{"nombre":"Filomena Valenzuela","jerarquia":5},"geometry":{"type":"LineString","coordinates":[[-70.15075,-20.23622],[-70.15082,-20.23616]]}},{"type":"Feature","properties":{"nombre":"Filomena Valenzuela","jerarquia":5},"geometry":{"type":"LineString","coordinates":[[-70.14875,-20.23681],[-70.14849,-20.23683]]}},{"type":"Feature","properties":{"nombre":"Filomena Valenzuela","jerarquia":5},"geometry":{"type":"LineString","coordinates":[[-70.14849,-20.23683],[-70.14767,-20.23674]]}},{"type":"Feature","properties":{"nombre":"Filomena Valenzuela","jerarquia":5},"geometry":{"type":"LineString","coordinates":[[-70.14767,-20.23674],[-70.14745,-20.23678]]}},{"type":"Feature","properties":{"nombre":"Filomena Valenzuela","jerarquia":5},"geometry":{"type":"LineString","coordinates":[[-70.14745,-20.23678],[-70.14732,-20.23682]]}},{"type":"Feature","properties":{"nombre":"Filomena Valenzuela","jerarquia":5},"geometry":{"type":"LineString","coordinates":[[-70.15076,-20.23627],[-70.15014,-20.23644]]}},{"type":"Feature","properties":{"nombre":"Filomena Valenzuela","jerarquia":5},"geometry":{"type":"LineString","coordinates":[[-70.15014,-20.23644],[-70.14919,-20.23669]]}},{"type":"Feature","properties":{"nombre":"Filomena Valenzuela","jerarquia":5},"geometry":{"type":"LineString","coordinates":[[-70.14919,-20.23669],[-70.14875,-20.23681]]}},{"type":"Feature","properties":{"nombre":"Avenida Diego Portales","jerarquia":5},"geometry":{"type":"LineString","coordinates":[[-70.14356,-20.22939],[-70.14331,-20.22947]]}},{"type":"Feature","properties":{"nombre":"Avenida Diego Portales","jerarquia":5},"geometry":{"type":"LineString","coordinates":[[-70.14331,-20.22947],[-70.14327,-20.22948]]}},{"type":"Feature","properties":{"nombre":"Avenida Diego Portales","jerarquia":5},"geometry":{"type":"LineString","coordinates":[[-70.14327,-20.22948],[-70.14307,-20.22955]]}},{"type":"Feature","properties":{"nombre":"Avenida Diego Portales","jerarquia":5},"geometry":{"type":"LineString","coordinates":[[-70.14307,-20.22955],[-70.14274,-20.22965]]}},{"type":"Feature","properties":{"nombre":"Avenida Diego Portales","jerarquia":5},"geometry":{"type":"LineString","coordinates":[[-70.14274,-20.22965],[-70.14227,-20.2298]]}},{"type":"Feature","properties":{"nombre":"Avenida Diego Portales","jerarquia":5},"geometry":{"type":"LineString","coordinates":[[-70.14227,-20.2298],[-70.14189,-20.22992]]}},{"type":"Feature","properties":{"nombre":"Avenida Diego Portales","jerarquia":5},"geometry":{"type":"LineString","coordinates":[[-70.14189,-20.22992],[-70.14154,-20.23003]]}},{"type":"Feature","properties":{"nombre":"Avenida Diego Portales","jerarquia":5},"geometry":{"type":"LineString","coordinates":[[-70.14154,-20.23003],[-70.14125,-20.23012]]}},{"type":"Feature","properties":{"nombre":"Avenida Diego Portales","jerarquia":5},"geometry":{"type":"LineString","coordinates":[[-70.14125,-20.23012],[-70.14115,-20.23015]]}},{"type":"Feature","properties":{"nombre":"Quebrada Blanca","jerarquia":5},"geometry":{"type":"LineString","coordinates":[[-70.12352,-20.26868],[-70.12417,-20.26853]]}},{"type":"Feature","properties":{"nombre":"Quebrada Blanca","jerarquia":5},"geometry":{"type":"LineString","coordinates":[[-70.12417,-20.26853],[-70.1249,-20.26838]]}},{"type":"Feature","properties":{"nombre":"Quebrada Blanca","jerarquia":5},"geometry":{"type":"LineString","coordinates":[[-70.1249,-20.26838],[-70.1251,-20.26833],[-70.12521,-20.26825]]}},{"type":"Feature","properties":{"nombre":"Quebrada Blanca","jerarquia":5},"geometry":{"type":"LineString","coordinates":[[-70.12521,-20.26825],[-70.12529,-20.26818]]}},{"type":"Feature","properties":{"nombre":"","jerarquia":2},"geometry":{"type":"LineString","coordinates":[[-70.12548,-20.26841],[-70.1254,-20.26849]]}},{"type":"Feature","properties":{"nombre":"","jerarquia":2},"geometry":{"type":"LineString","coordinates":[[-70.1254,-20.26849],[-70.12535,-20.26849]]}},{"type":"Feature","properties":{"nombre":"Dos Oriente","jerarquia":5},"geometry":{"type":"LineString","coordinates":[[-70.12429,-20.28036],[-70.12424,-20.28303],[-70.12432,-20.2845]]}},{"type":"Feature","properties":{"nombre":"Teresa Wilms Montt","jerarquia":5},"geometry":{"type":"LineString","coordinates":[[-70.12753,-20.26844],[-70.12825,-20.26847]]}},{"type":"Feature","properties":{"nombre":"Teresa Wilms Montt","jerarquia":5},"geometry":{"type":"LineString","coordinates":[[-70.12825,-20.26847],[-70.12922,-20.26851]]}},{"type":"Feature","properties":{"nombre":"Teresa Wilms Montt","jerarquia":5},"geometry":{"type":"LineString","coordinates":[[-70.12922,-20.26851],[-70.12928,-20.26852]]}},{"type":"Feature","properties":{"nombre":"Teresa Wilms Montt","jerarquia":5},"geometry":{"type":"LineString","coordinates":[[-70.12928,-20.26852],[-70.12937,-20.26852]]}},{"type":"Feature","properties":{"nombre":"Diego Portales","jerarquia":3},"geometry":{"type":"LineString","coordinates":[[-70.12778,-20.23076],[-70.12802,-20.23083]]}},{"type":"Feature","properties":{"nombre":"Diego Portales","jerarquia":3},"geometry":{"type":"LineString","coordinates":[[-70.12802,-20.23083],[-70.12807,-20.23084]]}},{"type":"Feature","properties":{"nombre":"Diego Portales","jerarquia":3},"geometry":{"type":"LineString","coordinates":[[-70.12807,-20.23084],[-70.12847,-20.23092]]}},{"type":"Feature","properties":{"nombre":"Genaro Gallo","jerarquia":5},"geometry":{"type":"LineString","coordinates":[[-70.13757,-20.23064],[-70.13766,-20.23169]]}},{"type":"Feature","properties":{"nombre":"Genaro Gallo","jerarquia":5},"geometry":{"type":"LineString","coordinates":[[-70.13766,-20.23169],[-70.13775,-20.23274]]}},{"type":"Feature","properties":{"nombre":"Genaro Gallo","jerarquia":5},"geometry":{"type":"LineString","coordinates":[[-70.13775,-20.23274],[-70.13779,-20.23303]]}},{"type":"Feature","properties":{"nombre":"Genaro Gallo","jerarquia":5},"geometry":{"type":"LineString","coordinates":[[-70.13779,-20.23303],[-70.13788,-20.23349]]}},{"type":"Feature","properties":{"nombre":"Genaro Gallo","jerarquia":5},"geometry":{"type":"LineString","coordinates":[[-70.13788,-20.23349],[-70.13798,-20.23396]]}},{"type":"Feature","properties":{"nombre":"Genaro Gallo","jerarquia":5},"geometry":{"type":"LineString","coordinates":[[-70.13798,-20.23396],[-70.13817,-20.2344]]}},{"type":"Feature","properties":{"nombre":"Genaro Gallo","jerarquia":5},"geometry":{"type":"LineString","coordinates":[[-70.13817,-20.2344],[-70.13839,-20.2348]]}},{"type":"Feature","properties":{"nombre":"Genaro Gallo","jerarquia":5},"geometry":{"type":"LineString","coordinates":[[-70.13839,-20.2348],[-70.13854,-20.23506]]}},{"type":"Feature","properties":{"nombre":"Genaro Gallo","jerarquia":5},"geometry":{"type":"LineString","coordinates":[[-70.13854,-20.23506],[-70.13879,-20.23549]]}},{"type":"Feature","properties":{"nombre":"Genaro Gallo","jerarquia":5},"geometry":{"type":"LineString","coordinates":[[-70.13879,-20.23549],[-70.13901,-20.23593]]}},{"type":"Feature","properties":{"nombre":"Las Cabras","jerarquia":3},"geometry":{"type":"LineString","coordinates":[[-70.14315,-20.20814],[-70.14217,-20.20832],[-70.14119,-20.2083]]}},{"type":"Feature","properties":{"nombre":"Las Cabras","jerarquia":3},"geometry":{"type":"LineString","coordinates":[[-70.14119,-20.2083],[-70.14081,-20.20831]]}},{"type":"Feature","properties":{"nombre":"Avenida Desiderio García","jerarquia":5},"geometry":{"type":"LineString","coordinates":[[-70.14406,-20.20831],[-70.14571,-20.20954]]}},{"type":"Feature","properties":{"nombre":"Avenida Arturo Prat Chacón","jerarquia":3},"geometry":{"type":"LineString","coordinates":[[-70.1429,-20.20798],[-70.14312,-20.20787]]}},{"type":"Feature","properties":{"nombre":"Héroes de la Concepción","jerarquia":4},"geometry":{"type":"LineString","coordinates":[[-70.13876,-20.21286],[-70.13869,-20.21233]]}},{"type":"Feature","properties":{"nombre":"Esmeralda","jerarquia":4},"geometry":{"type":"LineString","coordinates":[[-70.14055,-20.21141],[-70.14058,-20.2112]]}},{"type":"Feature","properties":{"nombre":"Esmeralda","jerarquia":4},"geometry":{"type":"LineString","coordinates":[[-70.14058,-20.2112],[-70.14064,-20.21114]]}},{"type":"Feature","properties":{"nombre":"Héroes de la Concepción","jerarquia":5},"geometry":{"type":"LineString","coordinates":[[-70.13838,-20.20972],[-70.13839,-20.20986]]}},{"type":"Feature","properties":{"nombre":"Héroes de la Concepción","jerarquia":5},"geometry":{"type":"LineString","coordinates":[[-70.13839,-20.20986],[-70.13839,-20.2103]]}},{"type":"Feature","properties":{"nombre":"Héroes de la Concepción","jerarquia":5},"geometry":{"type":"LineString","coordinates":[[-70.13839,-20.2103],[-70.13837,-20.2106]]}},{"type":"Feature","properties":{"nombre":"Héroes de la Concepción","jerarquia":5},"geometry":{"type":"LineString","coordinates":[[-70.13837,-20.2106],[-70.13836,-20.21108]]}},{"type":"Feature","properties":{"nombre":"Amunátegui","jerarquia":5},"geometry":{"type":"LineString","coordinates":[[-70.14624,-20.21373],[-70.14614,-20.21274]]}},{"type":"Feature","properties":{"nombre":"Amunátegui","jerarquia":5},"geometry":{"type":"LineString","coordinates":[[-70.14614,-20.21274],[-70.1461,-20.21235]]}},{"type":"Feature","properties":{"nombre":"Amunátegui","jerarquia":5},"geometry":{"type":"LineString","coordinates":[[-70.1461,-20.21235],[-70.14604,-20.2117]]}},{"type":"Feature","properties":{"nombre":"Sotomayor","jerarquia":4},"geometry":{"type":"LineString","coordinates":[[-70.14245,-20.21108],[-70.14314,-20.21105]]}},{"type":"Feature","properties":{"nombre":"Sotomayor","jerarquia":4},"geometry":{"type":"LineString","coordinates":[[-70.14314,-20.21105],[-70.1435,-20.21103]]}},{"type":"Feature","properties":{"nombre":"Sotomayor","jerarquia":4},"geometry":{"type":"LineString","coordinates":[[-70.1435,-20.21103],[-70.14392,-20.21101]]}},{"type":"Feature","properties":{"nombre":"Sotomayor","jerarquia":4},"geometry":{"type":"LineString","coordinates":[[-70.14392,-20.21101],[-70.14462,-20.21097]]}},{"type":"Feature","properties":{"nombre":"Sotomayor","jerarquia":4},"geometry":{"type":"LineString","coordinates":[[-70.14462,-20.21097],[-70.14591,-20.21091]]}},{"type":"Feature","properties":{"nombre":"Playa El Águila","jerarquia":5},"geometry":{"type":"LineString","coordinates":[[-70.13203,-20.25147],[-70.13252,-20.25166]]}},{"type":"Feature","properties":{"nombre":"Playa El Águila","jerarquia":5},"geometry":{"type":"LineString","coordinates":[[-70.13252,-20.25166],[-70.13274,-20.25174]]}},{"type":"Feature","properties":{"nombre":"Playa El Águila","jerarquia":5},"geometry":{"type":"LineString","coordinates":[[-70.13274,-20.25174],[-70.13316,-20.25189]]}},{"type":"Feature","properties":{"nombre":"Playa El Águila","jerarquia":5},"geometry":{"type":"LineString","coordinates":[[-70.13316,-20.25189],[-70.13356,-20.25205]]}},{"type":"Feature","properties":{"nombre":"Playa El Águila","jerarquia":5},"geometry":{"type":"LineString","coordinates":[[-70.13356,-20.25205],[-70.13365,-20.25208]]}},{"type":"Feature","properties":{"nombre":"Playa El Águila","jerarquia":5},"geometry":{"type":"LineString","coordinates":[[-70.13365,-20.25208],[-70.13375,-20.25212]]}},{"type":"Feature","properties":{"nombre":"Playa El Águila","jerarquia":5},"geometry":{"type":"LineString","coordinates":[[-70.13375,-20.25212],[-70.13419,-20.25228]]}},{"type":"Feature","properties":{"nombre":"Playa El Águila","jerarquia":5},"geometry":{"type":"LineString","coordinates":[[-70.13419,-20.25228],[-70.13475,-20.25249]]}},{"type":"Feature","properties":{"nombre":"Playa El Águila","jerarquia":5},"geometry":{"type":"LineString","coordinates":[[-70.13475,-20.25249],[-70.13563,-20.25282]]}},{"type":"Feature","properties":{"nombre":"Arturo Fernández","jerarquia":4},"geometry":{"type":"LineString","coordinates":[[-70.14463,-20.2275],[-70.14461,-20.22694]]}},{"type":"Feature","properties":{"nombre":"Arturo Fernández","jerarquia":4},"geometry":{"type":"LineString","coordinates":[[-70.14461,-20.22694],[-70.14459,-20.22651]]}},{"type":"Feature","properties":{"nombre":"Arturo Fernández","jerarquia":4},"geometry":{"type":"LineString","coordinates":[[-70.14459,-20.22651],[-70.14455,-20.22552]]}},{"type":"Feature","properties":{"nombre":"Arturo Fernández","jerarquia":4},"geometry":{"type":"LineString","coordinates":[[-70.14455,-20.22552],[-70.14451,-20.22453]]}},{"type":"Feature","properties":{"nombre":"Arturo Fernández","jerarquia":4},"geometry":{"type":"LineString","coordinates":[[-70.14451,-20.22453],[-70.14447,-20.22356]]}},{"type":"Feature","properties":{"nombre":"Arturo Fernández","jerarquia":4},"geometry":{"type":"LineString","coordinates":[[-70.14447,-20.22356],[-70.14443,-20.22262]]}},{"type":"Feature","properties":{"nombre":"Arturo Fernández","jerarquia":4},"geometry":{"type":"LineString","coordinates":[[-70.14443,-20.22262],[-70.14439,-20.22172]]}},{"type":"Feature","properties":{"nombre":"Arturo Fernández","jerarquia":4},"geometry":{"type":"LineString","coordinates":[[-70.14439,-20.22172],[-70.14435,-20.22076]]}},{"type":"Feature","properties":{"nombre":"Arturo Fernández","jerarquia":4},"geometry":{"type":"LineString","coordinates":[[-70.14435,-20.22076],[-70.14431,-20.21969]]}},{"type":"Feature","properties":{"nombre":"Arturo Fernández","jerarquia":4},"geometry":{"type":"LineString","coordinates":[[-70.14431,-20.21969],[-70.14427,-20.2188]]}},{"type":"Feature","properties":{"nombre":"Arturo Fernández","jerarquia":4},"geometry":{"type":"LineString","coordinates":[[-70.14427,-20.2188],[-70.14422,-20.21774]]}},{"type":"Feature","properties":{"nombre":"Arturo Fernández","jerarquia":4},"geometry":{"type":"LineString","coordinates":[[-70.14422,-20.21774],[-70.14419,-20.21702]]}},{"type":"Feature","properties":{"nombre":"Arturo Fernández","jerarquia":4},"geometry":{"type":"LineString","coordinates":[[-70.14419,-20.21702],[-70.14416,-20.21611]]}},{"type":"Feature","properties":{"nombre":"","jerarquia":1},"geometry":{"type":"LineString","coordinates":[[-70.15839,-20.40383],[-70.15804,-20.40508],[-70.1579,-20.40582]]}},{"type":"Feature","properties":{"nombre":"Ruta 1","jerarquia":1},"geometry":{"type":"LineString","coordinates":[[-70.15518,-20.34389],[-70.15205,-20.34219],[-70.1491,-20.34035],[-70.14795,-20.33985],[-70.14494,-20.33882],[-70.14405,-20.33838],[-70.14321,-20.33778],[-70.14254,-20.33713],[-70.14195,-20.33635],[-70.14153,-20.33555]]}},{"type":"Feature","properties":{"nombre":"Avenida Arturo Prat Chacón","jerarquia":2},"geometry":{"type":"LineString","coordinates":[[-70.1279,-20.29137],[-70.12787,-20.28942]]}},{"type":"Feature","properties":{"nombre":"Avenida Arturo Prat Chacón","jerarquia":2},"geometry":{"type":"LineString","coordinates":[[-70.12787,-20.28942],[-70.12782,-20.28928]]}},{"type":"Feature","properties":{"nombre":"","jerarquia":1},"geometry":{"type":"LineString","coordinates":[[-70.13527,-20.30531],[-70.13551,-20.30524]]}},{"type":"Feature","properties":{"nombre":"","jerarquia":1},"geometry":{"type":"LineString","coordinates":[[-70.1644,-20.35375],[-70.16474,-20.35397],[-70.16527,-20.35405]]}},{"type":"Feature","properties":{"nombre":"Camino a Playa Lobito","jerarquia":1},"geometry":{"type":"LineString","coordinates":[[-70.17034,-20.37521],[-70.17037,-20.37555],[-70.17069,-20.37575]]}},{"type":"Feature","properties":{"nombre":"Camino a Playa Lobito","jerarquia":1},"geometry":{"type":"LineString","coordinates":[[-70.17069,-20.37575],[-70.17039,-20.37575],[-70.17021,-20.37593]]}},{"type":"Feature","properties":{"nombre":"Camino a Playa Lobito","jerarquia":1},"geometry":{"type":"LineString","coordinates":[[-70.17021,-20.37593],[-70.17017,-20.37602]]}},{"type":"Feature","properties":{"nombre":"","jerarquia":1},"geometry":{"type":"LineString","coordinates":[[-70.16527,-20.35405],[-70.16513,-20.35407],[-70.16498,-20.35417],[-70.16493,-20.35429],[-70.16495,-20.35444]]}},{"type":"Feature","properties":{"nombre":"","jerarquia":1},"geometry":{"type":"LineString","coordinates":[[-70.16495,-20.35444],[-70.165,-20.35459]]}},{"type":"Feature","properties":{"nombre":"","jerarquia":1},"geometry":{"type":"LineString","coordinates":[[-70.16922,-20.38023],[-70.1691,-20.38049],[-70.16893,-20.38056],[-70.1688,-20.38042],[-70.16881,-20.38014]]}},{"type":"Feature","properties":{"nombre":"","jerarquia":1},"geometry":{"type":"LineString","coordinates":[[-70.16861,-20.38104],[-70.16874,-20.38081],[-70.1689,-20.38077],[-70.169,-20.38085],[-70.16903,-20.38111]]}},{"type":"Feature","properties":{"nombre":"","jerarquia":1},"geometry":{"type":"LineString","coordinates":[[-70.16218,-20.35133],[-70.16212,-20.35114],[-70.16219,-20.351],[-70.16234,-20.35098],[-70.16253,-20.3511]]}},{"type":"Feature","properties":{"nombre":"Avenida Arturo Prat Chacón","jerarquia":3},"geometry":{"type":"LineString","coordinates":[[-70.1466,-20.23947],[-70.14703,-20.23906],[-70.14729,-20.23867]]}},{"type":"Feature","properties":{"nombre":"Avenida Arturo Prat Chacón","jerarquia":3},"geometry":{"type":"LineString","coordinates":[[-70.14729,-20.23867],[-70.14748,-20.23812],[-70.14747,-20.23765],[-70.14731,-20.23713],[-70.14706,-20.23681]]}},{"type":"Feature","properties":{"nombre":"Genaro Gallo","jerarquia":5},"geometry":{"type":"LineString","coordinates":[[-70.14139,-20.24228],[-70.14142,-20.24236]]}},{"type":"Feature","properties":{"nombre":"Genaro Gallo","jerarquia":5},"geometry":{"type":"LineString","coordinates":[[-70.14142,-20.24236],[-70.14142,-20.24238]]}},{"type":"Feature","properties":{"nombre":"Genaro Gallo","jerarquia":5},"geometry":{"type":"LineString","coordinates":[[-70.14142,-20.24238],[-70.14153,-20.24265]]}},{"type":"Feature","properties":{"nombre":"Playa Brava","jerarquia":5},"geometry":{"type":"LineString","coordinates":[[-70.14139,-20.24228],[-70.14127,-20.24232]]}},{"type":"Feature","properties":{"nombre":"Playa Brava","jerarquia":5},"geometry":{"type":"LineString","coordinates":[[-70.14127,-20.24232],[-70.14081,-20.24248]]}},{"type":"Feature","properties":{"nombre":"Playa Brava","jerarquia":5},"geometry":{"type":"LineString","coordinates":[[-70.14081,-20.24248],[-70.13995,-20.24276]]}},{"type":"Feature","properties":{"nombre":"Playa Brava","jerarquia":5},"geometry":{"type":"LineString","coordinates":[[-70.13995,-20.24276],[-70.13938,-20.24295]]}},{"type":"Feature","properties":{"nombre":"Playa Brava","jerarquia":5},"geometry":{"type":"LineString","coordinates":[[-70.13938,-20.24295],[-70.13855,-20.24324]]}},{"type":"Feature","properties":{"nombre":"Playa Brava","jerarquia":5},"geometry":{"type":"LineString","coordinates":[[-70.13855,-20.24324],[-70.13832,-20.24337],[-70.13813,-20.24356]]}},{"type":"Feature","properties":{"nombre":"Playa Brava","jerarquia":5},"geometry":{"type":"LineString","coordinates":[[-70.13813,-20.24356],[-70.13786,-20.24402],[-70.13767,-20.24461]]}},{"type":"Feature","properties":{"nombre":"Playa Brava","jerarquia":5},"geometry":{"type":"LineString","coordinates":[[-70.13767,-20.24461],[-70.13764,-20.24473]]}},{"type":"Feature","properties":{"nombre":"Playa Brava","jerarquia":5},"geometry":{"type":"LineString","coordinates":[[-70.13764,-20.24473],[-70.13743,-20.24559]]}},{"type":"Feature","properties":{"nombre":"Playa Brava","jerarquia":5},"geometry":{"type":"LineString","coordinates":[[-70.13743,-20.24559],[-70.13729,-20.24617]]}},{"type":"Feature","properties":{"nombre":"Playa Brava","jerarquia":5},"geometry":{"type":"LineString","coordinates":[[-70.13729,-20.24617],[-70.13716,-20.24672]]}},{"type":"Feature","properties":{"nombre":"Playa Brava","jerarquia":5},"geometry":{"type":"LineString","coordinates":[[-70.13716,-20.24672],[-70.13707,-20.24711]]}},{"type":"Feature","properties":{"nombre":"Playa Brava","jerarquia":5},"geometry":{"type":"LineString","coordinates":[[-70.13707,-20.24711],[-70.13687,-20.24791]]}},{"type":"Feature","properties":{"nombre":"Genaro Gallo","jerarquia":5},"geometry":{"type":"LineString","coordinates":[[-70.13901,-20.23593],[-70.13918,-20.23638]]}},{"type":"Feature","properties":{"nombre":"Genaro Gallo","jerarquia":5},"geometry":{"type":"LineString","coordinates":[[-70.13918,-20.23638],[-70.13926,-20.2366]]}},{"type":"Feature","properties":{"nombre":"Genaro Gallo","jerarquia":5},"geometry":{"type":"LineString","coordinates":[[-70.13926,-20.2366],[-70.13934,-20.23683]]}},{"type":"Feature","properties":{"nombre":"Genaro Gallo","jerarquia":5},"geometry":{"type":"LineString","coordinates":[[-70.13934,-20.23683],[-70.13952,-20.23732]]}},{"type":"Feature","properties":{"nombre":"Genaro Gallo","jerarquia":5},"geometry":{"type":"LineString","coordinates":[[-70.13952,-20.23732],[-70.13971,-20.23782]]}},{"type":"Feature","properties":{"nombre":"Genaro Gallo","jerarquia":5},"geometry":{"type":"LineString","coordinates":[[-70.13971,-20.23782],[-70.13988,-20.23826]]}},{"type":"Feature","properties":{"nombre":"Genaro Gallo","jerarquia":5},"geometry":{"type":"LineString","coordinates":[[-70.13988,-20.23826],[-70.14001,-20.23862]]}},{"type":"Feature","properties":{"nombre":"Genaro Gallo","jerarquia":5},"geometry":{"type":"LineString","coordinates":[[-70.14001,-20.23862],[-70.14028,-20.23934]]}},{"type":"Feature","properties":{"nombre":"Genaro Gallo","jerarquia":5},"geometry":{"type":"LineString","coordinates":[[-70.14028,-20.23934],[-70.1403,-20.2394]]}},{"type":"Feature","properties":{"nombre":"Genaro Gallo","jerarquia":5},"geometry":{"type":"LineString","coordinates":[[-70.14153,-20.24265],[-70.14218,-20.24314]]}},{"type":"Feature","properties":{"nombre":"Dos Oriente","jerarquia":5},"geometry":{"type":"LineString","coordinates":[[-70.12429,-20.28036],[-70.1243,-20.28024]]}},{"type":"Feature","properties":{"nombre":"","jerarquia":1},"geometry":{"type":"LineString","coordinates":[[-70.0228,-20.23831],[-70.02261,-20.23866],[-70.02258,-20.23895]]}},{"type":"Feature","properties":{"nombre":"","jerarquia":1},"geometry":{"type":"LineString","coordinates":[[-70.02258,-20.23895],[-70.02264,-20.23922]]}},{"type":"Feature","properties":{"nombre":"Ruta 16","jerarquia":1},"geometry":{"type":"LineString","coordinates":[[-70.10618,-20.28307],[-70.10627,-20.28243],[-70.1062,-20.28195],[-70.10599,-20.28146],[-70.10559,-20.28098]]}},{"type":"Feature","properties":{"nombre":"","jerarquia":1},"geometry":{"type":"LineString","coordinates":[[-70.0563,-20.26345],[-70.05855,-20.26288],[-70.0603,-20.26253]]}},{"type":"Feature","properties":{"nombre":"Avenida Los Cóndores","jerarquia":5},"geometry":{"type":"LineString","coordinates":[[-70.09557,-20.27503],[-70.09536,-20.27511]]}},{"type":"Feature","properties":{"nombre":"Avenida Los Cóndores","jerarquia":5},"geometry":{"type":"LineString","coordinates":[[-70.09536,-20.27511],[-70.09534,-20.27512]]}},{"type":"Feature","properties":{"nombre":"Ruta 16","jerarquia":1},"geometry":{"type":"LineString","coordinates":[[-70.08869,-20.26778],[-70.0907,-20.26843],[-70.09142,-20.26873],[-70.09206,-20.26912],[-70.09269,-20.26972],[-70.09316,-20.27041],[-70.09467,-20.27335],[-70.0967,-20.27762]]}},{"type":"Feature","properties":{"nombre":"Las Américas","jerarquia":3},"geometry":{"type":"LineString","coordinates":[[-70.10095,-20.27964],[-70.10103,-20.27943]]}},{"type":"Feature","properties":{"nombre":"Las Américas","jerarquia":3},"geometry":{"type":"LineString","coordinates":[[-70.10079,-20.27989],[-70.10095,-20.27964]]}},{"type":"Feature","properties":{"nombre":"Ruta 16","jerarquia":1},"geometry":{"type":"LineString","coordinates":[[-70.09681,-20.2781],[-70.09472,-20.27364],[-70.09308,-20.27045],[-70.09271,-20.26988],[-70.09215,-20.26931]]}},{"type":"Feature","properties":{"nombre":"Ruta 16","jerarquia":1},"geometry":{"type":"LineString","coordinates":[[-70.0967,-20.27762],[-70.09713,-20.27847],[-70.09743,-20.27876],[-70.09785,-20.27902]]}},{"type":"Feature","properties":{"nombre":"Ruta 16","jerarquia":1},"geometry":{"type":"LineString","coordinates":[[-70.09774,-20.27907],[-70.09716,-20.27864],[-70.09681,-20.2781]]}},{"type":"Feature","properties":{"nombre":"Ruta 16","jerarquia":1},"geometry":{"type":"LineString","coordinates":[[-70.10576,-20.2806],[-70.10647,-20.28071],[-70.10681,-20.28069],[-70.10714,-20.2806],[-70.10765,-20.28032],[-70.10789,-20.28008],[-70.10808,-20.2798]]}},{"type":"Feature","properties":{"nombre":"","jerarquia":1},"geometry":{"type":"LineString","coordinates":[[-70.10627,-20.28052],[-70.10692,-20.28053],[-70.10742,-20.28036]]}},{"type":"Feature","properties":{"nombre":"Ruta 16","jerarquia":1},"geometry":{"type":"LineString","coordinates":[[-70.10808,-20.2798],[-70.10882,-20.27856],[-70.11019,-20.27712],[-70.11038,-20.27686],[-70.1118,-20.27358],[-70.11181,-20.27305],[-70.11159,-20.27236],[-70.11154,-20.272],[-70.11156,-20.2708],[-70.11151,-20.2695],[-70.11155,-20.269],[-70.11191,-20.26721],[-70.11206,-20.26595],[-70.11214,-20.26489],[-70.11207,-20.26347],[-70.11221,-20.26308],[-70.11274,-20.26255],[-70.1129,-20.26229],[-70.11294,-20.2619],[-70.11279,-20.26109],[-70.11284,-20.26063],[-70.11363,-20.25897],[-70.11399,-20.25776],[-70.11401,-20.25726],[-70.1136,-20.25641],[-70.11355,-20.25609],[-70.11358,-20.2558]]}},{"type":"Feature","properties":{"nombre":"Ruta 16","jerarquia":1},"geometry":{"type":"LineString","coordinates":[[-70.11358,-20.2558],[-70.11401,-20.25508],[-70.11451,-20.25361],[-70.11457,-20.25312],[-70.11448,-20.25211],[-70.11455,-20.25181],[-70.11466,-20.25163],[-70.11483,-20.25147],[-70.11509,-20.25132],[-70.11698,-20.25072],[-70.11739,-20.2505],[-70.11767,-20.2503],[-70.12089,-20.24676],[-70.12182,-20.24602],[-70.1224,-20.24521],[-70.12345,-20.244],[-70.12381,-20.24348],[-70.12402,-20.24302],[-70.12417,-20.24241],[-70.12413,-20.24076],[-70.12416,-20.24007],[-70.12428,-20.23905],[-70.1245,-20.23793],[-70.12487,-20.2366],[-70.1267,-20.23098],[-70.12742,-20.22921],[-70.12806,-20.22802],[-70.13089,-20.22365]]}},{"type":"Feature","properties":{"nombre":"","jerarquia":1},"geometry":{"type":"LineString","coordinates":[[-70.10617,-20.2825],[-70.10603,-20.28195],[-70.10586,-20.28164],[-70.10566,-20.28139],[-70.10517,-20.28104],[-70.10457,-20.28084]]}},{"type":"Feature","properties":{"nombre":"Salitrera Santa Laura","jerarquia":5},"geometry":{"type":"LineString","coordinates":[[-70.10116,-20.27917],[-70.10219,-20.27929]]}},{"type":"Feature","properties":{"nombre":"Salitrera Santa Laura","jerarquia":5},"geometry":{"type":"LineString","coordinates":[[-70.10219,-20.27929],[-70.10265,-20.27939]]}},{"type":"Feature","properties":{"nombre":"Salitrera Santa Laura","jerarquia":5},"geometry":{"type":"LineString","coordinates":[[-70.10265,-20.27939],[-70.10296,-20.27949]]}},{"type":"Feature","properties":{"nombre":"Salitrera Santa Laura","jerarquia":5},"geometry":{"type":"LineString","coordinates":[[-70.10296,-20.27949],[-70.10339,-20.27965]]}},{"type":"Feature","properties":{"nombre":"Santa Rosa de Molle","jerarquia":5},"geometry":{"type":"LineString","coordinates":[[-70.09992,-20.27988],[-70.09964,-20.27988]]}},{"type":"Feature","properties":{"nombre":"Las Américas","jerarquia":5},"geometry":{"type":"LineString","coordinates":[[-70.10107,-20.27917],[-70.10107,-20.27899]]}},{"type":"Feature","properties":{"nombre":"Las Américas","jerarquia":5},"geometry":{"type":"LineString","coordinates":[[-70.10107,-20.27899],[-70.10101,-20.27892]]}},{"type":"Feature","properties":{"nombre":"Oficina Salitrera Victoria","jerarquia":5},"geometry":{"type":"LineString","coordinates":[[-70.1406,-20.2049],[-70.13697,-20.20491]]}},{"type":"Feature","properties":{"nombre":"Oficina Salitrera Victoria","jerarquia":5},"geometry":{"type":"LineString","coordinates":[[-70.13697,-20.20491],[-70.13576,-20.20493]]}},{"type":"Feature","properties":{"nombre":"Oficina Salitrera Victoria","jerarquia":5},"geometry":{"type":"LineString","coordinates":[[-70.13576,-20.20493],[-70.13125,-20.20501]]}},{"type":"Feature","properties":{"nombre":"Avenida Arturo Prat Chacón","jerarquia":3},"geometry":{"type":"LineString","coordinates":[[-70.14312,-20.20787],[-70.14359,-20.20762]]}},{"type":"Feature","properties":{"nombre":"Avenida Arturo Prat Chacón","jerarquia":3},"geometry":{"type":"LineString","coordinates":[[-70.14359,-20.20762],[-70.14378,-20.20751]]}},{"type":"Feature","properties":{"nombre":"Avenida Arturo Prat Chacón","jerarquia":3},"geometry":{"type":"LineString","coordinates":[[-70.14378,-20.20751],[-70.14561,-20.20646],[-70.1458,-20.20623]]}},{"type":"Feature","properties":{"nombre":"Avenida Monte Los Olivos","jerarquia":5},"geometry":{"type":"LineString","coordinates":[[-70.096,-20.262],[-70.09653,-20.26136]]}},{"type":"Feature","properties":{"nombre":"Avenida Monte Los Olivos","jerarquia":5},"geometry":{"type":"LineString","coordinates":[[-70.09653,-20.26136],[-70.09722,-20.26052]]}},{"type":"Feature","properties":{"nombre":"Avenida Monte Los Olivos","jerarquia":5},"geometry":{"type":"LineString","coordinates":[[-70.09722,-20.26052],[-70.0975,-20.26017]]}},{"type":"Feature","properties":{"nombre":"Avenida Monte Los Olivos","jerarquia":5},"geometry":{"type":"LineString","coordinates":[[-70.0975,-20.26017],[-70.09764,-20.26001]]}},{"type":"Feature","properties":{"nombre":"Avenida Monte Los Olivos","jerarquia":5},"geometry":{"type":"LineString","coordinates":[[-70.09764,-20.26001],[-70.0978,-20.25982]]}},{"type":"Feature","properties":{"nombre":"Avenida Monte Los Olivos","jerarquia":5},"geometry":{"type":"LineString","coordinates":[[-70.0978,-20.25982],[-70.0981,-20.25945]]}},{"type":"Feature","properties":{"nombre":"Avenida Monte Los Olivos","jerarquia":5},"geometry":{"type":"LineString","coordinates":[[-70.0981,-20.25945],[-70.09834,-20.25916]]}},{"type":"Feature","properties":{"nombre":"Avenida Monte Los Olivos","jerarquia":5},"geometry":{"type":"LineString","coordinates":[[-70.10444,-20.25329],[-70.10275,-20.25406],[-70.10229,-20.25458]]}},{"type":"Feature","properties":{"nombre":"Avenida Monte Los Olivos","jerarquia":5},"geometry":{"type":"LineString","coordinates":[[-70.10229,-20.25458],[-70.10205,-20.25487]]}},{"type":"Feature","properties":{"nombre":"Avenida Monte Los Olivos","jerarquia":5},"geometry":{"type":"LineString","coordinates":[[-70.10205,-20.25487],[-70.1018,-20.25517]]}},{"type":"Feature","properties":{"nombre":"Avenida Monte Los Olivos","jerarquia":5},"geometry":{"type":"LineString","coordinates":[[-70.1018,-20.25517],[-70.10155,-20.25547]]}},{"type":"Feature","properties":{"nombre":"Avenida Monte Los Olivos","jerarquia":5},"geometry":{"type":"LineString","coordinates":[[-70.10155,-20.25547],[-70.10129,-20.25579]]}},{"type":"Feature","properties":{"nombre":"Avenida Monte Los Olivos","jerarquia":5},"geometry":{"type":"LineString","coordinates":[[-70.10129,-20.25579],[-70.10064,-20.25658]]}},{"type":"Feature","properties":{"nombre":"Avenida Monte Los Olivos","jerarquia":5},"geometry":{"type":"LineString","coordinates":[[-70.10064,-20.25658],[-70.10011,-20.25723]]}},{"type":"Feature","properties":{"nombre":"Avenida Monte Los Olivos","jerarquia":5},"geometry":{"type":"LineString","coordinates":[[-70.10011,-20.25723],[-70.0995,-20.25797]]}},{"type":"Feature","properties":{"nombre":"Avenida Monte Los Olivos","jerarquia":5},"geometry":{"type":"LineString","coordinates":[[-70.0995,-20.25797],[-70.09938,-20.25811]]}},{"type":"Feature","properties":{"nombre":"Avenida Monte Los Olivos","jerarquia":5},"geometry":{"type":"LineString","coordinates":[[-70.09938,-20.25811],[-70.09889,-20.2587]]}},{"type":"Feature","properties":{"nombre":"Avenida Monte Los Olivos","jerarquia":5},"geometry":{"type":"LineString","coordinates":[[-70.09889,-20.2587],[-70.09882,-20.25879]]}},{"type":"Feature","properties":{"nombre":"Avenida Monte Los Olivos","jerarquia":5},"geometry":{"type":"LineString","coordinates":[[-70.09882,-20.25879],[-70.09877,-20.25885]]}},{"type":"Feature","properties":{"nombre":"","jerarquia":5},"geometry":{"type":"LineString","coordinates":[[-70.15854,-20.41021],[-70.15873,-20.41058]]}},{"type":"Feature","properties":{"nombre":"Ruta A-616","jerarquia":4},"geometry":{"type":"LineString","coordinates":[[-70.02319,-20.23296],[-70.02389,-20.23267],[-70.02442,-20.23255],[-70.02759,-20.2324],[-70.02819,-20.2323],[-70.02892,-20.23202],[-70.03025,-20.23116],[-70.0305,-20.23107],[-70.03069,-20.23112],[-70.03087,-20.23133],[-70.03115,-20.23246],[-70.03128,-20.23272],[-70.03142,-20.23287],[-70.03167,-20.23305],[-70.03239,-20.23333],[-70.03262,-20.23338],[-70.03281,-20.23336],[-70.03296,-20.23323],[-70.03302,-20.23309],[-70.03301,-20.23288],[-70.03286,-20.23244],[-70.03293,-20.23226],[-70.03305,-20.23214],[-70.03339,-20.23204],[-70.03463,-20.23206],[-70.03493,-20.23193],[-70.03515,-20.23171],[-70.03527,-20.23132],[-70.03575,-20.22869],[-70.03591,-20.22833],[-70.03624,-20.2279],[-70.03666,-20.22752],[-70.03726,-20.22721],[-70.03786,-20.22706],[-70.03854,-20.227],[-70.0389,-20.22704],[-70.03925,-20.22717],[-70.04059,-20.22808],[-70.04113,-20.22824],[-70.04144,-20.22822],[-70.04216,-20.22797],[-70.04255,-20.2279],[-70.04391,-20.22808],[-70.04451,-20.22805],[-70.04501,-20.2279],[-70.04617,-20.22738],[-70.04684,-20.22723],[-70.04741,-20.22723],[-70.04799,-20.22736],[-70.0485,-20.22762],[-70.04911,-20.22807],[-70.05015,-20.22922],[-70.05052,-20.22957],[-70.05485,-20.23204],[-70.05526,-20.23233],[-70.05557,-20.23267]]}},{"type":"Feature","properties":{"nombre":"Ruta A-616","jerarquia":4},"geometry":{"type":"LineString","coordinates":[[-70.05557,-20.23267],[-70.05629,-20.23379]]}},{"type":"Feature","properties":{"nombre":"","jerarquia":1},"geometry":{"type":"LineString","coordinates":[[-70.05809,-20.26335],[-70.05602,-20.2636]]}},{"type":"Feature","properties":{"nombre":"Calle Local","jerarquia":5},"geometry":{"type":"LineString","coordinates":[[-70.0603,-20.26253],[-70.07139,-20.26045],[-70.07347,-20.25992],[-70.07435,-20.2598]]}},{"type":"Feature","properties":{"nombre":"Calle Local","jerarquia":5},"geometry":{"type":"LineString","coordinates":[[-70.07435,-20.2598],[-70.07469,-20.25979]]}},{"type":"Feature","properties":{"nombre":"Calle Local","jerarquia":5},"geometry":{"type":"LineString","coordinates":[[-70.07469,-20.25979],[-70.07485,-20.25979]]}},{"type":"Feature","properties":{"nombre":"Acceso Monumento Marino Desconocido (Iquique)","jerarquia":5},"geometry":{"type":"LineString","coordinates":[[-70.14213,-20.17496],[-70.14199,-20.17519],[-70.1418,-20.17539],[-70.14117,-20.17578],[-70.14075,-20.17614],[-70.14008,-20.17689],[-70.13958,-20.17733],[-70.13945,-20.17756],[-70.13899,-20.17934],[-70.13892,-20.18044],[-70.13873,-20.18123],[-70.13869,-20.18186],[-70.13838,-20.18252],[-70.1383,-20.18279],[-70.13817,-20.18393],[-70.138,-20.18448],[-70.13799,-20.18542],[-70.13769,-20.1861],[-70.13757,-20.18649],[-70.13756,-20.18672],[-70.13767,-20.18752],[-70.13761,-20.1879],[-70.13727,-20.1888],[-70.13694,-20.18949],[-70.13654,-20.18974],[-70.13628,-20.18997],[-70.13611,-20.19023],[-70.13606,-20.19039],[-70.13614,-20.19092],[-70.13608,-20.19137]]}},{"type":"Feature","properties":{"nombre":"Camino a Alto Caleta Buena","jerarquia":5},"geometry":{"type":"LineString","coordinates":[[-70.05557,-20.23267],[-70.05556,-20.23213],[-70.05482,-20.2308]]}},{"type":"Feature","properties":{"nombre":"Camino a Alto Caleta Buena","jerarquia":5},"geometry":{"type":"LineString","coordinates":[[-70.05482,-20.2308],[-70.05348,-20.22543],[-70.05273,-20.22362],[-70.05247,-20.22327],[-70.0519,-20.22287],[-70.05133,-20.22235],[-70.05045,-20.22167],[-70.05028,-20.22133],[-70.05002,-20.22017],[-70.0499,-20.21993],[-70.04953,-20.21946],[-70.04953,-20.21893],[-70.04917,-20.21795],[-70.04918,-20.21758],[-70.04927,-20.21716],[-70.04925,-20.21686],[-70.04875,-20.21589],[-70.0487,-20.21556],[-70.04869,-20.21477],[-70.0486,-20.21424],[-70.04836,-20.21377],[-70.04833,-20.21327],[-70.04776,-20.2123],[-70.04764,-20.21185],[-70.04765,-20.21154],[-70.04779,-20.21085],[-70.04756,-20.2102],[-70.04755,-20.2099],[-70.04785,-20.2093],[-70.04801,-20.2082],[-70.04841,-20.20742]]}},{"type":"Feature","properties":{"nombre":"Camino a Alto Caleta Buena","jerarquia":5},"geometry":{"type":"LineString","coordinates":[[-70.04841,-20.20742],[-70.0484,-20.2071],[-70.04825,-20.20673],[-70.04772,-20.20594],[-70.0474,-20.20556]]}},{"type":"Feature","properties":{"nombre":"Camino a Alto Caleta Buena","jerarquia":5},"geometry":{"type":"LineString","coordinates":[[-70.0474,-20.20556],[-70.04659,-20.20461],[-70.04647,-20.20438],[-70.04644,-20.20419],[-70.04686,-20.20299],[-70.04763,-20.20133],[-70.04777,-20.20122],[-70.04798,-20.20116],[-70.04971,-20.20096],[-70.04994,-20.20096],[-70.05058,-20.20116],[-70.05083,-20.20117],[-70.05169,-20.20052],[-70.05182,-20.20036],[-70.05188,-20.20022],[-70.05187,-20.20002],[-70.0518,-20.19981],[-70.05081,-20.19809],[-70.04991,-20.19622],[-70.04913,-20.19421],[-70.04894,-20.19351],[-70.04891,-20.19317],[-70.04894,-20.19262],[-70.04917,-20.19059],[-70.04926,-20.18774],[-70.04924,-20.185],[-70.04929,-20.18476],[-70.05028,-20.18261],[-70.05052,-20.18228],[-70.05067,-20.18219],[-70.05144,-20.18206],[-70.05326,-20.18146],[-70.05425,-20.18082],[-70.05448,-20.18058],[-70.05463,-20.18032],[-70.05466,-20.18007],[-70.0546,-20.17981],[-70.05376,-20.1785],[-70.05358,-20.17803],[-70.05347,-20.17707],[-70.05353,-20.17656],[-70.05419,-20.17509],[-70.05511,-20.17254],[-70.05598,-20.16988],[-70.05658,-20.16842],[-70.05864,-20.164],[-70.05898,-20.16287],[-70.05923,-20.16224],[-70.06032,-20.16021],[-70.06122,-20.15878],[-70.06158,-20.15808],[-70.06174,-20.15762],[-70.06204,-20.15629],[-70.06234,-20.15479],[-70.06265,-20.15279]]}},{"type":"Feature","properties":{"nombre":"Santa Rosa de Molle","jerarquia":5},"geometry":{"type":"LineString","coordinates":[[-70.09842,-20.2803],[-70.09743,-20.28075],[-70.09391,-20.28195]]}},{"type":"Feature","properties":{"nombre":"Santa Rosa de Molle","jerarquia":5},"geometry":{"type":"LineString","coordinates":[[-70.09391,-20.28195],[-70.09355,-20.28218],[-70.09323,-20.28278]]}},{"type":"Feature","properties":{"nombre":"Avenida Sor Teresa de Los Andes","jerarquia":5},"geometry":{"type":"LineString","coordinates":[[-70.09463,-20.2848],[-70.09488,-20.28428]]}},{"type":"Feature","properties":{"nombre":"Avenida Sor Teresa de Los Andes","jerarquia":5},"geometry":{"type":"LineString","coordinates":[[-70.09488,-20.28428],[-70.09495,-20.28412]]}},{"type":"Feature","properties":{"nombre":"Avenida Sor Teresa de Los Andes","jerarquia":5},"geometry":{"type":"LineString","coordinates":[[-70.09495,-20.28412],[-70.09516,-20.2837]]}},{"type":"Feature","properties":{"nombre":"Avenida Sor Teresa de Los Andes","jerarquia":5},"geometry":{"type":"LineString","coordinates":[[-70.09516,-20.2837],[-70.09524,-20.28354]]}},{"type":"Feature","properties":{"nombre":"Avenida Sor Teresa de Los Andes","jerarquia":5},"geometry":{"type":"LineString","coordinates":[[-70.09524,-20.28354],[-70.09545,-20.28308]]}},{"type":"Feature","properties":{"nombre":"Avenida Sor Teresa de Los Andes","jerarquia":5},"geometry":{"type":"LineString","coordinates":[[-70.09545,-20.28308],[-70.0955,-20.28296]]}},{"type":"Feature","properties":{"nombre":"","jerarquia":1},"geometry":{"type":"LineString","coordinates":[[-70.10591,-20.2835],[-70.10592,-20.28335],[-70.10583,-20.28321],[-70.10546,-20.28313],[-70.10523,-20.28318],[-70.10451,-20.28347],[-70.10434,-20.28366]]}},{"type":"Feature","properties":{"nombre":"","jerarquia":1},"geometry":{"type":"LineString","coordinates":[[-70.10434,-20.28366],[-70.10432,-20.28371]]}},{"type":"Feature","properties":{"nombre":"Teniente Hernán Merino Correa","jerarquia":5},"geometry":{"type":"LineString","coordinates":[[-70.10505,-20.25803],[-70.10481,-20.25833]]}},{"type":"Feature","properties":{"nombre":"Teniente Hernán Merino Correa","jerarquia":5},"geometry":{"type":"LineString","coordinates":[[-70.10481,-20.25833],[-70.10431,-20.25895]]}},{"type":"Feature","properties":{"nombre":"Teniente Hernán Merino Correa","jerarquia":5},"geometry":{"type":"LineString","coordinates":[[-70.10431,-20.25895],[-70.10402,-20.25934]]}},{"type":"Feature","properties":{"nombre":"Teniente Hernán Merino Correa","jerarquia":5},"geometry":{"type":"LineString","coordinates":[[-70.10402,-20.25934],[-70.10394,-20.25942]]}},{"type":"Feature","properties":{"nombre":"Teniente Hernán Merino Correa","jerarquia":5},"geometry":{"type":"LineString","coordinates":[[-70.10394,-20.25942],[-70.10373,-20.25969]]}},{"type":"Feature","properties":{"nombre":"Teniente Hernán Merino Correa","jerarquia":5},"geometry":{"type":"LineString","coordinates":[[-70.10373,-20.25969],[-70.10363,-20.2598]]}},{"type":"Feature","properties":{"nombre":"Teniente Hernán Merino Correa","jerarquia":5},"geometry":{"type":"LineString","coordinates":[[-70.10363,-20.2598],[-70.10338,-20.26003]]}},{"type":"Feature","properties":{"nombre":"Teniente Hernán Merino Correa","jerarquia":5},"geometry":{"type":"LineString","coordinates":[[-70.10338,-20.26003],[-70.10251,-20.2607]]}},{"type":"Feature","properties":{"nombre":"Teniente Hernán Merino Correa","jerarquia":5},"geometry":{"type":"LineString","coordinates":[[-70.10251,-20.2607],[-70.10182,-20.26124]]}},{"type":"Feature","properties":{"nombre":"Teniente Hernán Merino Correa","jerarquia":5},"geometry":{"type":"LineString","coordinates":[[-70.10182,-20.26124],[-70.10034,-20.26239]]}},{"type":"Feature","properties":{"nombre":"Teniente Hernán Merino Correa","jerarquia":5},"geometry":{"type":"LineString","coordinates":[[-70.10034,-20.26239],[-70.09961,-20.26296]]}},{"type":"Feature","properties":{"nombre":"Teniente Hernán Merino Correa","jerarquia":5},"geometry":{"type":"LineString","coordinates":[[-70.09961,-20.26296],[-70.09875,-20.26364]]}},{"type":"Feature","properties":{"nombre":"Teniente Hernán Merino Correa","jerarquia":5},"geometry":{"type":"LineString","coordinates":[[-70.09875,-20.26364],[-70.09872,-20.26366]]}},{"type":"Feature","properties":{"nombre":"Avenida Las Parcelas","jerarquia":4},"geometry":{"type":"LineString","coordinates":[[-70.09325,-20.27107],[-70.09328,-20.27102]]}},{"type":"Feature","properties":{"nombre":"Avenida Las Parcelas","jerarquia":4},"geometry":{"type":"LineString","coordinates":[[-70.0935,-20.2708],[-70.09347,-20.27085]]}},{"type":"Feature","properties":{"nombre":"Avenida Las Parcelas","jerarquia":5},"geometry":{"type":"LineString","coordinates":[[-70.08921,-20.27879],[-70.08865,-20.28067]]}},{"type":"Feature","properties":{"nombre":"Avenida Las Parcelas","jerarquia":5},"geometry":{"type":"LineString","coordinates":[[-70.08865,-20.28067],[-70.0884,-20.28141]]}},{"type":"Feature","properties":{"nombre":"Avenida Las Parcelas","jerarquia":5},"geometry":{"type":"LineString","coordinates":[[-70.09179,-20.27363],[-70.09204,-20.27319]]}},{"type":"Feature","properties":{"nombre":"Avenida Las Parcelas","jerarquia":5},"geometry":{"type":"LineString","coordinates":[[-70.09204,-20.27319],[-70.09223,-20.27287]]}},{"type":"Feature","properties":{"nombre":"Avenida Las Parcelas","jerarquia":5},"geometry":{"type":"LineString","coordinates":[[-70.09223,-20.27287],[-70.09242,-20.27253]]}},{"type":"Feature","properties":{"nombre":"Avenida Las Parcelas","jerarquia":5},"geometry":{"type":"LineString","coordinates":[[-70.09242,-20.27253],[-70.09268,-20.27208]]}},{"type":"Feature","properties":{"nombre":"Avenida Las Parcelas","jerarquia":5},"geometry":{"type":"LineString","coordinates":[[-70.09268,-20.27208],[-70.09325,-20.27107]]}},{"type":"Feature","properties":{"nombre":"Avenida La Pampa","jerarquia":5},"geometry":{"type":"LineString","coordinates":[[-70.10081,-20.27017],[-70.10036,-20.26994]]}},{"type":"Feature","properties":{"nombre":"Avenida La Pampa","jerarquia":5},"geometry":{"type":"LineString","coordinates":[[-70.10036,-20.26994],[-70.09993,-20.26971]]}},{"type":"Feature","properties":{"nombre":"Avenida La Pampa","jerarquia":5},"geometry":{"type":"LineString","coordinates":[[-70.09993,-20.26971],[-70.09948,-20.26948]]}},{"type":"Feature","properties":{"nombre":"Avenida La Pampa","jerarquia":5},"geometry":{"type":"LineString","coordinates":[[-70.09948,-20.26948],[-70.09906,-20.26927]]}},{"type":"Feature","properties":{"nombre":"Avenida La Pampa","jerarquia":5},"geometry":{"type":"LineString","coordinates":[[-70.09906,-20.26927],[-70.09864,-20.26905]]}},{"type":"Feature","properties":{"nombre":"Avenida La Pampa","jerarquia":5},"geometry":{"type":"LineString","coordinates":[[-70.09864,-20.26905],[-70.09829,-20.26887]]}},{"type":"Feature","properties":{"nombre":"Avenida La Pampa","jerarquia":5},"geometry":{"type":"LineString","coordinates":[[-70.09829,-20.26887],[-70.09822,-20.26883]]}},{"type":"Feature","properties":{"nombre":"Avenida La Pampa","jerarquia":5},"geometry":{"type":"LineString","coordinates":[[-70.10068,-20.27886],[-70.10041,-20.27881]]}},{"type":"Feature","properties":{"nombre":"Avenida La Pampa","jerarquia":5},"geometry":{"type":"LineString","coordinates":[[-70.10041,-20.27881],[-70.09914,-20.27857],[-70.09896,-20.27845]]}},{"type":"Feature","properties":{"nombre":"Avenida La Pampa","jerarquia":5},"geometry":{"type":"LineString","coordinates":[[-70.09896,-20.27845],[-70.09887,-20.27828]]}},{"type":"Feature","properties":{"nombre":"","jerarquia":1},"geometry":{"type":"LineString","coordinates":[[-70.08753,-20.26768],[-70.08684,-20.26739]]}},{"type":"Feature","properties":{"nombre":"Ruta 16","jerarquia":1},"geometry":{"type":"LineString","coordinates":[[-70.09785,-20.27902],[-70.09847,-20.27924],[-70.10065,-20.2797],[-70.10458,-20.28037]]}},{"type":"Feature","properties":{"nombre":"Ruta 16","jerarquia":1},"geometry":{"type":"LineString","coordinates":[[-70.10483,-20.28054],[-70.10439,-20.28043],[-70.10103,-20.27986],[-70.09905,-20.27945]]}},{"type":"Feature","properties":{"nombre":"","jerarquia":1},"geometry":{"type":"LineString","coordinates":[[-70.02592,-20.24609],[-70.02591,-20.24589],[-70.02599,-20.24579],[-70.02613,-20.24579],[-70.02628,-20.24589]]}},{"type":"Feature","properties":{"nombre":"","jerarquia":1},"geometry":{"type":"LineString","coordinates":[[-70.02595,-20.24529],[-70.02596,-20.2455],[-70.02587,-20.24559],[-70.02572,-20.24559],[-70.02558,-20.24548]]}},{"type":"Feature","properties":{"nombre":"","jerarquia":1},"geometry":{"type":"LineString","coordinates":[[-70.01742,-20.23555],[-70.01839,-20.23527],[-70.01907,-20.23501]]}},{"type":"Feature","properties":{"nombre":"","jerarquia":1},"geometry":{"type":"LineString","coordinates":[[-70.11334,-20.25608],[-70.11326,-20.25635],[-70.11328,-20.2564],[-70.11339,-20.25645],[-70.11347,-20.25637],[-70.11351,-20.25599],[-70.11358,-20.2558]]}},{"type":"Feature","properties":{"nombre":"Avenida Mártir Detective José Cubillos Rivera","jerarquia":5},"geometry":{"type":"LineString","coordinates":[[-70.10134,-20.28883],[-70.10054,-20.28929]]}},{"type":"Feature","properties":{"nombre":"Avenida Mártir Detective José Cubillos Rivera","jerarquia":5},"geometry":{"type":"LineString","coordinates":[[-70.10054,-20.28929],[-70.10047,-20.28931]]}},{"type":"Feature","properties":{"nombre":"Avenida Mártir Detective José Cubillos Rivera","jerarquia":5},"geometry":{"type":"LineString","coordinates":[[-70.10047,-20.28931],[-70.10036,-20.28935]]}},{"type":"Feature","properties":{"nombre":"Avenida Mártir Detective José Cubillos Rivera","jerarquia":5},"geometry":{"type":"LineString","coordinates":[[-70.10036,-20.28935],[-70.09938,-20.28967]]}},{"type":"Feature","properties":{"nombre":"Avenida Mártir Detective José Cubillos Rivera","jerarquia":5},"geometry":{"type":"LineString","coordinates":[[-70.09938,-20.28967],[-70.09836,-20.29]]}},{"type":"Feature","properties":{"nombre":"Avenida Mártir Detective José Cubillos Rivera","jerarquia":5},"geometry":{"type":"LineString","coordinates":[[-70.09836,-20.29],[-70.09736,-20.29032]]}},{"type":"Feature","properties":{"nombre":"Avenida Mártir Detective José Cubillos Rivera","jerarquia":5},"geometry":{"type":"LineString","coordinates":[[-70.09736,-20.29032],[-70.09639,-20.29065]]}},{"type":"Feature","properties":{"nombre":"Teniente Hernán Merino Correa","jerarquia":5},"geometry":{"type":"LineString","coordinates":[[-70.10638,-20.25607],[-70.10636,-20.25624]]}},{"type":"Feature","properties":{"nombre":"Teniente Hernán Merino Correa","jerarquia":5},"geometry":{"type":"LineString","coordinates":[[-70.10636,-20.25624],[-70.10634,-20.25642]]}},{"type":"Feature","properties":{"nombre":"Camino a Punta Negra","jerarquia":5},"geometry":{"type":"LineString","coordinates":[[-70.14213,-20.17496],[-70.14237,-20.17425],[-70.14265,-20.17376],[-70.14308,-20.17331],[-70.14329,-20.17315],[-70.14427,-20.17263],[-70.14467,-20.17174],[-70.14495,-20.17148],[-70.14527,-20.17106]]}},{"type":"Feature","properties":{"nombre":"Avenida Circunvalación","jerarquia":5},"geometry":{"type":"LineString","coordinates":[[-70.13601,-20.19215],[-70.13633,-20.19215],[-70.13642,-20.1922],[-70.13643,-20.19232],[-70.13635,-20.19275]]}},{"type":"Feature","properties":{"nombre":"Avenida Circunvalación","jerarquia":5},"geometry":{"type":"LineString","coordinates":[[-70.13635,-20.19275],[-70.13601,-20.19215]]}},{"type":"Feature","properties":{"nombre":"Avenida Circunvalación","jerarquia":5},"geometry":{"type":"LineString","coordinates":[[-70.13601,-20.19215],[-70.13593,-20.19199],[-70.13608,-20.19137]]}},{"type":"Feature","properties":{"nombre":"Avenida Presidente Ricardo Lagos","jerarquia":5},"geometry":{"type":"LineString","coordinates":[[-70.09175,-20.28598],[-70.08949,-20.28445]]}},{"type":"Feature","properties":{"nombre":"Avenida Presidente Ricardo Lagos","jerarquia":5},"geometry":{"type":"LineString","coordinates":[[-70.08949,-20.28445],[-70.08787,-20.28334],[-70.08742,-20.28308]]}},{"type":"Feature","properties":{"nombre":"Santa Rosa de Molle","jerarquia":5},"geometry":{"type":"LineString","coordinates":[[-70.09323,-20.28278],[-70.09314,-20.28296]]}},{"type":"Feature","properties":{"nombre":"Santa Rosa de Molle","jerarquia":5},"geometry":{"type":"LineString","coordinates":[[-70.09314,-20.28296],[-70.09292,-20.28346]]}},{"type":"Feature","properties":{"nombre":"Santa Rosa de Molle","jerarquia":5},"geometry":{"type":"LineString","coordinates":[[-70.09292,-20.28346],[-70.09254,-20.28428]]}},{"type":"Feature","properties":{"nombre":"Santa Rosa de Molle","jerarquia":5},"geometry":{"type":"LineString","coordinates":[[-70.09254,-20.28428],[-70.09185,-20.2858]]}},{"type":"Feature","properties":{"nombre":"Santa Rosa de Molle","jerarquia":5},"geometry":{"type":"LineString","coordinates":[[-70.09185,-20.2858],[-70.0918,-20.28589]]}},{"type":"Feature","properties":{"nombre":"Santa Rosa de Molle","jerarquia":5},"geometry":{"type":"LineString","coordinates":[[-70.0918,-20.28589],[-70.09175,-20.28598]]}},{"type":"Feature","properties":{"nombre":"","jerarquia":5},"geometry":{"type":"LineString","coordinates":[[-70.09175,-20.28598],[-70.09173,-20.28603]]}},{"type":"Feature","properties":{"nombre":"","jerarquia":5},"geometry":{"type":"LineString","coordinates":[[-70.09173,-20.28603],[-70.09138,-20.28683],[-70.09117,-20.28709]]}},{"type":"Feature","properties":{"nombre":"","jerarquia":5},"geometry":{"type":"LineString","coordinates":[[-70.09117,-20.28709],[-70.09094,-20.28758],[-70.09087,-20.28794],[-70.09091,-20.28812],[-70.0911,-20.28855],[-70.09131,-20.28889],[-70.09131,-20.28899],[-70.09114,-20.28935]]}},{"type":"Feature","properties":{"nombre":"Carmela Carvajal de Prat","jerarquia":3},"geometry":{"type":"LineString","coordinates":[[-70.10172,-20.28028],[-70.10124,-20.28019]]}},{"type":"Feature","properties":{"nombre":"Carmela Carvajal de Prat","jerarquia":3},"geometry":{"type":"LineString","coordinates":[[-70.10124,-20.28019],[-70.10088,-20.2801]]}},{"type":"Feature","properties":{"nombre":"Carmela Carvajal de Prat","jerarquia":3},"geometry":{"type":"LineString","coordinates":[[-70.10088,-20.2801],[-70.10077,-20.28008]]}},{"type":"Feature","properties":{"nombre":"Avenida Las Américas","jerarquia":3},"geometry":{"type":"LineString","coordinates":[[-70.10406,-20.28969],[-70.10422,-20.2901]]}},{"type":"Feature","properties":{"nombre":"Avenida Las Américas","jerarquia":3},"geometry":{"type":"LineString","coordinates":[[-70.10422,-20.2901],[-70.10454,-20.29096]]}},{"type":"Feature","properties":{"nombre":"Avenida Las Américas","jerarquia":3},"geometry":{"type":"LineString","coordinates":[[-70.10454,-20.29096],[-70.10468,-20.29135]]}},{"type":"Feature","properties":{"nombre":"Avenida Las Américas","jerarquia":3},"geometry":{"type":"LineString","coordinates":[[-70.10468,-20.29135],[-70.10474,-20.29149]]}},{"type":"Feature","properties":{"nombre":"Avenida Las Américas","jerarquia":3},"geometry":{"type":"LineString","coordinates":[[-70.10474,-20.29149],[-70.10501,-20.29222]]}},{"type":"Feature","properties":{"nombre":"Avenida Las Américas","jerarquia":3},"geometry":{"type":"LineString","coordinates":[[-70.10501,-20.29222],[-70.10533,-20.29308]]}},{"type":"Feature","properties":{"nombre":"Avenida Las Américas","jerarquia":3},"geometry":{"type":"LineString","coordinates":[[-70.10533,-20.29308],[-70.10555,-20.29367]]}},{"type":"Feature","properties":{"nombre":"Avenida Las Américas","jerarquia":3},"geometry":{"type":"LineString","coordinates":[[-70.10555,-20.29367],[-70.10566,-20.29397]]}},{"type":"Feature","properties":{"nombre":"Avenida Las Américas","jerarquia":3},"geometry":{"type":"LineString","coordinates":[[-70.10566,-20.29397],[-70.10598,-20.29481]]}},{"type":"Feature","properties":{"nombre":"Avenida Las Américas","jerarquia":3},"geometry":{"type":"LineString","coordinates":[[-70.10598,-20.29481],[-70.10631,-20.2957]]}},{"type":"Feature","properties":{"nombre":"Avenida Las Américas","jerarquia":3},"geometry":{"type":"LineString","coordinates":[[-70.10631,-20.2957],[-70.10664,-20.29658]]}},{"type":"Feature","properties":{"nombre":"Avenida Las Américas","jerarquia":3},"geometry":{"type":"LineString","coordinates":[[-70.10664,-20.29658],[-70.10674,-20.29685]]}},{"type":"Feature","properties":{"nombre":"Avenida Las Américas","jerarquia":3},"geometry":{"type":"LineString","coordinates":[[-70.10674,-20.29685],[-70.10682,-20.29707]]}},{"type":"Feature","properties":{"nombre":"Avenida Las Américas","jerarquia":3},"geometry":{"type":"LineString","coordinates":[[-70.10682,-20.29707],[-70.10692,-20.29732]]}},{"type":"Feature","properties":{"nombre":"Avenida Las Américas","jerarquia":3},"geometry":{"type":"LineString","coordinates":[[-70.10692,-20.29732],[-70.1071,-20.29778]]}},{"type":"Feature","properties":{"nombre":"Avenida Las Américas","jerarquia":3},"geometry":{"type":"LineString","coordinates":[[-70.10111,-20.28209],[-70.10082,-20.28121]]}},{"type":"Feature","properties":{"nombre":"Avenida Las Américas","jerarquia":3},"geometry":{"type":"LineString","coordinates":[[-70.10082,-20.28121],[-70.10066,-20.28016]]}},{"type":"Feature","properties":{"nombre":"Avenida Las Américas","jerarquia":3},"geometry":{"type":"LineString","coordinates":[[-70.10066,-20.28016],[-70.10068,-20.28006]]}},{"type":"Feature","properties":{"nombre":"Avenida Unión Europea","jerarquia":5},"geometry":{"type":"LineString","coordinates":[[-70.09508,-20.29273],[-70.09393,-20.29224]]}},{"type":"Feature","properties":{"nombre":"Avenida Unión Europea","jerarquia":5},"geometry":{"type":"LineString","coordinates":[[-70.09393,-20.29224],[-70.09308,-20.29187]]}},{"type":"Feature","properties":{"nombre":"Avenida Unión Europea","jerarquia":5},"geometry":{"type":"LineString","coordinates":[[-70.09308,-20.29187],[-70.09175,-20.29131],[-70.0917,-20.29123]]}},{"type":"Feature","properties":{"nombre":"Playa Brava","jerarquia":5},"geometry":{"type":"LineString","coordinates":[[-70.13468,-20.2545],[-70.1349,-20.25408]]}},{"type":"Feature","properties":{"nombre":"Vía Local","jerarquia":3},"geometry":{"type":"LineString","coordinates":[[-70.10187,-20.27937],[-70.10295,-20.27961],[-70.1039,-20.28002]]}},{"type":"Feature","properties":{"nombre":"","jerarquia":1},"geometry":{"type":"LineString","coordinates":[[-70.09845,-20.27917],[-70.09955,-20.27933],[-70.10105,-20.27933]]}},{"type":"Feature","properties":{"nombre":"","jerarquia":1},"geometry":{"type":"LineString","coordinates":[[-70.09992,-20.27974],[-70.09956,-20.27961]]}},{"type":"Feature","properties":{"nombre":"Ruta 16","jerarquia":1},"geometry":{"type":"LineString","coordinates":[[-70.13089,-20.22365],[-70.13116,-20.22305],[-70.13154,-20.22134]]}},{"type":"Feature","properties":{"nombre":"Ruta 16","jerarquia":1},"geometry":{"type":"LineString","coordinates":[[-70.13191,-20.22117],[-70.13167,-20.22129],[-70.13158,-20.2216]]}},{"type":"Feature","properties":{"nombre":"","jerarquia":1},"geometry":{"type":"LineString","coordinates":[[-70.03754,-20.27284],[-70.03729,-20.27229],[-70.03722,-20.27198],[-70.03719,-20.27154]]}},{"type":"Feature","properties":{"nombre":"","jerarquia":1},"geometry":{"type":"LineString","coordinates":[[-70.03719,-20.27154],[-70.03721,-20.27118]]}},{"type":"Feature","properties":{"nombre":"","jerarquia":4},"geometry":{"type":"LineString","coordinates":[[-70.01907,-20.23501],[-70.01896,-20.2351],[-70.01895,-20.23519],[-70.01914,-20.23528]]}},{"type":"Feature","properties":{"nombre":"","jerarquia":1},"geometry":{"type":"LineString","coordinates":[[-70.02121,-20.23656],[-70.02192,-20.23785]]}},{"type":"Feature","properties":{"nombre":"","jerarquia":1},"geometry":{"type":"LineString","coordinates":[[-70.02192,-20.23785],[-70.02207,-20.2382]]}},{"type":"Feature","properties":{"nombre":"","jerarquia":1},"geometry":{"type":"LineString","coordinates":[[-70.01742,-20.23555],[-70.01914,-20.23528]]}},{"type":"Feature","properties":{"nombre":"","jerarquia":1},"geometry":{"type":"LineString","coordinates":[[-70.16671,-20.35812],[-70.16673,-20.35836],[-70.16664,-20.35849],[-70.16647,-20.35848],[-70.16633,-20.35829]]}},{"type":"Feature","properties":{"nombre":"","jerarquia":3},"geometry":{"type":"LineString","coordinates":[[-70.12634,-20.23551],[-70.12623,-20.2354],[-70.12604,-20.23542],[-70.12592,-20.23581]]}},{"type":"Feature","properties":{"nombre":"","jerarquia":3},"geometry":{"type":"LineString","coordinates":[[-70.12616,-20.23476],[-70.12616,-20.23495],[-70.12625,-20.23518]]}},{"type":"Feature","properties":{"nombre":"","jerarquia":5},"geometry":{"type":"LineString","coordinates":[[-70.12598,-20.23494],[-70.12606,-20.23501]]}},{"type":"Feature","properties":{"nombre":"","jerarquia":5},"geometry":{"type":"LineString","coordinates":[[-70.12606,-20.23501],[-70.12625,-20.23518]]}},{"type":"Feature","properties":{"nombre":"","jerarquia":5},"geometry":{"type":"LineString","coordinates":[[-70.12625,-20.23518],[-70.12638,-20.23534],[-70.12646,-20.23561],[-70.12662,-20.23724],[-70.12675,-20.23767],[-70.12687,-20.2378],[-70.12719,-20.2379]]}},{"type":"Feature","properties":{"nombre":"","jerarquia":5},"geometry":{"type":"LineString","coordinates":[[-70.12724,-20.23798],[-70.12715,-20.23796]]}},{"type":"Feature","properties":{"nombre":"","jerarquia":5},"geometry":{"type":"LineString","coordinates":[[-70.12715,-20.23796],[-70.12677,-20.23781],[-70.12667,-20.23771],[-70.1266,-20.2375],[-70.12634,-20.23551]]}},{"type":"Feature","properties":{"nombre":"","jerarquia":5},"geometry":{"type":"LineString","coordinates":[[-70.12634,-20.23551],[-70.12626,-20.23532],[-70.12603,-20.23509]]}},{"type":"Feature","properties":{"nombre":"","jerarquia":5},"geometry":{"type":"LineString","coordinates":[[-70.12603,-20.23509],[-70.12594,-20.23503]]}},{"type":"Feature","properties":{"nombre":"Segundo Acceso","jerarquia":3},"geometry":{"type":"LineString","coordinates":[[-70.1277,-20.23109],[-70.1277,-20.23094],[-70.12762,-20.23085],[-70.12749,-20.23083],[-70.12738,-20.23088],[-70.12721,-20.23181],[-70.12662,-20.23354]]}},{"type":"Feature","properties":{"nombre":"Segundo Acceso","jerarquia":3},"geometry":{"type":"LineString","coordinates":[[-70.12444,-20.24377],[-70.12462,-20.24342],[-70.1248,-20.24294],[-70.12541,-20.23979],[-70.12572,-20.23649],[-70.12586,-20.23539],[-70.12594,-20.23503]]}},{"type":"Feature","properties":{"nombre":"Segundo Acceso","jerarquia":3},"geometry":{"type":"LineString","coordinates":[[-70.12594,-20.23503],[-70.12598,-20.23494]]}},{"type":"Feature","properties":{"nombre":"Segundo Acceso","jerarquia":3},"geometry":{"type":"LineString","coordinates":[[-70.12598,-20.23494],[-70.1269,-20.23223],[-70.1272,-20.23086],[-70.12731,-20.23075],[-70.12747,-20.23069],[-70.12778,-20.23076]]}},{"type":"Feature","properties":{"nombre":"","jerarquia":1},"geometry":{"type":"LineString","coordinates":[[-70.03866,-20.27382],[-70.03796,-20.27327],[-70.03754,-20.27284]]}},{"type":"Feature","properties":{"nombre":"Ruta A-616","jerarquia":4},"geometry":{"type":"LineString","coordinates":[[-70.01907,-20.23501],[-70.02319,-20.23296]]}},{"type":"Feature","properties":{"nombre":"","jerarquia":1},"geometry":{"type":"LineString","coordinates":[[-70.02319,-20.23296],[-70.02272,-20.2333],[-70.02253,-20.23351],[-70.02238,-20.23381],[-70.0223,-20.23421]]}},{"type":"Feature","properties":{"nombre":"","jerarquia":1},"geometry":{"type":"LineString","coordinates":[[-70.14082,-20.33303],[-70.14095,-20.33312],[-70.14113,-20.33313]]}},{"type":"Feature","properties":{"nombre":"","jerarquia":1},"geometry":{"type":"LineString","coordinates":[[-70.14113,-20.33313],[-70.14101,-20.3333]]}},{"type":"Feature","properties":{"nombre":"","jerarquia":1},"geometry":{"type":"LineString","coordinates":[[-70.14101,-20.3333],[-70.14101,-20.33347]]}},{"type":"Feature","properties":{"nombre":"","jerarquia":1},"geometry":{"type":"LineString","coordinates":[[-70.13527,-20.30531],[-70.13515,-20.30542]]}},{"type":"Feature","properties":{"nombre":"","jerarquia":1},"geometry":{"type":"LineString","coordinates":[[-70.13515,-20.30542],[-70.13511,-20.30556]]}},{"type":"Feature","properties":{"nombre":"","jerarquia":1},"geometry":{"type":"LineString","coordinates":[[-70.13501,-20.30518],[-70.1351,-20.30527],[-70.13527,-20.30531]]}},{"type":"Feature","properties":{"nombre":"","jerarquia":1},"geometry":{"type":"LineString","coordinates":[[-70.13508,-20.31572],[-70.13518,-20.3154]]}},{"type":"Feature","properties":{"nombre":"","jerarquia":1},"geometry":{"type":"LineString","coordinates":[[-70.13518,-20.3154],[-70.13526,-20.31502]]}},{"type":"Feature","properties":{"nombre":"","jerarquia":1},"geometry":{"type":"LineString","coordinates":[[-70.13527,-20.31581],[-70.1352,-20.31568],[-70.13508,-20.31572]]}},{"type":"Feature","properties":{"nombre":"","jerarquia":1},"geometry":{"type":"LineString","coordinates":[[-70.14008,-20.32979],[-70.14035,-20.32953]]}},{"type":"Feature","properties":{"nombre":"","jerarquia":1},"geometry":{"type":"LineString","coordinates":[[-70.14035,-20.32953],[-70.14042,-20.3295]]}},{"type":"Feature","properties":{"nombre":"","jerarquia":1},"geometry":{"type":"LineString","coordinates":[[-70.14032,-20.32974],[-70.14024,-20.3297],[-70.14008,-20.32979]]}},{"type":"Feature","properties":{"nombre":"Carmela Carvajal de Prat","jerarquia":3},"geometry":{"type":"LineString","coordinates":[[-70.10077,-20.28008],[-70.10068,-20.28006]]}},{"type":"Feature","properties":{"nombre":"El Tamarugal","jerarquia":5},"geometry":{"type":"LineString","coordinates":[[-70.12647,-20.24286],[-70.12648,-20.24108]]}},{"type":"Feature","properties":{"nombre":"Avenida Salvador Allende Gossens","jerarquia":4},"geometry":{"type":"LineString","coordinates":[[-70.13598,-20.23637],[-70.13616,-20.23615]]}},{"type":"Feature","properties":{"nombre":"Avenida Salvador Allende Gossens","jerarquia":4},"geometry":{"type":"LineString","coordinates":[[-70.13616,-20.23615],[-70.13674,-20.23542],[-70.13683,-20.2352],[-70.13686,-20.23496],[-70.13683,-20.23472],[-70.13674,-20.23448],[-70.1361,-20.23371]]}},{"type":"Feature","properties":{"nombre":"Avenida Santiago Polanco","jerarquia":5},"geometry":{"type":"LineString","coordinates":[[-70.13333,-20.24684],[-70.13358,-20.24689]]}},{"type":"Feature","properties":{"nombre":"Avenida Santiago Polanco","jerarquia":5},"geometry":{"type":"LineString","coordinates":[[-70.13358,-20.24689],[-70.13403,-20.24698]]}},{"type":"Feature","properties":{"nombre":"Avenida Santiago Polanco","jerarquia":5},"geometry":{"type":"LineString","coordinates":[[-70.13403,-20.24698],[-70.13454,-20.24708]]}},{"type":"Feature","properties":{"nombre":"Avenida Santiago Polanco","jerarquia":5},"geometry":{"type":"LineString","coordinates":[[-70.13454,-20.24708],[-70.13504,-20.24719]]}},{"type":"Feature","properties":{"nombre":"Avenida Salvador Allende Gossens","jerarquia":4},"geometry":{"type":"LineString","coordinates":[[-70.13293,-20.24686],[-70.13295,-20.24678]]}},{"type":"Feature","properties":{"nombre":"Avenida Santiago Polanco","jerarquia":5},"geometry":{"type":"LineString","coordinates":[[-70.13293,-20.24686],[-70.13249,-20.24677]]}},{"type":"Feature","properties":{"nombre":"Avenida Santiago Polanco","jerarquia":5},"geometry":{"type":"LineString","coordinates":[[-70.13249,-20.24677],[-70.1321,-20.24669]]}},{"type":"Feature","properties":{"nombre":"Avenida Santiago Polanco","jerarquia":5},"geometry":{"type":"LineString","coordinates":[[-70.1321,-20.24669],[-70.13169,-20.24661]]}},{"type":"Feature","properties":{"nombre":"Avenida Santiago Polanco","jerarquia":5},"geometry":{"type":"LineString","coordinates":[[-70.13169,-20.24661],[-70.13122,-20.24651]]}},{"type":"Feature","properties":{"nombre":"Avenida Santiago Polanco","jerarquia":5},"geometry":{"type":"LineString","coordinates":[[-70.13122,-20.24651],[-70.13076,-20.24641]]}},{"type":"Feature","properties":{"nombre":"Avenida Santiago Polanco","jerarquia":5},"geometry":{"type":"LineString","coordinates":[[-70.13076,-20.24641],[-70.13015,-20.24629]]}},{"type":"Feature","properties":{"nombre":"Avenida Santiago Polanco","jerarquia":5},"geometry":{"type":"LineString","coordinates":[[-70.13015,-20.24629],[-70.1296,-20.24618]]}},{"type":"Feature","properties":{"nombre":"Amunátegui","jerarquia":5},"geometry":{"type":"LineString","coordinates":[[-70.14591,-20.21091],[-70.14582,-20.21031]]}},{"type":"Feature","properties":{"nombre":"Amunátegui","jerarquia":5},"geometry":{"type":"LineString","coordinates":[[-70.14582,-20.21031],[-70.1458,-20.21013]]}},{"type":"Feature","properties":{"nombre":"Sotomayor","jerarquia":4},"geometry":{"type":"LineString","coordinates":[[-70.14591,-20.21091],[-70.1463,-20.2109]]}},{"type":"Feature","properties":{"nombre":"Sotomayor","jerarquia":4},"geometry":{"type":"LineString","coordinates":[[-70.1463,-20.2109],[-70.14701,-20.21087]]}},{"type":"Feature","properties":{"nombre":"Sotomayor","jerarquia":4},"geometry":{"type":"LineString","coordinates":[[-70.14701,-20.21087],[-70.14835,-20.21082]]}},{"type":"Feature","properties":{"nombre":"Sotomayor","jerarquia":4},"geometry":{"type":"LineString","coordinates":[[-70.14835,-20.21082],[-70.14914,-20.21079]]}},{"type":"Feature","properties":{"nombre":"Juan Martínez","jerarquia":4},"geometry":{"type":"LineString","coordinates":[[-70.14489,-20.2138],[-70.14494,-20.21436]]}},{"type":"Feature","properties":{"nombre":"Juan Martínez","jerarquia":4},"geometry":{"type":"LineString","coordinates":[[-70.14494,-20.21436],[-70.14502,-20.21515]]}},{"type":"Feature","properties":{"nombre":"Juan Martínez","jerarquia":4},"geometry":{"type":"LineString","coordinates":[[-70.14502,-20.21515],[-70.14511,-20.21607]]}},{"type":"Feature","properties":{"nombre":"Juan Martínez","jerarquia":4},"geometry":{"type":"LineString","coordinates":[[-70.14511,-20.21607],[-70.14519,-20.21694]]}},{"type":"Feature","properties":{"nombre":"Juan Martínez","jerarquia":4},"geometry":{"type":"LineString","coordinates":[[-70.14519,-20.21694],[-70.14526,-20.21769]]}},{"type":"Feature","properties":{"nombre":"Juan Martínez","jerarquia":4},"geometry":{"type":"LineString","coordinates":[[-70.14526,-20.21769],[-70.14536,-20.21873]]}},{"type":"Feature","properties":{"nombre":"Juan Martínez","jerarquia":4},"geometry":{"type":"LineString","coordinates":[[-70.14536,-20.21873],[-70.1454,-20.21918]]}},{"type":"Feature","properties":{"nombre":"Juan Martínez","jerarquia":4},"geometry":{"type":"LineString","coordinates":[[-70.1454,-20.21918],[-70.14544,-20.21962]]}},{"type":"Feature","properties":{"nombre":"Juan Martínez","jerarquia":4},"geometry":{"type":"LineString","coordinates":[[-70.14544,-20.21962],[-70.14554,-20.22069]]}},{"type":"Feature","properties":{"nombre":"Juan Martínez","jerarquia":4},"geometry":{"type":"LineString","coordinates":[[-70.14554,-20.22069],[-70.14564,-20.22165]]}},{"type":"Feature","properties":{"nombre":"Juan Martínez","jerarquia":4},"geometry":{"type":"LineString","coordinates":[[-70.14564,-20.22165],[-70.14569,-20.22219]]}},{"type":"Feature","properties":{"nombre":"Juan Martínez","jerarquia":4},"geometry":{"type":"LineString","coordinates":[[-70.14569,-20.22219],[-70.14572,-20.22257]]}},{"type":"Feature","properties":{"nombre":"Juan Martínez","jerarquia":4},"geometry":{"type":"LineString","coordinates":[[-70.14572,-20.22257],[-70.14581,-20.22351]]}},{"type":"Feature","properties":{"nombre":"Juan Martínez","jerarquia":4},"geometry":{"type":"LineString","coordinates":[[-70.14581,-20.22351],[-70.1459,-20.22447]]}},{"type":"Feature","properties":{"nombre":"Juan Martínez","jerarquia":4},"geometry":{"type":"LineString","coordinates":[[-70.1459,-20.22447],[-70.14599,-20.22545]]}},{"type":"Feature","properties":{"nombre":"Juan Martínez","jerarquia":4},"geometry":{"type":"LineString","coordinates":[[-70.14599,-20.22545],[-70.14609,-20.22644]]}},{"type":"Feature","properties":{"nombre":"Juan Martínez","jerarquia":4},"geometry":{"type":"LineString","coordinates":[[-70.14609,-20.22644],[-70.14618,-20.22743]]}},{"type":"Feature","properties":{"nombre":"Avenida Arturo Prat Chacón","jerarquia":5},"geometry":{"type":"LineString","coordinates":[[-70.14198,-20.20491],[-70.13988,-20.20254],[-70.13923,-20.20166]]}},{"type":"Feature","properties":{"nombre":"Avenida Arturo Prat Chacón","jerarquia":5},"geometry":{"type":"LineString","coordinates":[[-70.13923,-20.20166],[-70.13893,-20.2013],[-70.13835,-20.20083]]}},{"type":"Feature","properties":{"nombre":"Avenida Arturo Prat Chacón","jerarquia":5},"geometry":{"type":"LineString","coordinates":[[-70.13835,-20.20083],[-70.13816,-20.20069]]}},{"type":"Feature","properties":{"nombre":"Avenida Arturo Prat Chacón","jerarquia":5},"geometry":{"type":"LineString","coordinates":[[-70.13816,-20.20069],[-70.13725,-20.19985],[-70.13704,-20.19952],[-70.13695,-20.1993],[-70.13682,-20.19836]]}},{"type":"Feature","properties":{"nombre":"Avenida Arturo Prat Chacón","jerarquia":5},"geometry":{"type":"LineString","coordinates":[[-70.13682,-20.19836],[-70.13633,-20.1941]]}},{"type":"Feature","properties":{"nombre":"Avenida Arturo Prat Chacón","jerarquia":5},"geometry":{"type":"LineString","coordinates":[[-70.13633,-20.1941],[-70.13627,-20.19362]]}},{"type":"Feature","properties":{"nombre":"Avenida Circunvalación","jerarquia":5},"geometry":{"type":"LineString","coordinates":[[-70.13125,-20.20501],[-70.13192,-20.20347]]}},{"type":"Feature","properties":{"nombre":"Avenida Circunvalación","jerarquia":5},"geometry":{"type":"LineString","coordinates":[[-70.13192,-20.20347],[-70.13232,-20.20258]]}},{"type":"Feature","properties":{"nombre":"Avenida Circunvalación","jerarquia":5},"geometry":{"type":"LineString","coordinates":[[-70.13232,-20.20258],[-70.1331,-20.20086]]}},{"type":"Feature","properties":{"nombre":"Avenida Circunvalación","jerarquia":5},"geometry":{"type":"LineString","coordinates":[[-70.1331,-20.20086],[-70.13422,-20.19835]]}},{"type":"Feature","properties":{"nombre":"Avenida Circunvalación","jerarquia":5},"geometry":{"type":"LineString","coordinates":[[-70.13422,-20.19835],[-70.13613,-20.19405]]}},{"type":"Feature","properties":{"nombre":"Avenida Circunvalación","jerarquia":5},"geometry":{"type":"LineString","coordinates":[[-70.13613,-20.19405],[-70.13627,-20.19362]]}},{"type":"Feature","properties":{"nombre":"Avenida Circunvalación","jerarquia":3},"geometry":{"type":"LineString","coordinates":[[-70.1294,-20.21151],[-70.12953,-20.21205],[-70.12976,-20.21241],[-70.13005,-20.21264],[-70.13062,-20.21289],[-70.13086,-20.21305]]}},{"type":"Feature","properties":{"nombre":"Avenida Salvador Allende Gossens","jerarquia":4},"geometry":{"type":"LineString","coordinates":[[-70.13422,-20.21341],[-70.13399,-20.21314],[-70.13381,-20.21271]]}},{"type":"Feature","properties":{"nombre":"Avenida Salvador Allende Gossens","jerarquia":4},"geometry":{"type":"LineString","coordinates":[[-70.1339,-20.21268],[-70.13403,-20.21309],[-70.13427,-20.21339]]}},{"type":"Feature","properties":{"nombre":"Luis Jaspard","jerarquia":3},"geometry":{"type":"LineString","coordinates":[[-70.13044,-20.20909],[-70.13028,-20.20878]]}},{"type":"Feature","properties":{"nombre":"Luis Jaspard","jerarquia":3},"geometry":{"type":"LineString","coordinates":[[-70.13028,-20.20878],[-70.13011,-20.20856]]}},{"type":"Feature","properties":{"nombre":"Luis Jaspard","jerarquia":3},"geometry":{"type":"LineString","coordinates":[[-70.13011,-20.20856],[-70.12975,-20.20815]]}},{"type":"Feature","properties":{"nombre":"Las Cabras","jerarquia":3},"geometry":{"type":"LineString","coordinates":[[-70.13044,-20.20909],[-70.13095,-20.20888],[-70.1312,-20.20886]]}},{"type":"Feature","properties":{"nombre":"Las Cabras","jerarquia":3},"geometry":{"type":"LineString","coordinates":[[-70.1312,-20.20886],[-70.1314,-20.2089]]}},{"type":"Feature","properties":{"nombre":"Las Cabras","jerarquia":3},"geometry":{"type":"LineString","coordinates":[[-70.1314,-20.2089],[-70.13153,-20.20896],[-70.13206,-20.20941],[-70.13227,-20.20951],[-70.13368,-20.20955],[-70.13674,-20.20922],[-70.13877,-20.20844]]}},{"type":"Feature","properties":{"nombre":"Las Cabras","jerarquia":3},"geometry":{"type":"LineString","coordinates":[[-70.13877,-20.20844],[-70.13901,-20.20835]]}},{"type":"Feature","properties":{"nombre":"Las Cabras","jerarquia":3},"geometry":{"type":"LineString","coordinates":[[-70.13901,-20.20835],[-70.1395,-20.20821],[-70.14083,-20.20823]]}},{"type":"Feature","properties":{"nombre":"Luis Jaspard","jerarquia":3},"geometry":{"type":"LineString","coordinates":[[-70.13046,-20.20917],[-70.13044,-20.20909]]}},{"type":"Feature","properties":{"nombre":"Segundo Acceso","jerarquia":3},"geometry":{"type":"LineString","coordinates":[[-70.11133,-20.30209],[-70.11321,-20.30106],[-70.11342,-20.30079],[-70.11347,-20.30045],[-70.11336,-20.3001],[-70.11251,-20.29891],[-70.11229,-20.2984],[-70.11224,-20.29802],[-70.11234,-20.29679],[-70.1123,-20.29594],[-70.1121,-20.29473],[-70.11155,-20.29261],[-70.11122,-20.291],[-70.11103,-20.29063],[-70.11051,-20.28986],[-70.10961,-20.28817],[-70.10877,-20.28699],[-70.10857,-20.28657],[-70.10848,-20.28623],[-70.10845,-20.28544],[-70.10882,-20.28339],[-70.1091,-20.28265],[-70.10933,-20.28223],[-70.10952,-20.28198]]}},{"type":"Feature","properties":{"nombre":"Segundo Acceso","jerarquia":3},"geometry":{"type":"LineString","coordinates":[[-70.10946,-20.28227],[-70.10928,-20.28254],[-70.10907,-20.28299],[-70.10884,-20.28377],[-70.10857,-20.2855],[-70.10861,-20.28627],[-70.10886,-20.28694],[-70.10967,-20.28813],[-70.11056,-20.28979],[-70.11115,-20.29068],[-70.11127,-20.29094],[-70.11163,-20.29261],[-70.11217,-20.29471],[-70.11236,-20.29593],[-70.11241,-20.29679],[-70.11232,-20.29788],[-70.11237,-20.29838],[-70.11258,-20.29887],[-70.11351,-20.30015],[-70.11365,-20.30057],[-70.11358,-20.30092],[-70.11335,-20.30122],[-70.11143,-20.30229]]}},{"type":"Feature","properties":{"nombre":"Segundo Acceso","jerarquia":3},"geometry":{"type":"LineString","coordinates":[[-70.12662,-20.23354],[-70.12616,-20.23476]]}},{"type":"Feature","properties":{"nombre":"Segundo Acceso","jerarquia":3},"geometry":{"type":"LineString","coordinates":[[-70.12616,-20.23476],[-70.12606,-20.23501]]}},{"type":"Feature","properties":{"nombre":"Segundo Acceso","jerarquia":3},"geometry":{"type":"LineString","coordinates":[[-70.12606,-20.23501],[-70.12603,-20.23509]]}},{"type":"Feature","properties":{"nombre":"Segundo Acceso","jerarquia":3},"geometry":{"type":"LineString","coordinates":[[-70.12603,-20.23509],[-70.12592,-20.23581]]}},{"type":"Feature","properties":{"nombre":"Segundo Acceso","jerarquia":3},"geometry":{"type":"LineString","coordinates":[[-70.12592,-20.23581],[-70.12553,-20.23965],[-70.12489,-20.2431]]}},{"type":"Feature","properties":{"nombre":"Teresa Wilms Montt","jerarquia":5},"geometry":{"type":"LineString","coordinates":[[-70.12753,-20.26852],[-70.12601,-20.26854]]}},{"type":"Feature","properties":{"nombre":"Teresa Wilms Montt","jerarquia":5},"geometry":{"type":"LineString","coordinates":[[-70.12601,-20.26854],[-70.12579,-20.26854]]}},{"type":"Feature","properties":{"nombre":"","jerarquia":2},"geometry":{"type":"LineString","coordinates":[[-70.12771,-20.28849],[-70.12786,-20.28851]]}},{"type":"Feature","properties":{"nombre":"","jerarquia":2},"geometry":{"type":"LineString","coordinates":[[-70.12786,-20.28851],[-70.1279,-20.28848]]}},{"type":"Feature","properties":{"nombre":"Laonzana","jerarquia":5},"geometry":{"type":"LineString","coordinates":[[-70.12895,-20.22841],[-70.12969,-20.22753]]}},{"type":"Feature","properties":{"nombre":"Avenida Sor Teresa de Los Andes","jerarquia":5},"geometry":{"type":"LineString","coordinates":[[-70.09463,-20.2848],[-70.09465,-20.28493]]}},{"type":"Feature","properties":{"nombre":"Teniente Hernán Merino Correa","jerarquia":5},"geometry":{"type":"LineString","coordinates":[[-70.09385,-20.27151],[-70.09401,-20.27158],[-70.09413,-20.27154]]}},{"type":"Feature","properties":{"nombre":"Teniente Hernán Merino Correa","jerarquia":5},"geometry":{"type":"LineString","coordinates":[[-70.09413,-20.27154],[-70.09403,-20.27185]]}},{"type":"Feature","properties":{"nombre":"","jerarquia":1},"geometry":{"type":"LineString","coordinates":[[-70.09097,-20.26864],[-70.09047,-20.26866]]}},{"type":"Feature","properties":{"nombre":"","jerarquia":4},"geometry":{"type":"LineString","coordinates":[[-70.07435,-20.2598],[-70.07445,-20.25963]]}},{"type":"Feature","properties":{"nombre":"","jerarquia":4},"geometry":{"type":"LineString","coordinates":[[-70.07445,-20.25963],[-70.07445,-20.25959]]}},{"type":"Feature","properties":{"nombre":"Calle Uno","jerarquia":4},"geometry":{"type":"LineString","coordinates":[[-70.1094,-20.25486],[-70.10948,-20.25475],[-70.1096,-20.2547],[-70.11007,-20.25483]]}},{"type":"Feature","properties":{"nombre":"Calle Uno","jerarquia":4},"geometry":{"type":"LineString","coordinates":[[-70.11007,-20.25483],[-70.11058,-20.25502]]}},{"type":"Feature","properties":{"nombre":"Los Álamos","jerarquia":5},"geometry":{"type":"LineString","coordinates":[[-70.096,-20.262],[-70.09614,-20.26204]]}},{"type":"Feature","properties":{"nombre":"Los Álamos","jerarquia":5},"geometry":{"type":"LineString","coordinates":[[-70.09614,-20.26204],[-70.09679,-20.26253]]}},{"type":"Feature","properties":{"nombre":"Los Álamos","jerarquia":5},"geometry":{"type":"LineString","coordinates":[[-70.09679,-20.26253],[-70.09804,-20.26339]]}},{"type":"Feature","properties":{"nombre":"Teniente Hernán Merino Correa","jerarquia":5},"geometry":{"type":"LineString","coordinates":[[-70.09751,-20.26564],[-70.09758,-20.26535],[-70.09844,-20.26383]]}},{"type":"Feature","properties":{"nombre":"Teniente Hernán Merino Correa","jerarquia":5},"geometry":{"type":"LineString","coordinates":[[-70.09844,-20.26383],[-70.09849,-20.26375]]}},{"type":"Feature","properties":{"nombre":"Teniente Hernán Merino Correa","jerarquia":5},"geometry":{"type":"LineString","coordinates":[[-70.09751,-20.26564],[-70.09713,-20.26631]]}},{"type":"Feature","properties":{"nombre":"Teniente Hernán Merino Correa","jerarquia":5},"geometry":{"type":"LineString","coordinates":[[-70.09713,-20.26631],[-70.09663,-20.26717]]}},{"type":"Feature","properties":{"nombre":"Teniente Hernán Merino Correa","jerarquia":5},"geometry":{"type":"LineString","coordinates":[[-70.09663,-20.26717],[-70.09608,-20.2681]]}},{"type":"Feature","properties":{"nombre":"Teniente Hernán Merino Correa","jerarquia":5},"geometry":{"type":"LineString","coordinates":[[-70.09608,-20.2681],[-70.09603,-20.26819]]}},{"type":"Feature","properties":{"nombre":"Teniente Hernán Merino Correa","jerarquia":5},"geometry":{"type":"LineString","coordinates":[[-70.09603,-20.26819],[-70.09582,-20.26856]]}},{"type":"Feature","properties":{"nombre":"Teniente Hernán Merino Correa","jerarquia":5},"geometry":{"type":"LineString","coordinates":[[-70.09582,-20.26856],[-70.09445,-20.27096]]}},{"type":"Feature","properties":{"nombre":"Teniente Hernán Merino Correa","jerarquia":5},"geometry":{"type":"LineString","coordinates":[[-70.09445,-20.27096],[-70.09436,-20.27111]]}},{"type":"Feature","properties":{"nombre":"Teniente Hernán Merino Correa","jerarquia":5},"geometry":{"type":"LineString","coordinates":[[-70.09436,-20.27111],[-70.09413,-20.27154]]}},{"type":"Feature","properties":{"nombre":"Teniente Hernán Merino Correa","jerarquia":5},"geometry":{"type":"LineString","coordinates":[[-70.09861,-20.2638],[-70.09751,-20.26564]]}},{"type":"Feature","properties":{"nombre":"Avenida Las Parcelas","jerarquia":4},"geometry":{"type":"LineString","coordinates":[[-70.09806,-20.26352],[-70.09675,-20.26512],[-70.0959,-20.26648]]}},{"type":"Feature","properties":{"nombre":"Avenida Las Parcelas","jerarquia":4},"geometry":{"type":"LineString","coordinates":[[-70.0959,-20.26648],[-70.09517,-20.26779]]}},{"type":"Feature","properties":{"nombre":"Avenida Las Parcelas","jerarquia":4},"geometry":{"type":"LineString","coordinates":[[-70.09517,-20.26779],[-70.09512,-20.26788]]}},{"type":"Feature","properties":{"nombre":"Avenida Las Parcelas","jerarquia":4},"geometry":{"type":"LineString","coordinates":[[-70.09512,-20.26788],[-70.0935,-20.2708]]}},{"type":"Feature","properties":{"nombre":"Avenida Las Parcelas","jerarquia":4},"geometry":{"type":"LineString","coordinates":[[-70.1003,-20.26047],[-70.10038,-20.26044],[-70.1005,-20.26049]]}},{"type":"Feature","properties":{"nombre":"Avenida Las Parcelas","jerarquia":4},"geometry":{"type":"LineString","coordinates":[[-70.10582,-20.25324],[-70.10539,-20.25393]]}},{"type":"Feature","properties":{"nombre":"Avenida Las Parcelas","jerarquia":4},"geometry":{"type":"LineString","coordinates":[[-70.10539,-20.25393],[-70.10486,-20.25487],[-70.10442,-20.25545]]}},{"type":"Feature","properties":{"nombre":"Avenida Las Parcelas","jerarquia":4},"geometry":{"type":"LineString","coordinates":[[-70.10442,-20.25545],[-70.10408,-20.25588]]}},{"type":"Feature","properties":{"nombre":"Avenida Las Parcelas","jerarquia":4},"geometry":{"type":"LineString","coordinates":[[-70.10408,-20.25588],[-70.1005,-20.26049]]}},{"type":"Feature","properties":{"nombre":"Avenida Las Parcelas","jerarquia":4},"geometry":{"type":"LineString","coordinates":[[-70.1005,-20.26049],[-70.09911,-20.26224]]}},{"type":"Feature","properties":{"nombre":"Avenida Las Parcelas","jerarquia":4},"geometry":{"type":"LineString","coordinates":[[-70.09911,-20.26224],[-70.09814,-20.26344]]}},{"type":"Feature","properties":{"nombre":"Avenida Las Parcelas","jerarquia":4},"geometry":{"type":"LineString","coordinates":[[-70.09814,-20.26344],[-70.09806,-20.26352]]}},{"type":"Feature","properties":{"nombre":"Avenida Monte Los Olivos","jerarquia":5},"geometry":{"type":"LineString","coordinates":[[-70.09877,-20.25885],[-70.09859,-20.25907]]}},{"type":"Feature","properties":{"nombre":"Avenida Monte Los Olivos","jerarquia":5},"geometry":{"type":"LineString","coordinates":[[-70.09859,-20.25907],[-70.09839,-20.25931]]}},{"type":"Feature","properties":{"nombre":"Avenida Monte Los Olivos","jerarquia":5},"geometry":{"type":"LineString","coordinates":[[-70.09839,-20.25931],[-70.09819,-20.25956]]}},{"type":"Feature","properties":{"nombre":"Avenida Monte Los Olivos","jerarquia":5},"geometry":{"type":"LineString","coordinates":[[-70.09819,-20.25956],[-70.09798,-20.25981]]}},{"type":"Feature","properties":{"nombre":"Avenida Monte Los Olivos","jerarquia":5},"geometry":{"type":"LineString","coordinates":[[-70.09798,-20.25981],[-70.09775,-20.26008]]}},{"type":"Feature","properties":{"nombre":"Avenida Monte Los Olivos","jerarquia":5},"geometry":{"type":"LineString","coordinates":[[-70.09775,-20.26008],[-70.09745,-20.26044]]}},{"type":"Feature","properties":{"nombre":"Avenida Monte Los Olivos","jerarquia":5},"geometry":{"type":"LineString","coordinates":[[-70.09745,-20.26044],[-70.09733,-20.2606]]}},{"type":"Feature","properties":{"nombre":"Avenida Monte Los Olivos","jerarquia":5},"geometry":{"type":"LineString","coordinates":[[-70.09733,-20.2606],[-70.09722,-20.26072]]}},{"type":"Feature","properties":{"nombre":"Avenida Monte Los Olivos","jerarquia":5},"geometry":{"type":"LineString","coordinates":[[-70.09722,-20.26072],[-70.09699,-20.26101]]}},{"type":"Feature","properties":{"nombre":"Avenida Monte Los Olivos","jerarquia":5},"geometry":{"type":"LineString","coordinates":[[-70.09699,-20.26101],[-70.09677,-20.26127]]}},{"type":"Feature","properties":{"nombre":"Avenida Monte Los Olivos","jerarquia":5},"geometry":{"type":"LineString","coordinates":[[-70.09677,-20.26127],[-70.09664,-20.26143]]}},{"type":"Feature","properties":{"nombre":"Avenida Monte Los Olivos","jerarquia":5},"geometry":{"type":"LineString","coordinates":[[-70.09664,-20.26143],[-70.09614,-20.26204]]}},{"type":"Feature","properties":{"nombre":"Avenida Monte Los Olivos","jerarquia":5},"geometry":{"type":"LineString","coordinates":[[-70.09614,-20.26204],[-70.09609,-20.26209]]}},{"type":"Feature","properties":{"nombre":"Avenida Las Américas","jerarquia":3},"geometry":{"type":"LineString","coordinates":[[-70.10906,-20.30304],[-70.10898,-20.30294]]}},{"type":"Feature","properties":{"nombre":"Avenida Las Américas","jerarquia":3},"geometry":{"type":"LineString","coordinates":[[-70.10898,-20.30294],[-70.10763,-20.29931],[-70.10702,-20.29792]]}},{"type":"Feature","properties":{"nombre":"Avenida Las Américas","jerarquia":3},"geometry":{"type":"LineString","coordinates":[[-70.10702,-20.29792],[-70.10697,-20.29781]]}},{"type":"Feature","properties":{"nombre":"Avenida Las Américas","jerarquia":3},"geometry":{"type":"LineString","coordinates":[[-70.10697,-20.29781],[-70.10693,-20.29771]]}},{"type":"Feature","properties":{"nombre":"Héroes de la Concepción","jerarquia":5},"geometry":{"type":"LineString","coordinates":[[-70.14274,-20.23452],[-70.14287,-20.23464],[-70.14338,-20.23606]]}},{"type":"Feature","properties":{"nombre":"Héroes de la Concepción","jerarquia":5},"geometry":{"type":"LineString","coordinates":[[-70.14338,-20.23606],[-70.1438,-20.23724]]}},{"type":"Feature","properties":{"nombre":"Héroes de la Concepción","jerarquia":5},"geometry":{"type":"LineString","coordinates":[[-70.1438,-20.23724],[-70.14384,-20.23734]]}},{"type":"Feature","properties":{"nombre":"Héroes de la Concepción","jerarquia":5},"geometry":{"type":"LineString","coordinates":[[-70.14384,-20.23734],[-70.14402,-20.23785]]}},{"type":"Feature","properties":{"nombre":"Héroes de la Concepción","jerarquia":5},"geometry":{"type":"LineString","coordinates":[[-70.14402,-20.23785],[-70.1441,-20.23799]]}},{"type":"Feature","properties":{"nombre":"Héroes de la Concepción","jerarquia":5},"geometry":{"type":"LineString","coordinates":[[-70.1441,-20.23799],[-70.14417,-20.23801]]}},{"type":"Feature","properties":{"nombre":"","jerarquia":4},"geometry":{"type":"LineString","coordinates":[[-70.14388,-20.23768],[-70.14402,-20.23785]]}},{"type":"Feature","properties":{"nombre":"21 de Mayo","jerarquia":5},"geometry":{"type":"LineString","coordinates":[[-70.14248,-20.22562],[-70.14254,-20.2266]]}},{"type":"Feature","properties":{"nombre":"21 de Mayo","jerarquia":5},"geometry":{"type":"LineString","coordinates":[[-70.14254,-20.2266],[-70.14258,-20.2271]]}},{"type":"Feature","properties":{"nombre":"21 de Mayo","jerarquia":5},"geometry":{"type":"LineString","coordinates":[[-70.14258,-20.2271],[-70.14261,-20.22759]]}},{"type":"Feature","properties":{"nombre":"21 de Mayo","jerarquia":5},"geometry":{"type":"LineString","coordinates":[[-70.14261,-20.22759],[-70.14268,-20.22867]]}},{"type":"Feature","properties":{"nombre":"21 de Mayo","jerarquia":5},"geometry":{"type":"LineString","coordinates":[[-70.14268,-20.22867],[-70.14271,-20.22912]]}},{"type":"Feature","properties":{"nombre":"21 de Mayo","jerarquia":5},"geometry":{"type":"LineString","coordinates":[[-70.14271,-20.22912],[-70.14272,-20.22938]]}},{"type":"Feature","properties":{"nombre":"21 de Mayo","jerarquia":5},"geometry":{"type":"LineString","coordinates":[[-70.14272,-20.22938],[-70.14274,-20.22957]]}},{"type":"Feature","properties":{"nombre":"21 de Mayo","jerarquia":5},"geometry":{"type":"LineString","coordinates":[[-70.14274,-20.22957],[-70.14274,-20.22965]]}},{"type":"Feature","properties":{"nombre":"Teresa Wilms Montt","jerarquia":5},"geometry":{"type":"LineString","coordinates":[[-70.12601,-20.26854],[-70.12602,-20.26841]]}},{"type":"Feature","properties":{"nombre":"Avenida Salvador Allende Gossens","jerarquia":4},"geometry":{"type":"LineString","coordinates":[[-70.13252,-20.24896],[-70.13285,-20.24742]]}},{"type":"Feature","properties":{"nombre":"Avenida Salvador Allende Gossens","jerarquia":4},"geometry":{"type":"LineString","coordinates":[[-70.13285,-20.24742],[-70.13292,-20.2469]]}},{"type":"Feature","properties":{"nombre":"Avenida Salvador Allende Gossens","jerarquia":4},"geometry":{"type":"LineString","coordinates":[[-70.13292,-20.2469],[-70.13293,-20.24686]]}},{"type":"Feature","properties":{"nombre":"Avenida Cerro Dragón","jerarquia":5},"geometry":{"type":"LineString","coordinates":[[-70.12912,-20.24826],[-70.12914,-20.24817]]}},{"type":"Feature","properties":{"nombre":"Avenida Cerro Dragón","jerarquia":5},"geometry":{"type":"LineString","coordinates":[[-70.12914,-20.24817],[-70.1296,-20.24618]]}},{"type":"Feature","properties":{"nombre":"Playa Blanca","jerarquia":5},"geometry":{"type":"LineString","coordinates":[[-70.12912,-20.24826],[-70.12963,-20.24836]]}},{"type":"Feature","properties":{"nombre":"Playa Blanca","jerarquia":5},"geometry":{"type":"LineString","coordinates":[[-70.12963,-20.24836],[-70.13005,-20.24845]]}},{"type":"Feature","properties":{"nombre":"Playa Blanca","jerarquia":5},"geometry":{"type":"LineString","coordinates":[[-70.13005,-20.24845],[-70.13028,-20.2485]]}},{"type":"Feature","properties":{"nombre":"Playa Blanca","jerarquia":5},"geometry":{"type":"LineString","coordinates":[[-70.13028,-20.2485],[-70.13049,-20.24854]]}},{"type":"Feature","properties":{"nombre":"Playa Blanca","jerarquia":5},"geometry":{"type":"LineString","coordinates":[[-70.13049,-20.24854],[-70.13074,-20.24859]]}},{"type":"Feature","properties":{"nombre":"Playa Blanca","jerarquia":5},"geometry":{"type":"LineString","coordinates":[[-70.13074,-20.24859],[-70.13121,-20.24869]]}},{"type":"Feature","properties":{"nombre":"Playa Blanca","jerarquia":5},"geometry":{"type":"LineString","coordinates":[[-70.13121,-20.24869],[-70.13161,-20.24877]]}},{"type":"Feature","properties":{"nombre":"Playa Blanca","jerarquia":5},"geometry":{"type":"LineString","coordinates":[[-70.13161,-20.24877],[-70.13201,-20.24886]]}},{"type":"Feature","properties":{"nombre":"Playa Blanca","jerarquia":5},"geometry":{"type":"LineString","coordinates":[[-70.13201,-20.24886],[-70.13252,-20.24896]]}},{"type":"Feature","properties":{"nombre":"Sotomayor","jerarquia":4},"geometry":{"type":"LineString","coordinates":[[-70.13688,-20.21181],[-70.13736,-20.21164],[-70.13776,-20.21134]]}},{"type":"Feature","properties":{"nombre":"Sotomayor","jerarquia":4},"geometry":{"type":"LineString","coordinates":[[-70.13776,-20.21134],[-70.13836,-20.21108]]}},{"type":"Feature","properties":{"nombre":"Sotomayor","jerarquia":4},"geometry":{"type":"LineString","coordinates":[[-70.13836,-20.21108],[-70.13882,-20.21108]]}},{"type":"Feature","properties":{"nombre":"Sotomayor","jerarquia":4},"geometry":{"type":"LineString","coordinates":[[-70.13882,-20.21108],[-70.13992,-20.21111]]}},{"type":"Feature","properties":{"nombre":"Teniente Hernán Merino Correa","jerarquia":5},"geometry":{"type":"LineString","coordinates":[[-70.106,-20.25681],[-70.10571,-20.25718]]}},{"type":"Feature","properties":{"nombre":"Teniente Hernán Merino Correa","jerarquia":5},"geometry":{"type":"LineString","coordinates":[[-70.10571,-20.25718],[-70.10552,-20.25743]]}},{"type":"Feature","properties":{"nombre":"Teniente Hernán Merino Correa","jerarquia":5},"geometry":{"type":"LineString","coordinates":[[-70.10552,-20.25743],[-70.10543,-20.25755]]}},{"type":"Feature","properties":{"nombre":"Teniente Hernán Merino Correa","jerarquia":5},"geometry":{"type":"LineString","coordinates":[[-70.10543,-20.25755],[-70.10513,-20.25793]]}},{"type":"Feature","properties":{"nombre":"Teniente Hernán Merino Correa","jerarquia":5},"geometry":{"type":"LineString","coordinates":[[-70.10513,-20.25793],[-70.10505,-20.25803]]}},{"type":"Feature","properties":{"nombre":"Avenida Circunvalación","jerarquia":5},"geometry":{"type":"LineString","coordinates":[[-70.10411,-20.27995],[-70.10396,-20.27989]]}},{"type":"Feature","properties":{"nombre":"Avenida Desiderio García","jerarquia":5},"geometry":{"type":"LineString","coordinates":[[-70.14387,-20.20784],[-70.14406,-20.20831]]}},{"type":"Feature","properties":{"nombre":"Avenida Circunvalación","jerarquia":5},"geometry":{"type":"LineString","coordinates":[[-70.12985,-20.20801],[-70.12975,-20.20815]]}},{"type":"Feature","properties":{"nombre":"Esmeralda","jerarquia":4},"geometry":{"type":"LineString","coordinates":[[-70.14146,-20.21194],[-70.14131,-20.21193]]}},{"type":"Feature","properties":{"nombre":"Esmeralda","jerarquia":4},"geometry":{"type":"LineString","coordinates":[[-70.14131,-20.21193],[-70.14125,-20.21189]]}},{"type":"Feature","properties":{"nombre":"Héroes de la Concepción","jerarquia":4},"geometry":{"type":"LineString","coordinates":[[-70.13974,-20.22473],[-70.13977,-20.22462]]}},{"type":"Feature","properties":{"nombre":"Tadeo Haenke","jerarquia":5},"geometry":{"type":"LineString","coordinates":[[-70.12715,-20.23796],[-70.12719,-20.2379]]}},{"type":"Feature","properties":{"nombre":"Tadeo Haenke","jerarquia":5},"geometry":{"type":"LineString","coordinates":[[-70.12719,-20.2379],[-70.12779,-20.23789],[-70.1286,-20.23813]]}},{"type":"Feature","properties":{"nombre":"Tadeo Haenke","jerarquia":5},"geometry":{"type":"LineString","coordinates":[[-70.1286,-20.23813],[-70.12863,-20.23814]]}},{"type":"Feature","properties":{"nombre":"Tadeo Haenke","jerarquia":5},"geometry":{"type":"LineString","coordinates":[[-70.1286,-20.23822],[-70.1283,-20.23813]]}},{"type":"Feature","properties":{"nombre":"Tadeo Haenke","jerarquia":5},"geometry":{"type":"LineString","coordinates":[[-70.1283,-20.23813],[-70.12795,-20.23802]]}},{"type":"Feature","properties":{"nombre":"Tadeo Haenke","jerarquia":5},"geometry":{"type":"LineString","coordinates":[[-70.12795,-20.23802],[-70.12757,-20.23795]]}},{"type":"Feature","properties":{"nombre":"Tadeo Haenke","jerarquia":5},"geometry":{"type":"LineString","coordinates":[[-70.12757,-20.23795],[-70.12724,-20.23798]]}},{"type":"Feature","properties":{"nombre":"Avenida Ramón Pérez Opazo","jerarquia":5},"geometry":{"type":"LineString","coordinates":[[-70.12375,-20.24981],[-70.12385,-20.2502]]}},{"type":"Feature","properties":{"nombre":"Avenida Ramón Pérez Opazo","jerarquia":5},"geometry":{"type":"LineString","coordinates":[[-70.12385,-20.2502],[-70.12411,-20.25057]]}},{"type":"Feature","properties":{"nombre":"Avenida Ramón Pérez Opazo","jerarquia":5},"geometry":{"type":"LineString","coordinates":[[-70.12411,-20.25057],[-70.12418,-20.25064]]}},{"type":"Feature","properties":{"nombre":"Avenida Ramón Pérez Opazo","jerarquia":5},"geometry":{"type":"LineString","coordinates":[[-70.12418,-20.25064],[-70.12436,-20.25077]]}},{"type":"Feature","properties":{"nombre":"Avenida Ramón Pérez Opazo","jerarquia":5},"geometry":{"type":"LineString","coordinates":[[-70.12436,-20.25077],[-70.12471,-20.25096]]}},{"type":"Feature","properties":{"nombre":"Avenida Ramón Pérez Opazo","jerarquia":5},"geometry":{"type":"LineString","coordinates":[[-70.12471,-20.25096],[-70.1251,-20.25116]]}},{"type":"Feature","properties":{"nombre":"Avenida Ramón Pérez Opazo","jerarquia":5},"geometry":{"type":"LineString","coordinates":[[-70.1251,-20.25116],[-70.12571,-20.25146]]}},{"type":"Feature","properties":{"nombre":"Avenida Ramón Pérez Opazo","jerarquia":5},"geometry":{"type":"LineString","coordinates":[[-70.12571,-20.25146],[-70.12587,-20.25154]]}},{"type":"Feature","properties":{"nombre":"Avenida Ramón Pérez Opazo","jerarquia":5},"geometry":{"type":"LineString","coordinates":[[-70.12587,-20.25154],[-70.12627,-20.25174]]}},{"type":"Feature","properties":{"nombre":"Avenida Ramón Pérez Opazo","jerarquia":5},"geometry":{"type":"LineString","coordinates":[[-70.12627,-20.25174],[-70.12663,-20.25192]]}},{"type":"Feature","properties":{"nombre":"Avenida Ramón Pérez Opazo","jerarquia":5},"geometry":{"type":"LineString","coordinates":[[-70.12663,-20.25192],[-70.12665,-20.25193]]}},{"type":"Feature","properties":{"nombre":"Avenida Ramón Pérez Opazo","jerarquia":5},"geometry":{"type":"LineString","coordinates":[[-70.12662,-20.252],[-70.12625,-20.25181]]}},{"type":"Feature","properties":{"nombre":"Avenida Ramón Pérez Opazo","jerarquia":5},"geometry":{"type":"LineString","coordinates":[[-70.12625,-20.25181],[-70.12584,-20.25161]]}},{"type":"Feature","properties":{"nombre":"Avenida Ramón Pérez Opazo","jerarquia":5},"geometry":{"type":"LineString","coordinates":[[-70.12584,-20.25161],[-70.12567,-20.25153]]}},{"type":"Feature","properties":{"nombre":"Avenida Ramón Pérez Opazo","jerarquia":5},"geometry":{"type":"LineString","coordinates":[[-70.12567,-20.25153],[-70.12507,-20.25123]]}},{"type":"Feature","properties":{"nombre":"Avenida Ramón Pérez Opazo","jerarquia":5},"geometry":{"type":"LineString","coordinates":[[-70.12507,-20.25123],[-70.12468,-20.25103]]}},{"type":"Feature","properties":{"nombre":"Avenida Ramón Pérez Opazo","jerarquia":5},"geometry":{"type":"LineString","coordinates":[[-70.12468,-20.25103],[-70.12431,-20.25084]]}},{"type":"Feature","properties":{"nombre":"Avenida Ramón Pérez Opazo","jerarquia":5},"geometry":{"type":"LineString","coordinates":[[-70.12431,-20.25084],[-70.12406,-20.25065]]}},{"type":"Feature","properties":{"nombre":"Avenida Ramón Pérez Opazo","jerarquia":5},"geometry":{"type":"LineString","coordinates":[[-70.12406,-20.25065],[-70.12378,-20.25026]]}},{"type":"Feature","properties":{"nombre":"Avenida Ramón Pérez Opazo","jerarquia":5},"geometry":{"type":"LineString","coordinates":[[-70.12378,-20.25026],[-70.12367,-20.24985]]}},{"type":"Feature","properties":{"nombre":"Pedro Lagos","jerarquia":5},"geometry":{"type":"LineString","coordinates":[[-70.15512,-20.21735],[-70.15504,-20.2172]]}},{"type":"Feature","properties":{"nombre":"","jerarquia":1},"geometry":{"type":"LineString","coordinates":[[-70.10416,-20.27994],[-70.10413,-20.28011]]}},{"type":"Feature","properties":{"nombre":"","jerarquia":1},"geometry":{"type":"LineString","coordinates":[[-70.09631,-20.27649],[-70.0967,-20.27762]]}},{"type":"Feature","properties":{"nombre":"Vía Expreso Norte","jerarquia":4},"geometry":{"type":"LineString","coordinates":[[-70.09338,-20.27134],[-70.09329,-20.27115]]}},{"type":"Feature","properties":{"nombre":"Vía Expreso Norte","jerarquia":4},"geometry":{"type":"LineString","coordinates":[[-70.09329,-20.27115],[-70.09325,-20.27107]]}},{"type":"Feature","properties":{"nombre":"Vía Expreso Norte","jerarquia":4},"geometry":{"type":"LineString","coordinates":[[-70.09325,-20.27107],[-70.09302,-20.27059]]}},{"type":"Feature","properties":{"nombre":"Vía Expreso Norte","jerarquia":4},"geometry":{"type":"LineString","coordinates":[[-70.09302,-20.27059],[-70.09264,-20.27],[-70.09208,-20.26943],[-70.09134,-20.26897],[-70.09063,-20.26871]]}},{"type":"Feature","properties":{"nombre":"Vía Expreso Norte","jerarquia":4},"geometry":{"type":"LineString","coordinates":[[-70.09063,-20.26871],[-70.09047,-20.26866]]}},{"type":"Feature","properties":{"nombre":"","jerarquia":1},"geometry":{"type":"LineString","coordinates":[[-70.07876,-20.26397],[-70.0786,-20.26347]]}},{"type":"Feature","properties":{"nombre":"Vía Expreso Norte","jerarquia":4},"geometry":{"type":"LineString","coordinates":[[-70.09022,-20.26814],[-70.09103,-20.26842]]}},{"type":"Feature","properties":{"nombre":"Vía Expreso Norte","jerarquia":4},"geometry":{"type":"LineString","coordinates":[[-70.09103,-20.26842],[-70.09178,-20.26879]]}},{"type":"Feature","properties":{"nombre":"Vía Expreso Norte","jerarquia":4},"geometry":{"type":"LineString","coordinates":[[-70.09178,-20.26879],[-70.0923,-20.26916],[-70.09272,-20.26957],[-70.09305,-20.26998],[-70.09332,-20.27045]]}},{"type":"Feature","properties":{"nombre":"Segundo Acceso","jerarquia":3},"geometry":{"type":"LineString","coordinates":[[-70.12128,-20.24772],[-70.12014,-20.24889],[-70.11897,-20.25036],[-70.11844,-20.25111],[-70.11772,-20.25199]]}},{"type":"Feature","properties":{"nombre":"Ruta 16","jerarquia":1},"geometry":{"type":"LineString","coordinates":[[-70.07593,-20.26114],[-70.07546,-20.26091],[-70.07491,-20.2607]]}},{"type":"Feature","properties":{"nombre":"Ruta 16","jerarquia":1},"geometry":{"type":"LineString","coordinates":[[-70.07717,-20.26183],[-70.08004,-20.2646],[-70.08051,-20.26491],[-70.08109,-20.26512]]}},{"type":"Feature","properties":{"nombre":"Ruta 1","jerarquia":1},"geometry":{"type":"LineString","coordinates":[[-70.15709,-20.40695],[-70.15661,-20.40828],[-70.15629,-20.4097],[-70.15603,-20.41363]]}},{"type":"Feature","properties":{"nombre":"","jerarquia":1},"geometry":{"type":"LineString","coordinates":[[-70.01665,-20.23573],[-70.01742,-20.23555]]}},{"type":"Feature","properties":{"nombre":"José Joaquín Pérez","jerarquia":5},"geometry":{"type":"LineString","coordinates":[[-70.13501,-20.22301],[-70.13458,-20.22302]]}},{"type":"Feature","properties":{"nombre":"Avenida Elías Lafertte","jerarquia":5},"geometry":{"type":"LineString","coordinates":[[-70.13458,-20.22302],[-70.13498,-20.22266]]}},{"type":"Feature","properties":{"nombre":"Avenida Gabriela Mistral","jerarquia":5},"geometry":{"type":"LineString","coordinates":[[-70.10432,-20.28371],[-70.10441,-20.28398]]}},{"type":"Feature","properties":{"nombre":"Avenida Gabriela Mistral","jerarquia":3},"geometry":{"type":"LineString","coordinates":[[-70.10383,-20.28048],[-70.10378,-20.28069]]}},{"type":"Feature","properties":{"nombre":"Avenida Gabriela Mistral","jerarquia":3},"geometry":{"type":"LineString","coordinates":[[-70.10389,-20.28014],[-70.10383,-20.28048]]}},{"type":"Feature","properties":{"nombre":"Avenida Gabriela Mistral","jerarquia":5},"geometry":{"type":"LineString","coordinates":[[-70.10441,-20.28398],[-70.10472,-20.28495]]}},{"type":"Feature","properties":{"nombre":"","jerarquia":4},"geometry":{"type":"LineString","coordinates":[[-70.13432,-20.24109],[-70.13435,-20.24121],[-70.13445,-20.2413]]}},{"type":"Feature","properties":{"nombre":"","jerarquia":4},"geometry":{"type":"LineString","coordinates":[[-70.13445,-20.2413],[-70.13454,-20.24134]]}},{"type":"Feature","properties":{"nombre":"Los Algarrobos","jerarquia":5},"geometry":{"type":"LineString","coordinates":[[-70.12584,-20.25161],[-70.12587,-20.25154]]}},{"type":"Feature","properties":{"nombre":"El Tamarugal","jerarquia":5},"geometry":{"type":"LineString","coordinates":[[-70.12647,-20.24286],[-70.12669,-20.24389],[-70.12672,-20.24428]]}},{"type":"Feature","properties":{"nombre":"Los Algarrobos","jerarquia":5},"geometry":{"type":"LineString","coordinates":[[-70.12701,-20.24867],[-70.12722,-20.24801]]}},{"type":"Feature","properties":{"nombre":"Los Algarrobos","jerarquia":5},"geometry":{"type":"LineString","coordinates":[[-70.12722,-20.24801],[-70.12727,-20.24738]]}},{"type":"Feature","properties":{"nombre":"Los Algarrobos","jerarquia":5},"geometry":{"type":"LineString","coordinates":[[-70.12727,-20.24738],[-70.12734,-20.24649]]}},{"type":"Feature","properties":{"nombre":"Los Algarrobos","jerarquia":5},"geometry":{"type":"LineString","coordinates":[[-70.12734,-20.24649],[-70.12735,-20.24641]]}},{"type":"Feature","properties":{"nombre":"","jerarquia":5},"geometry":{"type":"LineString","coordinates":[[-70.15824,-20.40965],[-70.15854,-20.41021]]}},{"type":"Feature","properties":{"nombre":"","jerarquia":1},"geometry":{"type":"LineString","coordinates":[[-70.15801,-20.40915],[-70.15824,-20.40965]]}},{"type":"Feature","properties":{"nombre":"","jerarquia":1},"geometry":{"type":"LineString","coordinates":[[-70.1579,-20.40582],[-70.15773,-20.407],[-70.1577,-20.40761]]}},{"type":"Feature","properties":{"nombre":"","jerarquia":1},"geometry":{"type":"LineString","coordinates":[[-70.1577,-20.40761],[-70.15778,-20.40841],[-70.15801,-20.40915]]}},{"type":"Feature","properties":{"nombre":"Teniente Hernán Merino Correa","jerarquia":5},"geometry":{"type":"LineString","coordinates":[[-70.10634,-20.25642],[-70.106,-20.25681]]}},{"type":"Feature","properties":{"nombre":"Teniente Hernán Merino Correa","jerarquia":5},"geometry":{"type":"LineString","coordinates":[[-70.106,-20.25681],[-70.10631,-20.25621]]}},{"type":"Feature","properties":{"nombre":"Teniente Hernán Merino Correa","jerarquia":5},"geometry":{"type":"LineString","coordinates":[[-70.10631,-20.25621],[-70.10638,-20.25607]]}},{"type":"Feature","properties":{"nombre":"Ruta A-616","jerarquia":4},"geometry":{"type":"LineString","coordinates":[[-70.10617,-20.25332],[-70.1064,-20.25336]]}},{"type":"Feature","properties":{"nombre":"Ruta A-616","jerarquia":4},"geometry":{"type":"LineString","coordinates":[[-70.1064,-20.25336],[-70.10719,-20.25346],[-70.10755,-20.25355],[-70.10832,-20.25387],[-70.10914,-20.25428]]}},{"type":"Feature","properties":{"nombre":"Vía Cuatro","jerarquia":3},"geometry":{"type":"LineString","coordinates":[[-70.12203,-20.29335],[-70.12234,-20.29423]]}},{"type":"Feature","properties":{"nombre":"Vía Cuatro","jerarquia":3},"geometry":{"type":"LineString","coordinates":[[-70.12253,-20.29484],[-70.12234,-20.29423]]}},{"type":"Feature","properties":{"nombre":"Vía Cuatro","jerarquia":3},"geometry":{"type":"LineString","coordinates":[[-70.12271,-20.29574],[-70.12253,-20.29484]]}},{"type":"Feature","properties":{"nombre":"Vía Cuatro","jerarquia":3},"geometry":{"type":"LineString","coordinates":[[-70.12253,-20.29484],[-70.12275,-20.29557]]}},{"type":"Feature","properties":{"nombre":"Vía Cuatro","jerarquia":3},"geometry":{"type":"LineString","coordinates":[[-70.12274,-20.29613],[-70.12274,-20.29605]]}},{"type":"Feature","properties":{"nombre":"","jerarquia":3},"geometry":{"type":"LineString","coordinates":[[-70.12243,-20.29601],[-70.12262,-20.29593],[-70.12271,-20.29574]]}},{"type":"Feature","properties":{"nombre":"Circunvalación Sur","jerarquia":3},"geometry":{"type":"LineString","coordinates":[[-70.12194,-20.29607],[-70.12151,-20.29603],[-70.12101,-20.29587],[-70.12058,-20.29562],[-70.12023,-20.29528]]}},{"type":"Feature","properties":{"nombre":"Circunvalación Sur","jerarquia":3},"geometry":{"type":"LineString","coordinates":[[-70.12023,-20.29528],[-70.1208,-20.29569],[-70.1212,-20.29585],[-70.12162,-20.29595]]}},{"type":"Feature","properties":{"nombre":"Circunvalación Sur","jerarquia":3},"geometry":{"type":"LineString","coordinates":[[-70.1164,-20.25666],[-70.11595,-20.25915],[-70.11563,-20.26212],[-70.11571,-20.26526],[-70.1157,-20.26774],[-70.11543,-20.27408],[-70.1151,-20.27626],[-70.1148,-20.277],[-70.11416,-20.27817],[-70.11386,-20.27887],[-70.1136,-20.28108],[-70.11326,-20.28293],[-70.11325,-20.28376],[-70.11333,-20.28525],[-70.11342,-20.286],[-70.11364,-20.28669],[-70.11576,-20.28945],[-70.11611,-20.29002],[-70.11715,-20.29196],[-70.11786,-20.29288],[-70.12023,-20.29528]]}},{"type":"Feature","properties":{"nombre":"","jerarquia":3},"geometry":{"type":"LineString","coordinates":[[-70.11674,-20.2547],[-70.11665,-20.25456],[-70.11651,-20.25449],[-70.11635,-20.25451],[-70.11625,-20.25457]]}},{"type":"Feature","properties":{"nombre":"","jerarquia":3},"geometry":{"type":"LineString","coordinates":[[-70.11625,-20.25457],[-70.11613,-20.25472]]}},{"type":"Feature","properties":{"nombre":"Circunvalación Sur","jerarquia":3},"geometry":{"type":"LineString","coordinates":[[-70.11616,-20.25422],[-70.11657,-20.25433],[-70.11674,-20.25447],[-70.11682,-20.25463],[-70.11684,-20.25475],[-70.11665,-20.25574]]}},{"type":"Feature","properties":{"nombre":"Segundo Acceso","jerarquia":3},"geometry":{"type":"LineString","coordinates":[[-70.11651,-20.25311],[-70.11692,-20.25261],[-70.11799,-20.25152],[-70.12005,-20.24887],[-70.1212,-20.24766]]}},{"type":"Feature","properties":{"nombre":"Las Américas","jerarquia":5},"geometry":{"type":"LineString","coordinates":[[-70.10105,-20.27933],[-70.10107,-20.27917]]}},{"type":"Feature","properties":{"nombre":"Avenida Las Américas","jerarquia":3},"geometry":{"type":"LineString","coordinates":[[-70.10734,-20.29789],[-70.10719,-20.29799]]}},{"type":"Feature","properties":{"nombre":"Avenida Las Américas","jerarquia":3},"geometry":{"type":"LineString","coordinates":[[-70.1071,-20.29778],[-70.10719,-20.29799]]}},{"type":"Feature","properties":{"nombre":"Avenida Las Américas","jerarquia":3},"geometry":{"type":"LineString","coordinates":[[-70.10719,-20.29799],[-70.10784,-20.29952],[-70.10907,-20.30277]]}},{"type":"Feature","properties":{"nombre":"Playa Blanca","jerarquia":5},"geometry":{"type":"LineString","coordinates":[[-70.13252,-20.24896],[-70.13261,-20.24898]]}},{"type":"Feature","properties":{"nombre":"Ruta A-616","jerarquia":4},"geometry":{"type":"LineString","coordinates":[[-70.10914,-20.25428],[-70.11013,-20.25479]]}},{"type":"Feature","properties":{"nombre":"Avenida Santa María","jerarquia":5},"geometry":{"type":"LineString","coordinates":[[-70.10208,-20.28468],[-70.10198,-20.28463]]}},{"type":"Feature","properties":{"nombre":"Avenida Santa María","jerarquia":5},"geometry":{"type":"LineString","coordinates":[[-70.10198,-20.28463],[-70.10149,-20.28447]]}},{"type":"Feature","properties":{"nombre":"Avenida Santa María","jerarquia":5},"geometry":{"type":"LineString","coordinates":[[-70.10149,-20.28447],[-70.10093,-20.28429]]}},{"type":"Feature","properties":{"nombre":"Avenida Santa María","jerarquia":5},"geometry":{"type":"LineString","coordinates":[[-70.10093,-20.28429],[-70.1004,-20.28419]]}},{"type":"Feature","properties":{"nombre":"Avenida Santa María","jerarquia":5},"geometry":{"type":"LineString","coordinates":[[-70.1004,-20.28419],[-70.09993,-20.28421]]}},{"type":"Feature","properties":{"nombre":"Avenida Santa María","jerarquia":5},"geometry":{"type":"LineString","coordinates":[[-70.09993,-20.28421],[-70.0997,-20.28422]]}},{"type":"Feature","properties":{"nombre":"Avenida Santa María","jerarquia":5},"geometry":{"type":"LineString","coordinates":[[-70.0997,-20.28422],[-70.09942,-20.28424]]}},{"type":"Feature","properties":{"nombre":"Avenida Santa María","jerarquia":5},"geometry":{"type":"LineString","coordinates":[[-70.09942,-20.28424],[-70.09892,-20.28428]]}},{"type":"Feature","properties":{"nombre":"Avenida Santa María","jerarquia":5},"geometry":{"type":"LineString","coordinates":[[-70.09892,-20.28428],[-70.09882,-20.28428]]}},{"type":"Feature","properties":{"nombre":"Avenida Santa María","jerarquia":5},"geometry":{"type":"LineString","coordinates":[[-70.09882,-20.28428],[-70.09845,-20.28432]]}},{"type":"Feature","properties":{"nombre":"Avenida Santa María","jerarquia":5},"geometry":{"type":"LineString","coordinates":[[-70.09845,-20.28432],[-70.09803,-20.28437]]}},{"type":"Feature","properties":{"nombre":"Avenida Santa María","jerarquia":5},"geometry":{"type":"LineString","coordinates":[[-70.09803,-20.28437],[-70.09753,-20.28444]]}},{"type":"Feature","properties":{"nombre":"Avenida Santa María","jerarquia":5},"geometry":{"type":"LineString","coordinates":[[-70.09753,-20.28444],[-70.09701,-20.28456]]}},{"type":"Feature","properties":{"nombre":"Avenida Santa María","jerarquia":5},"geometry":{"type":"LineString","coordinates":[[-70.09701,-20.28456],[-70.09656,-20.28471]]}},{"type":"Feature","properties":{"nombre":"Avenida Santa María","jerarquia":5},"geometry":{"type":"LineString","coordinates":[[-70.09656,-20.28471],[-70.09612,-20.28486]]}},{"type":"Feature","properties":{"nombre":"Avenida Santa María","jerarquia":5},"geometry":{"type":"LineString","coordinates":[[-70.09612,-20.28486],[-70.09568,-20.28497]]}},{"type":"Feature","properties":{"nombre":"Avenida Santa María","jerarquia":5},"geometry":{"type":"LineString","coordinates":[[-70.09568,-20.28497],[-70.09525,-20.28506]]}},{"type":"Feature","properties":{"nombre":"Avenida Santa María","jerarquia":5},"geometry":{"type":"LineString","coordinates":[[-70.09525,-20.28506],[-70.09475,-20.28518]]}},{"type":"Feature","properties":{"nombre":"Avenida Santa María","jerarquia":5},"geometry":{"type":"LineString","coordinates":[[-70.09475,-20.28518],[-70.09449,-20.28511]]}},{"type":"Feature","properties":{"nombre":"Avenida Santa María","jerarquia":5},"geometry":{"type":"LineString","coordinates":[[-70.09449,-20.28511],[-70.09254,-20.28428]]}},{"type":"Feature","properties":{"nombre":"Avenida Diego Portales","jerarquia":5},"geometry":{"type":"LineString","coordinates":[[-70.14571,-20.22929],[-70.14612,-20.22926]]}},{"type":"Feature","properties":{"nombre":"Avenida Diego Portales","jerarquia":5},"geometry":{"type":"LineString","coordinates":[[-70.14612,-20.22926],[-70.14619,-20.22926]]}},{"type":"Feature","properties":{"nombre":"Juan Martínez","jerarquia":4},"geometry":{"type":"LineString","coordinates":[[-70.14621,-20.23004],[-70.14619,-20.22944]]}},{"type":"Feature","properties":{"nombre":"Avenida Diego Portales","jerarquia":5},"geometry":{"type":"LineString","coordinates":[[-70.14619,-20.22944],[-70.14607,-20.22932],[-70.14571,-20.22929]]}},{"type":"Feature","properties":{"nombre":"Presidente Manuel Balmaceda","jerarquia":5},"geometry":{"type":"LineString","coordinates":[[-70.12693,-20.26539],[-70.12685,-20.26534]]}},{"type":"Feature","properties":{"nombre":"Presidente Manuel Balmaceda","jerarquia":5},"geometry":{"type":"LineString","coordinates":[[-70.12685,-20.26534],[-70.12653,-20.26518]]}},{"type":"Feature","properties":{"nombre":"Presidente Manuel Balmaceda","jerarquia":5},"geometry":{"type":"LineString","coordinates":[[-70.12653,-20.26518],[-70.12634,-20.26508]]}},{"type":"Feature","properties":{"nombre":"Presidente Manuel Balmaceda","jerarquia":5},"geometry":{"type":"LineString","coordinates":[[-70.12634,-20.26508],[-70.12602,-20.26491]]}},{"type":"Feature","properties":{"nombre":"Presidente Manuel Balmaceda","jerarquia":5},"geometry":{"type":"LineString","coordinates":[[-70.12602,-20.26491],[-70.12566,-20.26473]]}},{"type":"Feature","properties":{"nombre":"Presidente Manuel Balmaceda","jerarquia":5},"geometry":{"type":"LineString","coordinates":[[-70.12566,-20.26473],[-70.12556,-20.26467]]}},{"type":"Feature","properties":{"nombre":"Avenida Circunvalación","jerarquia":5},"geometry":{"type":"LineString","coordinates":[[-70.10396,-20.27989],[-70.10392,-20.27995]]}},{"type":"Feature","properties":{"nombre":"Finlandia","jerarquia":5},"geometry":{"type":"LineString","coordinates":[[-70.10631,-20.2957],[-70.10619,-20.29574]]}},{"type":"Feature","properties":{"nombre":"Finlandia","jerarquia":5},"geometry":{"type":"LineString","coordinates":[[-70.10619,-20.29574],[-70.1061,-20.29577]]}},{"type":"Feature","properties":{"nombre":"Finlandia","jerarquia":5},"geometry":{"type":"LineString","coordinates":[[-70.1061,-20.29577],[-70.10572,-20.29589]]}},{"type":"Feature","properties":{"nombre":"Finlandia","jerarquia":5},"geometry":{"type":"LineString","coordinates":[[-70.10572,-20.29589],[-70.10525,-20.29604]]}},{"type":"Feature","properties":{"nombre":"Finlandia","jerarquia":5},"geometry":{"type":"LineString","coordinates":[[-70.10525,-20.29604],[-70.10404,-20.29649]]}},{"type":"Feature","properties":{"nombre":"Avenida Mártir Detective José Cubillos Rivera","jerarquia":5},"geometry":{"type":"LineString","coordinates":[[-70.10338,-20.2879],[-70.10327,-20.28794]]}},{"type":"Feature","properties":{"nombre":"Avenida Mártir Detective José Cubillos Rivera","jerarquia":5},"geometry":{"type":"LineString","coordinates":[[-70.10335,-20.28782],[-70.10399,-20.28769],[-70.10472,-20.28745]]}},{"type":"Feature","properties":{"nombre":"Avenida Mártir Detective José Cubillos Rivera","jerarquia":5},"geometry":{"type":"LineString","coordinates":[[-70.10472,-20.28745],[-70.10514,-20.28732]]}},{"type":"Feature","properties":{"nombre":"Avenida Mártir Detective José Cubillos Rivera","jerarquia":5},"geometry":{"type":"LineString","coordinates":[[-70.10514,-20.28732],[-70.10555,-20.28718]]}},{"type":"Feature","properties":{"nombre":"Avenida Mártir Detective José Cubillos Rivera","jerarquia":5},"geometry":{"type":"LineString","coordinates":[[-70.09203,-20.29119],[-70.0917,-20.29123]]}},{"type":"Feature","properties":{"nombre":"Avenida Unión Europea","jerarquia":5},"geometry":{"type":"LineString","coordinates":[[-70.10089,-20.29521],[-70.1003,-20.29495]]}},{"type":"Feature","properties":{"nombre":"Avenida Unión Europea","jerarquia":5},"geometry":{"type":"LineString","coordinates":[[-70.1003,-20.29495],[-70.09766,-20.29377]]}},{"type":"Feature","properties":{"nombre":"Avenida Unión Europea","jerarquia":5},"geometry":{"type":"LineString","coordinates":[[-70.09766,-20.29377],[-70.09735,-20.29368],[-70.09508,-20.29273]]}},{"type":"Feature","properties":{"nombre":"Avenida Unión Europea","jerarquia":5},"geometry":{"type":"LineString","coordinates":[[-70.09751,-20.29363],[-70.09787,-20.29377]]}},{"type":"Feature","properties":{"nombre":"Avenida Unión Europea","jerarquia":5},"geometry":{"type":"LineString","coordinates":[[-70.09787,-20.29377],[-70.09847,-20.29401]]}},{"type":"Feature","properties":{"nombre":"Avenida Unión Europea","jerarquia":5},"geometry":{"type":"LineString","coordinates":[[-70.09847,-20.29401],[-70.099,-20.29425]]}},{"type":"Feature","properties":{"nombre":"Avenida Unión Europea","jerarquia":5},"geometry":{"type":"LineString","coordinates":[[-70.099,-20.29425],[-70.10014,-20.29474]]}},{"type":"Feature","properties":{"nombre":"Avenida Unión Europea","jerarquia":5},"geometry":{"type":"LineString","coordinates":[[-70.10014,-20.29474],[-70.10043,-20.29487]]}},{"type":"Feature","properties":{"nombre":"Avenida Unión Europea","jerarquia":5},"geometry":{"type":"LineString","coordinates":[[-70.10043,-20.29487],[-70.10106,-20.29515]]}},{"type":"Feature","properties":{"nombre":"Avenida Unión Europea","jerarquia":5},"geometry":{"type":"LineString","coordinates":[[-70.09529,-20.29271],[-70.09603,-20.29303]]}},{"type":"Feature","properties":{"nombre":"Avenida Unión Europea","jerarquia":5},"geometry":{"type":"LineString","coordinates":[[-70.09603,-20.29303],[-70.09751,-20.29363]]}},{"type":"Feature","properties":{"nombre":"Italia","jerarquia":5},"geometry":{"type":"LineString","coordinates":[[-70.10106,-20.29515],[-70.10089,-20.29521]]}},{"type":"Feature","properties":{"nombre":"San Fernando","jerarquia":5},"geometry":{"type":"LineString","coordinates":[[-70.09529,-20.29271],[-70.09508,-20.29273]]}},{"type":"Feature","properties":{"nombre":"Avenida Mártir Detective José Cubillos Rivera","jerarquia":5},"geometry":{"type":"LineString","coordinates":[[-70.09639,-20.29065],[-70.09508,-20.29083]]}},{"type":"Feature","properties":{"nombre":"","jerarquia":4},"geometry":{"type":"LineString","coordinates":[[-70.09332,-20.27045],[-70.09351,-20.27047]]}},{"type":"Feature","properties":{"nombre":"","jerarquia":4},"geometry":{"type":"LineString","coordinates":[[-70.09351,-20.27047],[-70.09359,-20.27047]]}},{"type":"Feature","properties":{"nombre":"Sotomayor","jerarquia":4},"geometry":{"type":"LineString","coordinates":[[-70.13671,-20.21186],[-70.13688,-20.21181]]}},{"type":"Feature","properties":{"nombre":"Sotomayor","jerarquia":4},"geometry":{"type":"LineString","coordinates":[[-70.14055,-20.21141],[-70.14022,-20.21124],[-70.13986,-20.2112]]}},{"type":"Feature","properties":{"nombre":"Sotomayor","jerarquia":4},"geometry":{"type":"LineString","coordinates":[[-70.13986,-20.2112],[-70.13837,-20.21118]]}},{"type":"Feature","properties":{"nombre":"Sotomayor","jerarquia":4},"geometry":{"type":"LineString","coordinates":[[-70.13837,-20.21118],[-70.13815,-20.21125],[-70.13779,-20.21148]]}},{"type":"Feature","properties":{"nombre":"Sotomayor","jerarquia":4},"geometry":{"type":"LineString","coordinates":[[-70.13779,-20.21148],[-70.13728,-20.21178]]}},{"type":"Feature","properties":{"nombre":"Sotomayor","jerarquia":4},"geometry":{"type":"LineString","coordinates":[[-70.13728,-20.21178],[-70.13689,-20.21189]]}},{"type":"Feature","properties":{"nombre":"Sotomayor","jerarquia":4},"geometry":{"type":"LineString","coordinates":[[-70.13689,-20.21189],[-70.13673,-20.21194]]}},{"type":"Feature","properties":{"nombre":"Sotomayor","jerarquia":4},"geometry":{"type":"LineString","coordinates":[[-70.13673,-20.21194],[-70.13645,-20.21201]]}},{"type":"Feature","properties":{"nombre":"Sotomayor","jerarquia":4},"geometry":{"type":"LineString","coordinates":[[-70.13645,-20.21201],[-70.13586,-20.2121]]}},{"type":"Feature","properties":{"nombre":"Sotomayor","jerarquia":4},"geometry":{"type":"LineString","coordinates":[[-70.13586,-20.2121],[-70.13671,-20.21186]]}},{"type":"Feature","properties":{"nombre":"Los Álamos","jerarquia":5},"geometry":{"type":"LineString","coordinates":[[-70.09609,-20.26209],[-70.096,-20.262]]}},{"type":"Feature","properties":{"nombre":"Avenida Los Cóndores","jerarquia":5},"geometry":{"type":"LineString","coordinates":[[-70.10679,-20.2706],[-70.10632,-20.27114],[-70.10594,-20.2713]]}},{"type":"Feature","properties":{"nombre":"Avenida Los Cóndores","jerarquia":5},"geometry":{"type":"LineString","coordinates":[[-70.10594,-20.2713],[-70.10507,-20.27148]]}},{"type":"Feature","properties":{"nombre":"Avenida Los Cóndores","jerarquia":5},"geometry":{"type":"LineString","coordinates":[[-70.10507,-20.27148],[-70.10458,-20.27157]]}},{"type":"Feature","properties":{"nombre":"Avenida Los Cóndores","jerarquia":5},"geometry":{"type":"LineString","coordinates":[[-70.10458,-20.27157],[-70.10391,-20.27171],[-70.10347,-20.27185]]}},{"type":"Feature","properties":{"nombre":"Avenida Los Cóndores","jerarquia":5},"geometry":{"type":"LineString","coordinates":[[-70.10347,-20.27185],[-70.10306,-20.27202]]}},{"type":"Feature","properties":{"nombre":"Avenida Los Cóndores","jerarquia":5},"geometry":{"type":"LineString","coordinates":[[-70.10306,-20.27202],[-70.10298,-20.27205]]}},{"type":"Feature","properties":{"nombre":"Avenida Los Cóndores","jerarquia":5},"geometry":{"type":"LineString","coordinates":[[-70.10295,-20.27197],[-70.10344,-20.27177]]}},{"type":"Feature","properties":{"nombre":"Avenida Los Cóndores","jerarquia":5},"geometry":{"type":"LineString","coordinates":[[-70.10344,-20.27177],[-70.10407,-20.27157]]}},{"type":"Feature","properties":{"nombre":"Avenida Los Cóndores","jerarquia":5},"geometry":{"type":"LineString","coordinates":[[-70.10407,-20.27157],[-70.10455,-20.27148]]}},{"type":"Feature","properties":{"nombre":"Avenida Los Cóndores","jerarquia":5},"geometry":{"type":"LineString","coordinates":[[-70.10455,-20.27148],[-70.10505,-20.27138]]}},{"type":"Feature","properties":{"nombre":"Avenida Los Cóndores","jerarquia":5},"geometry":{"type":"LineString","coordinates":[[-70.10505,-20.27138],[-70.10607,-20.27117],[-70.1064,-20.27093]]}},{"type":"Feature","properties":{"nombre":"Avenida Los Cóndores","jerarquia":5},"geometry":{"type":"LineString","coordinates":[[-70.1064,-20.27093],[-70.10667,-20.27061]]}},{"type":"Feature","properties":{"nombre":"Avenida Los Cóndores","jerarquia":5},"geometry":{"type":"LineString","coordinates":[[-70.10667,-20.27061],[-70.10672,-20.27054]]}},{"type":"Feature","properties":{"nombre":"Avenida La Pampa","jerarquia":5},"geometry":{"type":"LineString","coordinates":[[-70.09508,-20.26775],[-70.09517,-20.26779]]}},{"type":"Feature","properties":{"nombre":"Avenida La Pampa","jerarquia":5},"geometry":{"type":"LineString","coordinates":[[-70.09517,-20.26779],[-70.09563,-20.26798],[-70.09608,-20.2681]]}},{"type":"Feature","properties":{"nombre":"Avenida La Pampa","jerarquia":5},"geometry":{"type":"LineString","coordinates":[[-70.09608,-20.2681],[-70.09709,-20.26814],[-70.09792,-20.26856]]}},{"type":"Feature","properties":{"nombre":"Avenida La Pampa","jerarquia":5},"geometry":{"type":"LineString","coordinates":[[-70.09792,-20.26856],[-70.09827,-20.26874]]}},{"type":"Feature","properties":{"nombre":"Avenida Las Parcelas","jerarquia":4},"geometry":{"type":"LineString","coordinates":[[-70.09804,-20.26339],[-70.09839,-20.26293]]}},{"type":"Feature","properties":{"nombre":"Avenida Las Parcelas","jerarquia":4},"geometry":{"type":"LineString","coordinates":[[-70.09839,-20.26293],[-70.09865,-20.26259]]}},{"type":"Feature","properties":{"nombre":"Avenida Las Parcelas","jerarquia":4},"geometry":{"type":"LineString","coordinates":[[-70.09865,-20.26259],[-70.09893,-20.26222]]}},{"type":"Feature","properties":{"nombre":"Avenida Las Parcelas","jerarquia":4},"geometry":{"type":"LineString","coordinates":[[-70.09893,-20.26222],[-70.1003,-20.26047]]}},{"type":"Feature","properties":{"nombre":"Avenida Las Parcelas","jerarquia":4},"geometry":{"type":"LineString","coordinates":[[-70.1003,-20.26047],[-70.10099,-20.25957]]}},{"type":"Feature","properties":{"nombre":"Avenida Las Parcelas","jerarquia":4},"geometry":{"type":"LineString","coordinates":[[-70.10099,-20.25957],[-70.10163,-20.25875]]}},{"type":"Feature","properties":{"nombre":"Avenida Las Parcelas","jerarquia":4},"geometry":{"type":"LineString","coordinates":[[-70.10163,-20.25875],[-70.1039,-20.25583]]}},{"type":"Feature","properties":{"nombre":"Avenida Las Parcelas","jerarquia":4},"geometry":{"type":"LineString","coordinates":[[-70.1039,-20.25583],[-70.10479,-20.25471],[-70.10526,-20.2539]]}},{"type":"Feature","properties":{"nombre":"Avenida Las Parcelas","jerarquia":5},"geometry":{"type":"LineString","coordinates":[[-70.09188,-20.27374],[-70.09097,-20.27543]]}},{"type":"Feature","properties":{"nombre":"Avenida Las Parcelas","jerarquia":5},"geometry":{"type":"LineString","coordinates":[[-70.09097,-20.27543],[-70.09007,-20.27707]]}},{"type":"Feature","properties":{"nombre":"Avenida Las Parcelas","jerarquia":5},"geometry":{"type":"LineString","coordinates":[[-70.09007,-20.27707],[-70.08937,-20.27836],[-70.08921,-20.27879]]}},{"type":"Feature","properties":{"nombre":"Segundo Acceso","jerarquia":3},"geometry":{"type":"LineString","coordinates":[[-70.10931,-20.30308],[-70.1092,-20.30309],[-70.10906,-20.30304]]}},{"type":"Feature","properties":{"nombre":"","jerarquia":3},"geometry":{"type":"LineString","coordinates":[[-70.12275,-20.29557],[-70.12284,-20.29578],[-70.12297,-20.29593],[-70.12336,-20.29611]]}},{"type":"Feature","properties":{"nombre":"","jerarquia":3},"geometry":{"type":"LineString","coordinates":[[-70.117,-20.25276],[-70.11672,-20.25322],[-70.11664,-20.2535],[-70.11668,-20.25385],[-70.11687,-20.25439],[-70.11691,-20.25463],[-70.11688,-20.25495],[-70.11672,-20.2556],[-70.11665,-20.25574]]}},{"type":"Feature","properties":{"nombre":"Circunvalación Sur","jerarquia":3},"geometry":{"type":"LineString","coordinates":[[-70.11616,-20.25422],[-70.11604,-20.25418]]}},{"type":"Feature","properties":{"nombre":"Circunvalación Sur","jerarquia":3},"geometry":{"type":"LineString","coordinates":[[-70.11674,-20.2547],[-70.11664,-20.25447],[-70.11616,-20.25422]]}},{"type":"Feature","properties":{"nombre":"Circunvalación Sur","jerarquia":3},"geometry":{"type":"LineString","coordinates":[[-70.12274,-20.29605],[-70.12283,-20.29605]]}},{"type":"Feature","properties":{"nombre":"Vía Cuatro","jerarquia":3},"geometry":{"type":"LineString","coordinates":[[-70.12274,-20.29605],[-70.12271,-20.29574]]}},{"type":"Feature","properties":{"nombre":"Vía Cuatro","jerarquia":3},"geometry":{"type":"LineString","coordinates":[[-70.12283,-20.29605],[-70.12283,-20.29613]]}},{"type":"Feature","properties":{"nombre":"Segundo Acceso","jerarquia":3},"geometry":{"type":"LineString","coordinates":[[-70.1212,-20.24766],[-70.12214,-20.24676]]}},{"type":"Feature","properties":{"nombre":"Santa Coloma de Farnes","jerarquia":5},"geometry":{"type":"LineString","coordinates":[[-70.15177,-20.23527],[-70.15187,-20.23623],[-70.15099,-20.23696],[-70.15059,-20.23777]]}},{"type":"Feature","properties":{"nombre":"Santa Coloma de Farnes","jerarquia":5},"geometry":{"type":"LineString","coordinates":[[-70.15059,-20.23777],[-70.14963,-20.23813]]}},{"type":"Feature","properties":{"nombre":"Santa Coloma de Farnes","jerarquia":5},"geometry":{"type":"LineString","coordinates":[[-70.14963,-20.23813],[-70.14897,-20.23838]]}},{"type":"Feature","properties":{"nombre":"Santa Coloma de Farnes","jerarquia":5},"geometry":{"type":"LineString","coordinates":[[-70.14897,-20.23838],[-70.14761,-20.2389],[-70.14589,-20.2402]]}},{"type":"Feature","properties":{"nombre":"","jerarquia":2},"geometry":{"type":"LineString","coordinates":[[-70.13008,-20.22697],[-70.13014,-20.22704]]}},{"type":"Feature","properties":{"nombre":"","jerarquia":2},"geometry":{"type":"LineString","coordinates":[[-70.13014,-20.22704],[-70.13021,-20.22709]]}},{"type":"Feature","properties":{"nombre":"Amunátegui","jerarquia":5},"geometry":{"type":"LineString","coordinates":[[-70.14655,-20.21685],[-70.14653,-20.21612],[-70.14647,-20.21604]]}},{"type":"Feature","properties":{"nombre":"Manuel Bulnes","jerarquia":3},"geometry":{"type":"LineString","coordinates":[[-70.1546,-20.21921],[-70.15434,-20.21914],[-70.15295,-20.2192]]}},{"type":"Feature","properties":{"nombre":"","jerarquia":5},"geometry":{"type":"LineString","coordinates":[[-70.15045,-20.20855],[-70.15008,-20.20863]]}},{"type":"Feature","properties":{"nombre":"","jerarquia":5},"geometry":{"type":"LineString","coordinates":[[-70.15008,-20.20863],[-70.15001,-20.20864]]}},{"type":"Feature","properties":{"nombre":"Cancosa","jerarquia":3},"geometry":{"type":"LineString","coordinates":[[-70.12816,-20.23322],[-70.12788,-20.23271]]}},{"type":"Feature","properties":{"nombre":"Cancosa","jerarquia":3},"geometry":{"type":"LineString","coordinates":[[-70.12788,-20.23271],[-70.12769,-20.23244]]}},{"type":"Feature","properties":{"nombre":"Cancosa","jerarquia":3},"geometry":{"type":"LineString","coordinates":[[-70.12769,-20.23244],[-70.12746,-20.23211]]}},{"type":"Feature","properties":{"nombre":"Playa El Águila","jerarquia":5},"geometry":{"type":"LineString","coordinates":[[-70.12862,-20.25073],[-70.12852,-20.25071]]}},{"type":"Feature","properties":{"nombre":"Playa El Águila","jerarquia":5},"geometry":{"type":"LineString","coordinates":[[-70.12852,-20.25071],[-70.12847,-20.25071]]}},{"type":"Feature","properties":{"nombre":"Playa El Águila","jerarquia":5},"geometry":{"type":"LineString","coordinates":[[-70.12847,-20.25071],[-70.1281,-20.25066]]}},{"type":"Feature","properties":{"nombre":"Playa El Águila","jerarquia":5},"geometry":{"type":"LineString","coordinates":[[-70.1281,-20.25066],[-70.1276,-20.25061]]}},{"type":"Feature","properties":{"nombre":"Avenida Arturo Prat Chacón","jerarquia":3},"geometry":{"type":"LineString","coordinates":[[-70.14708,-20.22903],[-70.14677,-20.22953]]}},{"type":"Feature","properties":{"nombre":"Avenida Arturo Prat Chacón","jerarquia":3},"geometry":{"type":"LineString","coordinates":[[-70.14677,-20.22953],[-70.14676,-20.22955]]}},{"type":"Feature","properties":{"nombre":"Avenida Arturo Prat Chacón","jerarquia":3},"geometry":{"type":"LineString","coordinates":[[-70.14672,-20.22961],[-70.14644,-20.23009]]}},{"type":"Feature","properties":{"nombre":"Avenida Arturo Prat Chacón","jerarquia":3},"geometry":{"type":"LineString","coordinates":[[-70.14676,-20.22955],[-70.14672,-20.22961]]}},{"type":"Feature","properties":{"nombre":"Avenida Arturo Prat Chacón","jerarquia":3},"geometry":{"type":"LineString","coordinates":[[-70.14621,-20.23004],[-70.14652,-20.22957]]}},{"type":"Feature","properties":{"nombre":"Avenida Arturo Prat Chacón","jerarquia":3},"geometry":{"type":"LineString","coordinates":[[-70.14652,-20.22957],[-70.14657,-20.22951]]}},{"type":"Feature","properties":{"nombre":"Circunvalación Sur","jerarquia":3},"geometry":{"type":"LineString","coordinates":[[-70.1164,-20.25666],[-70.11674,-20.2547]]}},{"type":"Feature","properties":{"nombre":"Avenida Gabriela Mistral","jerarquia":5},"geometry":{"type":"LineString","coordinates":[[-70.10472,-20.28495],[-70.10487,-20.28533]]}},{"type":"Feature","properties":{"nombre":"Avenida Gabriela Mistral","jerarquia":5},"geometry":{"type":"LineString","coordinates":[[-70.10487,-20.28533],[-70.10518,-20.28619]]}},{"type":"Feature","properties":{"nombre":"Avenida Gabriela Mistral","jerarquia":5},"geometry":{"type":"LineString","coordinates":[[-70.10518,-20.28619],[-70.10527,-20.28642]]}},{"type":"Feature","properties":{"nombre":"Ruta A-616","jerarquia":4},"geometry":{"type":"LineString","coordinates":[[-70.05821,-20.23666],[-70.05812,-20.23653]]}},{"type":"Feature","properties":{"nombre":"Ruta A-616","jerarquia":4},"geometry":{"type":"LineString","coordinates":[[-70.05812,-20.23653],[-70.05804,-20.23644]]}},{"type":"Feature","properties":{"nombre":"Ruta A-616","jerarquia":4},"geometry":{"type":"LineString","coordinates":[[-70.1057,-20.25319],[-70.10543,-20.25308]]}},{"type":"Feature","properties":{"nombre":"Ruta A-616","jerarquia":4},"geometry":{"type":"LineString","coordinates":[[-70.10543,-20.25308],[-70.10527,-20.25299]]}},{"type":"Feature","properties":{"nombre":"Ruta A-616","jerarquia":4},"geometry":{"type":"LineString","coordinates":[[-70.10527,-20.25299],[-70.10477,-20.25275]]}},{"type":"Feature","properties":{"nombre":"Ruta A-616","jerarquia":4},"geometry":{"type":"LineString","coordinates":[[-70.10477,-20.25275],[-70.10446,-20.2526]]}},{"type":"Feature","properties":{"nombre":"Ruta A-616","jerarquia":4},"geometry":{"type":"LineString","coordinates":[[-70.10446,-20.2526],[-70.10379,-20.25226]]}},{"type":"Feature","properties":{"nombre":"Ruta A-616","jerarquia":4},"geometry":{"type":"LineString","coordinates":[[-70.10379,-20.25226],[-70.10302,-20.25196],[-70.10207,-20.25173]]}},{"type":"Feature","properties":{"nombre":"Ruta A-616","jerarquia":4},"geometry":{"type":"LineString","coordinates":[[-70.10207,-20.25173],[-70.10121,-20.25162]]}},{"type":"Feature","properties":{"nombre":"Ruta A-616","jerarquia":4},"geometry":{"type":"LineString","coordinates":[[-70.10121,-20.25162],[-70.0995,-20.25149]]}},{"type":"Feature","properties":{"nombre":"Ruta A-616","jerarquia":4},"geometry":{"type":"LineString","coordinates":[[-70.0995,-20.25149],[-70.09841,-20.25141]]}},{"type":"Feature","properties":{"nombre":"Ruta A-616","jerarquia":4},"geometry":{"type":"LineString","coordinates":[[-70.09841,-20.25141],[-70.0979,-20.25138]]}},{"type":"Feature","properties":{"nombre":"Ruta A-616","jerarquia":4},"geometry":{"type":"LineString","coordinates":[[-70.0979,-20.25138],[-70.09772,-20.25136]]}},{"type":"Feature","properties":{"nombre":"Ruta A-616","jerarquia":4},"geometry":{"type":"LineString","coordinates":[[-70.09772,-20.25136],[-70.09604,-20.25125]]}},{"type":"Feature","properties":{"nombre":"Ruta A-616","jerarquia":4},"geometry":{"type":"LineString","coordinates":[[-70.09604,-20.25125],[-70.09479,-20.25114]]}},{"type":"Feature","properties":{"nombre":"Ruta A-616","jerarquia":4},"geometry":{"type":"LineString","coordinates":[[-70.09479,-20.25114],[-70.09457,-20.25114]]}},{"type":"Feature","properties":{"nombre":"Ruta A-616","jerarquia":4},"geometry":{"type":"LineString","coordinates":[[-70.09457,-20.25114],[-70.09438,-20.25113]]}},{"type":"Feature","properties":{"nombre":"Ruta A-616","jerarquia":4},"geometry":{"type":"LineString","coordinates":[[-70.09438,-20.25113],[-70.09422,-20.25112]]}},{"type":"Feature","properties":{"nombre":"Ruta A-616","jerarquia":4},"geometry":{"type":"LineString","coordinates":[[-70.09422,-20.25112],[-70.09318,-20.25105]]}},{"type":"Feature","properties":{"nombre":"Ruta A-616","jerarquia":4},"geometry":{"type":"LineString","coordinates":[[-70.09318,-20.25105],[-70.093,-20.25103]]}},{"type":"Feature","properties":{"nombre":"Ruta A-616","jerarquia":4},"geometry":{"type":"LineString","coordinates":[[-70.093,-20.25103],[-70.0927,-20.25101]]}},{"type":"Feature","properties":{"nombre":"Ruta A-616","jerarquia":4},"geometry":{"type":"LineString","coordinates":[[-70.0927,-20.25101],[-70.09217,-20.25098]]}},{"type":"Feature","properties":{"nombre":"Ruta A-616","jerarquia":4},"geometry":{"type":"LineString","coordinates":[[-70.09217,-20.25098],[-70.09141,-20.25093]]}},{"type":"Feature","properties":{"nombre":"Ruta A-616","jerarquia":4},"geometry":{"type":"LineString","coordinates":[[-70.09141,-20.25093],[-70.09095,-20.2509]]}},{"type":"Feature","properties":{"nombre":"Ruta A-616","jerarquia":4},"geometry":{"type":"LineString","coordinates":[[-70.09095,-20.2509],[-70.09036,-20.25085]]}},{"type":"Feature","properties":{"nombre":"Ruta A-616","jerarquia":4},"geometry":{"type":"LineString","coordinates":[[-70.09036,-20.25085],[-70.08947,-20.25079]]}},{"type":"Feature","properties":{"nombre":"Ruta A-616","jerarquia":4},"geometry":{"type":"LineString","coordinates":[[-70.08947,-20.25079],[-70.08894,-20.25075]]}},{"type":"Feature","properties":{"nombre":"Ruta A-616","jerarquia":4},"geometry":{"type":"LineString","coordinates":[[-70.08894,-20.25075],[-70.08786,-20.25067]]}},{"type":"Feature","properties":{"nombre":"Ruta A-616","jerarquia":4},"geometry":{"type":"LineString","coordinates":[[-70.08786,-20.25067],[-70.08712,-20.25062]]}},{"type":"Feature","properties":{"nombre":"Ruta A-616","jerarquia":4},"geometry":{"type":"LineString","coordinates":[[-70.08712,-20.25062],[-70.08707,-20.25062]]}},{"type":"Feature","properties":{"nombre":"Ruta A-616","jerarquia":4},"geometry":{"type":"LineString","coordinates":[[-70.08707,-20.25062],[-70.08602,-20.25053]]}},{"type":"Feature","properties":{"nombre":"Ruta A-616","jerarquia":4},"geometry":{"type":"LineString","coordinates":[[-70.08602,-20.25053],[-70.08557,-20.25049]]}},{"type":"Feature","properties":{"nombre":"Ruta A-616","jerarquia":4},"geometry":{"type":"LineString","coordinates":[[-70.08557,-20.25049],[-70.08538,-20.25048]]}},{"type":"Feature","properties":{"nombre":"Ruta A-616","jerarquia":4},"geometry":{"type":"LineString","coordinates":[[-70.08538,-20.25048],[-70.08301,-20.25033]]}},{"type":"Feature","properties":{"nombre":"Ruta A-616","jerarquia":4},"geometry":{"type":"LineString","coordinates":[[-70.08301,-20.25033],[-70.06765,-20.24931]]}},{"type":"Feature","properties":{"nombre":"Ruta A-616","jerarquia":4},"geometry":{"type":"LineString","coordinates":[[-70.06765,-20.24931],[-70.06712,-20.24922],[-70.06674,-20.24908],[-70.0664,-20.24887],[-70.0661,-20.24861]]}},{"type":"Feature","properties":{"nombre":"Ruta A-616","jerarquia":4},"geometry":{"type":"LineString","coordinates":[[-70.0661,-20.24861],[-70.06482,-20.24668]]}},{"type":"Feature","properties":{"nombre":"Ruta A-616","jerarquia":4},"geometry":{"type":"LineString","coordinates":[[-70.05765,-20.23572],[-70.05817,-20.2365]]}},{"type":"Feature","properties":{"nombre":"Obispo Labbé","jerarquia":5},"geometry":{"type":"LineString","coordinates":[[-70.15022,-20.21395],[-70.15021,-20.21326]]}},{"type":"Feature","properties":{"nombre":"Obispo Labbé","jerarquia":5},"geometry":{"type":"LineString","coordinates":[[-70.15021,-20.21326],[-70.1502,-20.21262]]}},{"type":"Feature","properties":{"nombre":"Obispo Labbé","jerarquia":5},"geometry":{"type":"LineString","coordinates":[[-70.15062,-20.22417],[-70.15059,-20.22342]]}},{"type":"Feature","properties":{"nombre":"Obispo Labbé","jerarquia":5},"geometry":{"type":"LineString","coordinates":[[-70.15059,-20.22342],[-70.15059,-20.22332]]}},{"type":"Feature","properties":{"nombre":"Obispo Labbé","jerarquia":5},"geometry":{"type":"LineString","coordinates":[[-70.15059,-20.22332],[-70.15054,-20.22236]]}},{"type":"Feature","properties":{"nombre":"Obispo Labbé","jerarquia":5},"geometry":{"type":"LineString","coordinates":[[-70.15054,-20.22236],[-70.1505,-20.2214]]}},{"type":"Feature","properties":{"nombre":"Obispo Labbé","jerarquia":5},"geometry":{"type":"LineString","coordinates":[[-70.1505,-20.2214],[-70.15047,-20.22053]]}},{"type":"Feature","properties":{"nombre":"Obispo Labbé","jerarquia":5},"geometry":{"type":"LineString","coordinates":[[-70.15047,-20.22053],[-70.15046,-20.22043]]}},{"type":"Feature","properties":{"nombre":"Obispo Labbé","jerarquia":5},"geometry":{"type":"LineString","coordinates":[[-70.15046,-20.22043],[-70.15042,-20.21935]]}},{"type":"Feature","properties":{"nombre":"Obispo Labbé","jerarquia":5},"geometry":{"type":"LineString","coordinates":[[-70.15042,-20.21935],[-70.15038,-20.21845]]}},{"type":"Feature","properties":{"nombre":"Vicente Zegers","jerarquia":5},"geometry":{"type":"LineString","coordinates":[[-70.15149,-20.21737],[-70.15032,-20.21744]]}},{"type":"Feature","properties":{"nombre":"Vicente Zegers","jerarquia":5},"geometry":{"type":"LineString","coordinates":[[-70.15504,-20.2172],[-70.15461,-20.21722]]}},{"type":"Feature","properties":{"nombre":"Vicente Zegers","jerarquia":5},"geometry":{"type":"LineString","coordinates":[[-70.15461,-20.21722],[-70.15426,-20.21724]]}},{"type":"Feature","properties":{"nombre":"Vicente Zegers","jerarquia":5},"geometry":{"type":"LineString","coordinates":[[-70.15426,-20.21724],[-70.15379,-20.21726]]}},{"type":"Feature","properties":{"nombre":"Vicente Zegers","jerarquia":5},"geometry":{"type":"LineString","coordinates":[[-70.15379,-20.21726],[-70.15289,-20.2173]]}},{"type":"Feature","properties":{"nombre":"Vicente Zegers","jerarquia":5},"geometry":{"type":"LineString","coordinates":[[-70.15289,-20.2173],[-70.15217,-20.21734]]}},{"type":"Feature","properties":{"nombre":"Vicente Zegers","jerarquia":5},"geometry":{"type":"LineString","coordinates":[[-70.15217,-20.21734],[-70.15149,-20.21737]]}},{"type":"Feature","properties":{"nombre":"Patricio Lynch","jerarquia":5},"geometry":{"type":"LineString","coordinates":[[-70.15161,-20.22303],[-70.1516,-20.22232]]}},{"type":"Feature","properties":{"nombre":"Patricio Lynch","jerarquia":5},"geometry":{"type":"LineString","coordinates":[[-70.1516,-20.22232],[-70.15158,-20.22135]]}},{"type":"Feature","properties":{"nombre":"Patricio Lynch","jerarquia":5},"geometry":{"type":"LineString","coordinates":[[-70.15158,-20.22135],[-70.15156,-20.22037]]}},{"type":"Feature","properties":{"nombre":"Patricio Lynch","jerarquia":5},"geometry":{"type":"LineString","coordinates":[[-70.15156,-20.22037],[-70.15154,-20.21928]]}},{"type":"Feature","properties":{"nombre":"Avenida Arturo Prat Chacón","jerarquia":3},"geometry":{"type":"LineString","coordinates":[[-70.14801,-20.22735],[-70.14838,-20.22677],[-70.14872,-20.22634]]}},{"type":"Feature","properties":{"nombre":"Avenida Arturo Prat Chacón","jerarquia":3},"geometry":{"type":"LineString","coordinates":[[-70.14872,-20.22634],[-70.14944,-20.22552]]}},{"type":"Feature","properties":{"nombre":"Avenida Arturo Prat Chacón","jerarquia":3},"geometry":{"type":"LineString","coordinates":[[-70.14657,-20.22951],[-70.14694,-20.22907],[-70.1472,-20.22868]]}},{"type":"Feature","properties":{"nombre":"Avenida Arturo Prat Chacón","jerarquia":3},"geometry":{"type":"LineString","coordinates":[[-70.1472,-20.22868],[-70.14801,-20.22735]]}},{"type":"Feature","properties":{"nombre":"Héroes de la Concepción","jerarquia":4},"geometry":{"type":"LineString","coordinates":[[-70.14017,-20.2277],[-70.13989,-20.22682],[-70.1398,-20.22565]]}},{"type":"Feature","properties":{"nombre":"Héroes de la Concepción","jerarquia":4},"geometry":{"type":"LineString","coordinates":[[-70.1398,-20.22565],[-70.13974,-20.22473]]}},{"type":"Feature","properties":{"nombre":"Héroes de la Concepción","jerarquia":4},"geometry":{"type":"LineString","coordinates":[[-70.14499,-20.24094],[-70.14493,-20.24083]]}},{"type":"Feature","properties":{"nombre":"Avenida Arturo Prat Chacón","jerarquia":3},"geometry":{"type":"LineString","coordinates":[[-70.14415,-20.24145],[-70.14473,-20.24099]]}},{"type":"Feature","properties":{"nombre":"Avenida Arturo Prat Chacón","jerarquia":3},"geometry":{"type":"LineString","coordinates":[[-70.14473,-20.24099],[-70.14486,-20.24089]]}},{"type":"Feature","properties":{"nombre":"Avenida Arturo Prat Chacón","jerarquia":3},"geometry":{"type":"LineString","coordinates":[[-70.14486,-20.24089],[-70.14493,-20.24083]]}},{"type":"Feature","properties":{"nombre":"Avenida Arturo Prat Chacón","jerarquia":3},"geometry":{"type":"LineString","coordinates":[[-70.14385,-20.24169],[-70.14394,-20.24161]]}},{"type":"Feature","properties":{"nombre":"Avenida Arturo Prat Chacón","jerarquia":3},"geometry":{"type":"LineString","coordinates":[[-70.14394,-20.24161],[-70.14415,-20.24145]]}},{"type":"Feature","properties":{"nombre":"Playa Brava","jerarquia":5},"geometry":{"type":"LineString","coordinates":[[-70.1432,-20.2417],[-70.14343,-20.24163]]}},{"type":"Feature","properties":{"nombre":"Playa Brava","jerarquia":5},"geometry":{"type":"LineString","coordinates":[[-70.13685,-20.24799],[-70.13671,-20.24857]]}},{"type":"Feature","properties":{"nombre":"Playa Brava","jerarquia":5},"geometry":{"type":"LineString","coordinates":[[-70.13671,-20.24857],[-70.13642,-20.2498]]}},{"type":"Feature","properties":{"nombre":"Playa Brava","jerarquia":5},"geometry":{"type":"LineString","coordinates":[[-70.13642,-20.2498],[-70.13641,-20.24986]]}},{"type":"Feature","properties":{"nombre":"Playa Brava","jerarquia":5},"geometry":{"type":"LineString","coordinates":[[-70.13641,-20.24986],[-70.13619,-20.25075]]}},{"type":"Feature","properties":{"nombre":"Playa Brava","jerarquia":5},"geometry":{"type":"LineString","coordinates":[[-70.13619,-20.25075],[-70.13578,-20.25246]]}},{"type":"Feature","properties":{"nombre":"Playa Brava","jerarquia":5},"geometry":{"type":"LineString","coordinates":[[-70.13578,-20.25246],[-70.13563,-20.25282]]}},{"type":"Feature","properties":{"nombre":"Playa Brava","jerarquia":5},"geometry":{"type":"LineString","coordinates":[[-70.13563,-20.25282],[-70.1349,-20.25408]]}},{"type":"Feature","properties":{"nombre":"Avenida Santiago Polanco","jerarquia":5},"geometry":{"type":"LineString","coordinates":[[-70.13687,-20.24791],[-70.13721,-20.24806]]}},{"type":"Feature","properties":{"nombre":"Avenida Santiago Polanco","jerarquia":5},"geometry":{"type":"LineString","coordinates":[[-70.13721,-20.24806],[-70.13827,-20.24854]]}},{"type":"Feature","properties":{"nombre":"Avenida Santiago Polanco","jerarquia":5},"geometry":{"type":"LineString","coordinates":[[-70.13124,-20.24643],[-70.13171,-20.24652]]}},{"type":"Feature","properties":{"nombre":"Avenida Santiago Polanco","jerarquia":5},"geometry":{"type":"LineString","coordinates":[[-70.13171,-20.24652],[-70.13211,-20.24661]]}},{"type":"Feature","properties":{"nombre":"Avenida Santiago Polanco","jerarquia":5},"geometry":{"type":"LineString","coordinates":[[-70.13211,-20.24661],[-70.13251,-20.24669]]}},{"type":"Feature","properties":{"nombre":"Avenida Santiago Polanco","jerarquia":5},"geometry":{"type":"LineString","coordinates":[[-70.13251,-20.24669],[-70.13286,-20.24676]]}},{"type":"Feature","properties":{"nombre":"Avenida Santiago Polanco","jerarquia":5},"geometry":{"type":"LineString","coordinates":[[-70.13286,-20.24676],[-70.13295,-20.24678]]}},{"type":"Feature","properties":{"nombre":"Avenida Ramón Pérez Opazo","jerarquia":4},"geometry":{"type":"LineString","coordinates":[[-70.12683,-20.25202],[-70.12713,-20.25217]]}},{"type":"Feature","properties":{"nombre":"Avenida Ramón Pérez Opazo","jerarquia":4},"geometry":{"type":"LineString","coordinates":[[-70.12713,-20.25217],[-70.12747,-20.25233]]}},{"type":"Feature","properties":{"nombre":"Avenida Ramón Pérez Opazo","jerarquia":4},"geometry":{"type":"LineString","coordinates":[[-70.12747,-20.25233],[-70.12757,-20.25238]]}},{"type":"Feature","properties":{"nombre":"Avenida Ramón Pérez Opazo","jerarquia":4},"geometry":{"type":"LineString","coordinates":[[-70.12757,-20.25238],[-70.12779,-20.2525]]}},{"type":"Feature","properties":{"nombre":"Avenida Ramón Pérez Opazo","jerarquia":4},"geometry":{"type":"LineString","coordinates":[[-70.12779,-20.2525],[-70.12845,-20.25282]]}},{"type":"Feature","properties":{"nombre":"Avenida La Tirana","jerarquia":2},"geometry":{"type":"LineString","coordinates":[[-70.12492,-20.25989],[-70.12526,-20.25805]]}},{"type":"Feature","properties":{"nombre":"Avenida La Tirana","jerarquia":2},"geometry":{"type":"LineString","coordinates":[[-70.12526,-20.25805],[-70.12561,-20.25615]]}},{"type":"Feature","properties":{"nombre":"Avenida La Tirana","jerarquia":2},"geometry":{"type":"LineString","coordinates":[[-70.12561,-20.25615],[-70.12597,-20.25424]]}},{"type":"Feature","properties":{"nombre":"Avenida La Tirana","jerarquia":2},"geometry":{"type":"LineString","coordinates":[[-70.12597,-20.25424],[-70.12611,-20.2535],[-70.12639,-20.25275]]}},{"type":"Feature","properties":{"nombre":"Avenida La Tirana","jerarquia":2},"geometry":{"type":"LineString","coordinates":[[-70.12639,-20.25275],[-70.12664,-20.2521]]}},{"type":"Feature","properties":{"nombre":"Avenida La Tirana","jerarquia":2},"geometry":{"type":"LineString","coordinates":[[-70.12664,-20.2521],[-70.12665,-20.25207]]}},{"type":"Feature","properties":{"nombre":"Avenida La Tirana","jerarquia":2},"geometry":{"type":"LineString","coordinates":[[-70.12765,-20.28909],[-70.12744,-20.28769]]}},{"type":"Feature","properties":{"nombre":"Manuel Castro Ramos","jerarquia":5},"geometry":{"type":"LineString","coordinates":[[-70.13167,-20.24452],[-70.13214,-20.24462]]}},{"type":"Feature","properties":{"nombre":"Manuel Castro Ramos","jerarquia":5},"geometry":{"type":"LineString","coordinates":[[-70.13214,-20.24462],[-70.13255,-20.24471]]}},{"type":"Feature","properties":{"nombre":"Manuel Castro Ramos","jerarquia":5},"geometry":{"type":"LineString","coordinates":[[-70.13255,-20.24471],[-70.13295,-20.24479]]}},{"type":"Feature","properties":{"nombre":"Manuel Castro Ramos","jerarquia":5},"geometry":{"type":"LineString","coordinates":[[-70.13295,-20.24479],[-70.13329,-20.24486]]}},{"type":"Feature","properties":{"nombre":"Manuel Castro Ramos","jerarquia":5},"geometry":{"type":"LineString","coordinates":[[-70.13329,-20.24486],[-70.13337,-20.24487]]}},{"type":"Feature","properties":{"nombre":"Manuel Castro Ramos","jerarquia":5},"geometry":{"type":"LineString","coordinates":[[-70.13345,-20.24489],[-70.13354,-20.24491]]}},{"type":"Feature","properties":{"nombre":"Manuel Castro Ramos","jerarquia":5},"geometry":{"type":"LineString","coordinates":[[-70.13354,-20.24491],[-70.13401,-20.24501]]}},{"type":"Feature","properties":{"nombre":"Manuel Castro Ramos","jerarquia":5},"geometry":{"type":"LineString","coordinates":[[-70.13401,-20.24501],[-70.13448,-20.24511]]}},{"type":"Feature","properties":{"nombre":"Manuel Castro Ramos","jerarquia":5},"geometry":{"type":"LineString","coordinates":[[-70.13448,-20.24511],[-70.13495,-20.24521]]}},{"type":"Feature","properties":{"nombre":"Manuel Castro Ramos","jerarquia":5},"geometry":{"type":"LineString","coordinates":[[-70.13495,-20.24521],[-70.13551,-20.24519]]}},{"type":"Feature","properties":{"nombre":"Manuel Castro Ramos","jerarquia":5},"geometry":{"type":"LineString","coordinates":[[-70.12929,-20.24437],[-70.12968,-20.2444]]}},{"type":"Feature","properties":{"nombre":"Manuel Castro Ramos","jerarquia":5},"geometry":{"type":"LineString","coordinates":[[-70.12968,-20.2444],[-70.12991,-20.24441]]}},{"type":"Feature","properties":{"nombre":"Manuel Castro Ramos","jerarquia":5},"geometry":{"type":"LineString","coordinates":[[-70.12991,-20.24441],[-70.13006,-20.24442]]}},{"type":"Feature","properties":{"nombre":"Manuel Castro Ramos","jerarquia":5},"geometry":{"type":"LineString","coordinates":[[-70.13006,-20.24442],[-70.1302,-20.24443]]}},{"type":"Feature","properties":{"nombre":"Manuel Castro Ramos","jerarquia":5},"geometry":{"type":"LineString","coordinates":[[-70.1302,-20.24443],[-70.13043,-20.24445]]}},{"type":"Feature","properties":{"nombre":"Manuel Castro Ramos","jerarquia":5},"geometry":{"type":"LineString","coordinates":[[-70.13043,-20.24445],[-70.13066,-20.24446]]}},{"type":"Feature","properties":{"nombre":"Manuel Castro Ramos","jerarquia":5},"geometry":{"type":"LineString","coordinates":[[-70.13066,-20.24446],[-70.13081,-20.24447]]}},{"type":"Feature","properties":{"nombre":"Manuel Castro Ramos","jerarquia":5},"geometry":{"type":"LineString","coordinates":[[-70.13081,-20.24447],[-70.13167,-20.24452]]}},{"type":"Feature","properties":{"nombre":"Tadeo Haenke","jerarquia":4},"geometry":{"type":"LineString","coordinates":[[-70.13172,-20.24026],[-70.13066,-20.23935]]}},{"type":"Feature","properties":{"nombre":"Tadeo Haenke","jerarquia":4},"geometry":{"type":"LineString","coordinates":[[-70.13066,-20.23935],[-70.13039,-20.23911]]}},{"type":"Feature","properties":{"nombre":"Tadeo Haenke","jerarquia":4},"geometry":{"type":"LineString","coordinates":[[-70.13039,-20.23911],[-70.13007,-20.23885]]}},{"type":"Feature","properties":{"nombre":"Tadeo Haenke","jerarquia":4},"geometry":{"type":"LineString","coordinates":[[-70.13007,-20.23885],[-70.12992,-20.23875],[-70.12959,-20.23869]]}},{"type":"Feature","properties":{"nombre":"Tadeo Haenke","jerarquia":4},"geometry":{"type":"LineString","coordinates":[[-70.12959,-20.23869],[-70.12918,-20.23841]]}},{"type":"Feature","properties":{"nombre":"Tadeo Haenke","jerarquia":4},"geometry":{"type":"LineString","coordinates":[[-70.12918,-20.23841],[-70.1288,-20.23828]]}},{"type":"Feature","properties":{"nombre":"Tadeo Haenke","jerarquia":4},"geometry":{"type":"LineString","coordinates":[[-70.1288,-20.23828],[-70.12879,-20.23828]]}},{"type":"Feature","properties":{"nombre":"Tadeo Haenke","jerarquia":4},"geometry":{"type":"LineString","coordinates":[[-70.12968,-20.2384],[-70.1301,-20.23876]]}},{"type":"Feature","properties":{"nombre":"Tadeo Haenke","jerarquia":4},"geometry":{"type":"LineString","coordinates":[[-70.1301,-20.23876],[-70.1305,-20.2391]]}},{"type":"Feature","properties":{"nombre":"Tadeo Haenke","jerarquia":4},"geometry":{"type":"LineString","coordinates":[[-70.1305,-20.2391],[-70.1309,-20.23945]]}},{"type":"Feature","properties":{"nombre":"Tadeo Haenke","jerarquia":4},"geometry":{"type":"LineString","coordinates":[[-70.1309,-20.23945],[-70.13129,-20.23978]]}},{"type":"Feature","properties":{"nombre":"Tadeo Haenke","jerarquia":4},"geometry":{"type":"LineString","coordinates":[[-70.13129,-20.23978],[-70.13161,-20.24005]]}},{"type":"Feature","properties":{"nombre":"Tadeo Haenke","jerarquia":4},"geometry":{"type":"LineString","coordinates":[[-70.13161,-20.24005],[-70.13173,-20.24015]]}},{"type":"Feature","properties":{"nombre":"Tadeo Haenke","jerarquia":4},"geometry":{"type":"LineString","coordinates":[[-70.12882,-20.2382],[-70.12918,-20.23831]]}},{"type":"Feature","properties":{"nombre":"Tadeo Haenke","jerarquia":4},"geometry":{"type":"LineString","coordinates":[[-70.12918,-20.23831],[-70.12968,-20.2384]]}},{"type":"Feature","properties":{"nombre":"Maule","jerarquia":5},"geometry":{"type":"LineString","coordinates":[[-70.13495,-20.23842],[-70.13483,-20.23842]]}},{"type":"Feature","properties":{"nombre":"Manuel Castro Ramos","jerarquia":5},"geometry":{"type":"LineString","coordinates":[[-70.1283,-20.24446],[-70.12786,-20.24449]]}},{"type":"Feature","properties":{"nombre":"Manuel Castro Ramos","jerarquia":5},"geometry":{"type":"LineString","coordinates":[[-70.12786,-20.24449],[-70.12743,-20.24453]]}},{"type":"Feature","properties":{"nombre":"Avenida Diego Portales","jerarquia":5},"geometry":{"type":"LineString","coordinates":[[-70.13559,-20.23071],[-70.13552,-20.23072]]}},{"type":"Feature","properties":{"nombre":"Avenida Diego Portales","jerarquia":5},"geometry":{"type":"LineString","coordinates":[[-70.13552,-20.23072],[-70.13506,-20.23072]]}},{"type":"Feature","properties":{"nombre":"Avenida Diego Portales","jerarquia":5},"geometry":{"type":"LineString","coordinates":[[-70.13506,-20.23072],[-70.13481,-20.2307]]}},{"type":"Feature","properties":{"nombre":"Avenida Diego Portales","jerarquia":5},"geometry":{"type":"LineString","coordinates":[[-70.13481,-20.2307],[-70.13448,-20.23068]]}},{"type":"Feature","properties":{"nombre":"Avenida Diego Portales","jerarquia":5},"geometry":{"type":"LineString","coordinates":[[-70.13448,-20.23068],[-70.1343,-20.23068]]}},{"type":"Feature","properties":{"nombre":"Juan Martínez","jerarquia":4},"geometry":{"type":"LineString","coordinates":[[-70.14618,-20.22743],[-70.14619,-20.2275]]}},{"type":"Feature","properties":{"nombre":"Avenida Salvador Allende Gossens","jerarquia":4},"geometry":{"type":"LineString","coordinates":[[-70.13488,-20.22021],[-70.13494,-20.22117]]}},{"type":"Feature","properties":{"nombre":"Avenida Salvador Allende Gossens","jerarquia":4},"geometry":{"type":"LineString","coordinates":[[-70.13494,-20.22117],[-70.13494,-20.22128]]}},{"type":"Feature","properties":{"nombre":"Avenida Salvador Allende Gossens","jerarquia":4},"geometry":{"type":"LineString","coordinates":[[-70.13483,-20.22094],[-70.13476,-20.2203]]}},{"type":"Feature","properties":{"nombre":"Avenida Salvador Allende Gossens","jerarquia":4},"geometry":{"type":"LineString","coordinates":[[-70.13476,-20.2203],[-70.13476,-20.22022]]}},{"type":"Feature","properties":{"nombre":"Céspedes y González","jerarquia":5},"geometry":{"type":"LineString","coordinates":[[-70.13516,-20.22502],[-70.13437,-20.22506]]}},{"type":"Feature","properties":{"nombre":"Céspedes y González","jerarquia":5},"geometry":{"type":"LineString","coordinates":[[-70.13437,-20.22506],[-70.13312,-20.22511]]}},{"type":"Feature","properties":{"nombre":"Avenida Salvador Allende Gossens","jerarquia":4},"geometry":{"type":"LineString","coordinates":[[-70.13524,-20.22502],[-70.1353,-20.22584]]}},{"type":"Feature","properties":{"nombre":"Avenida Salvador Allende Gossens","jerarquia":4},"geometry":{"type":"LineString","coordinates":[[-70.1353,-20.22584],[-70.13539,-20.227]]}},{"type":"Feature","properties":{"nombre":"Avenida Salvador Allende Gossens","jerarquia":4},"geometry":{"type":"LineString","coordinates":[[-70.13539,-20.227],[-70.13545,-20.22779]]}},{"type":"Feature","properties":{"nombre":"Avenida Salvador Allende Gossens","jerarquia":4},"geometry":{"type":"LineString","coordinates":[[-70.13545,-20.22779],[-70.13546,-20.2279]]}},{"type":"Feature","properties":{"nombre":"Avenida Salvador Allende Gossens","jerarquia":4},"geometry":{"type":"LineString","coordinates":[[-70.13538,-20.2279],[-70.13527,-20.22649]]}},{"type":"Feature","properties":{"nombre":"Avenida Salvador Allende Gossens","jerarquia":4},"geometry":{"type":"LineString","coordinates":[[-70.13527,-20.22649],[-70.13517,-20.22511]]}},{"type":"Feature","properties":{"nombre":"Avenida Salvador Allende Gossens","jerarquia":4},"geometry":{"type":"LineString","coordinates":[[-70.13517,-20.22511],[-70.13516,-20.22502]]}},{"type":"Feature","properties":{"nombre":"Serrano","jerarquia":5},"geometry":{"type":"LineString","coordinates":[[-70.14717,-20.21368],[-70.14849,-20.21352]]}},{"type":"Feature","properties":{"nombre":"Serrano","jerarquia":5},"geometry":{"type":"LineString","coordinates":[[-70.14849,-20.21352],[-70.14924,-20.21343]]}},{"type":"Feature","properties":{"nombre":"Serrano","jerarquia":5},"geometry":{"type":"LineString","coordinates":[[-70.13888,-20.21424],[-70.1399,-20.21414]]}},{"type":"Feature","properties":{"nombre":"Serrano","jerarquia":5},"geometry":{"type":"LineString","coordinates":[[-70.1399,-20.21414],[-70.14082,-20.21406]]}},{"type":"Feature","properties":{"nombre":"Serrano","jerarquia":5},"geometry":{"type":"LineString","coordinates":[[-70.14082,-20.21406],[-70.14169,-20.21398]]}},{"type":"Feature","properties":{"nombre":"Patricio Lynch","jerarquia":5},"geometry":{"type":"LineString","coordinates":[[-70.15133,-20.21306],[-70.15132,-20.21261]]}},{"type":"Feature","properties":{"nombre":"Patricio Lynch","jerarquia":5},"geometry":{"type":"LineString","coordinates":[[-70.15132,-20.21261],[-70.1513,-20.21224]]}},{"type":"Feature","properties":{"nombre":"Patricio Lynch","jerarquia":5},"geometry":{"type":"LineString","coordinates":[[-70.1513,-20.21224],[-70.1513,-20.21217]]}},{"type":"Feature","properties":{"nombre":"Patricio Lynch","jerarquia":5},"geometry":{"type":"LineString","coordinates":[[-70.15133,-20.21323],[-70.15133,-20.21306]]}},{"type":"Feature","properties":{"nombre":"Patricio Lynch","jerarquia":5},"geometry":{"type":"LineString","coordinates":[[-70.15149,-20.21737],[-70.15144,-20.21661]]}},{"type":"Feature","properties":{"nombre":"Serrano","jerarquia":5},"geometry":{"type":"LineString","coordinates":[[-70.15278,-20.21319],[-70.15315,-20.2132]]}},{"type":"Feature","properties":{"nombre":"Serrano","jerarquia":5},"geometry":{"type":"LineString","coordinates":[[-70.15315,-20.2132],[-70.15395,-20.2132]]}},{"type":"Feature","properties":{"nombre":"Serrano","jerarquia":5},"geometry":{"type":"LineString","coordinates":[[-70.14924,-20.21343],[-70.15021,-20.21326]]}},{"type":"Feature","properties":{"nombre":"Serrano","jerarquia":5},"geometry":{"type":"LineString","coordinates":[[-70.15021,-20.21326],[-70.15127,-20.21307]]}},{"type":"Feature","properties":{"nombre":"Serrano","jerarquia":5},"geometry":{"type":"LineString","coordinates":[[-70.15127,-20.21307],[-70.15133,-20.21306]]}},{"type":"Feature","properties":{"nombre":"Sotomayor","jerarquia":4},"geometry":{"type":"LineString","coordinates":[[-70.14914,-20.21079],[-70.14957,-20.21078]]}},{"type":"Feature","properties":{"nombre":"Sotomayor","jerarquia":4},"geometry":{"type":"LineString","coordinates":[[-70.14957,-20.21078],[-70.1499,-20.21077]]}},{"type":"Feature","properties":{"nombre":"Amunátegui","jerarquia":5},"geometry":{"type":"LineString","coordinates":[[-70.14604,-20.2117],[-70.14591,-20.21091]]}},{"type":"Feature","properties":{"nombre":"Arturo Fernández","jerarquia":4},"geometry":{"type":"LineString","coordinates":[[-70.14416,-20.21611],[-70.14409,-20.2152]]}},{"type":"Feature","properties":{"nombre":"Arturo Fernández","jerarquia":4},"geometry":{"type":"LineString","coordinates":[[-70.14409,-20.2152],[-70.14406,-20.21445]]}},{"type":"Feature","properties":{"nombre":"Arturo Fernández","jerarquia":4},"geometry":{"type":"LineString","coordinates":[[-70.14406,-20.21445],[-70.14403,-20.21385]]}},{"type":"Feature","properties":{"nombre":"Arturo Fernández","jerarquia":4},"geometry":{"type":"LineString","coordinates":[[-70.14403,-20.21385],[-70.14401,-20.21322]]}},{"type":"Feature","properties":{"nombre":"Arturo Fernández","jerarquia":4},"geometry":{"type":"LineString","coordinates":[[-70.14401,-20.21322],[-70.14399,-20.21285]]}},{"type":"Feature","properties":{"nombre":"Arturo Fernández","jerarquia":4},"geometry":{"type":"LineString","coordinates":[[-70.14399,-20.21285],[-70.14398,-20.21243]]}},{"type":"Feature","properties":{"nombre":"Arturo Fernández","jerarquia":4},"geometry":{"type":"LineString","coordinates":[[-70.14398,-20.21243],[-70.14395,-20.2118]]}},{"type":"Feature","properties":{"nombre":"Arturo Fernández","jerarquia":4},"geometry":{"type":"LineString","coordinates":[[-70.14395,-20.2118],[-70.14392,-20.21101]]}},{"type":"Feature","properties":{"nombre":"Libertador Bernardo O'Higgins","jerarquia":3},"geometry":{"type":"LineString","coordinates":[[-70.13931,-20.21908],[-70.14032,-20.21903]]}},{"type":"Feature","properties":{"nombre":"Libertador Bernardo O'Higgins","jerarquia":3},"geometry":{"type":"LineString","coordinates":[[-70.14032,-20.21903],[-70.14133,-20.21897]]}},{"type":"Feature","properties":{"nombre":"Libertador Bernardo O'Higgins","jerarquia":3},"geometry":{"type":"LineString","coordinates":[[-70.14133,-20.21897],[-70.14203,-20.21893]]}},{"type":"Feature","properties":{"nombre":"Libertador Bernardo O'Higgins","jerarquia":3},"geometry":{"type":"LineString","coordinates":[[-70.14203,-20.21893],[-70.14306,-20.21887]]}},{"type":"Feature","properties":{"nombre":"Libertador Bernardo O'Higgins","jerarquia":3},"geometry":{"type":"LineString","coordinates":[[-70.14306,-20.21887],[-70.14366,-20.21883]]}},{"type":"Feature","properties":{"nombre":"Libertador Bernardo O'Higgins","jerarquia":3},"geometry":{"type":"LineString","coordinates":[[-70.14366,-20.21883],[-70.14427,-20.2188]]}},{"type":"Feature","properties":{"nombre":"Libertador Bernardo O'Higgins","jerarquia":3},"geometry":{"type":"LineString","coordinates":[[-70.13483,-20.21931],[-70.13566,-20.21927]]}},{"type":"Feature","properties":{"nombre":"Libertador Bernardo O'Higgins","jerarquia":3},"geometry":{"type":"LineString","coordinates":[[-70.13566,-20.21927],[-70.13603,-20.21925]]}},{"type":"Feature","properties":{"nombre":"Libertador Bernardo O'Higgins","jerarquia":3},"geometry":{"type":"LineString","coordinates":[[-70.13603,-20.21925],[-70.13611,-20.21925]]}},{"type":"Feature","properties":{"nombre":"Libertador Bernardo O'Higgins","jerarquia":3},"geometry":{"type":"LineString","coordinates":[[-70.13611,-20.21925],[-70.13621,-20.21924]]}},{"type":"Feature","properties":{"nombre":"Libertador Bernardo O'Higgins","jerarquia":3},"geometry":{"type":"LineString","coordinates":[[-70.13621,-20.21924],[-70.13668,-20.21922]]}},{"type":"Feature","properties":{"nombre":"Libertador Bernardo O'Higgins","jerarquia":3},"geometry":{"type":"LineString","coordinates":[[-70.13668,-20.21922],[-70.13719,-20.21919]]}},{"type":"Feature","properties":{"nombre":"Libertador Bernardo O'Higgins","jerarquia":3},"geometry":{"type":"LineString","coordinates":[[-70.13719,-20.21919],[-70.13761,-20.21917]]}},{"type":"Feature","properties":{"nombre":"Libertador Bernardo O'Higgins","jerarquia":3},"geometry":{"type":"LineString","coordinates":[[-70.13761,-20.21917],[-70.13858,-20.21912]]}},{"type":"Feature","properties":{"nombre":"Libertador Bernardo O'Higgins","jerarquia":3},"geometry":{"type":"LineString","coordinates":[[-70.13858,-20.21912],[-70.13931,-20.21908]]}},{"type":"Feature","properties":{"nombre":"Héroes de la Concepción","jerarquia":4},"geometry":{"type":"LineString","coordinates":[[-70.13907,-20.21629],[-70.13899,-20.21552]]}},{"type":"Feature","properties":{"nombre":"Héroes de la Concepción","jerarquia":4},"geometry":{"type":"LineString","coordinates":[[-70.13931,-20.21908],[-70.13922,-20.218]]}},{"type":"Feature","properties":{"nombre":"Héroes de la Concepción","jerarquia":4},"geometry":{"type":"LineString","coordinates":[[-70.13922,-20.218],[-70.13916,-20.21738]]}},{"type":"Feature","properties":{"nombre":"Héroes de la Concepción","jerarquia":4},"geometry":{"type":"LineString","coordinates":[[-70.13916,-20.21738],[-70.13907,-20.21629]]}},{"type":"Feature","properties":{"nombre":"Héroes de la Concepción","jerarquia":4},"geometry":{"type":"LineString","coordinates":[[-70.13899,-20.21552],[-70.13893,-20.21483]]}},{"type":"Feature","properties":{"nombre":"Héroes de la Concepción","jerarquia":4},"geometry":{"type":"LineString","coordinates":[[-70.13893,-20.21483],[-70.13888,-20.21424]]}},{"type":"Feature","properties":{"nombre":"Héroes de la Concepción","jerarquia":4},"geometry":{"type":"LineString","coordinates":[[-70.13888,-20.21424],[-70.13882,-20.2135]]}},{"type":"Feature","properties":{"nombre":"Héroes de la Concepción","jerarquia":4},"geometry":{"type":"LineString","coordinates":[[-70.13882,-20.2135],[-70.1388,-20.21337]]}},{"type":"Feature","properties":{"nombre":"Héroes de la Concepción","jerarquia":4},"geometry":{"type":"LineString","coordinates":[[-70.1388,-20.21337],[-70.13876,-20.21286]]}},{"type":"Feature","properties":{"nombre":"Avenida Ramón Pérez Opazo","jerarquia":4},"geometry":{"type":"LineString","coordinates":[[-70.13144,-20.25431],[-70.13186,-20.25452]]}},{"type":"Feature","properties":{"nombre":"Avenida Ramón Pérez Opazo","jerarquia":4},"geometry":{"type":"LineString","coordinates":[[-70.13186,-20.25452],[-70.13228,-20.25472]]}},{"type":"Feature","properties":{"nombre":"Avenida Ramón Pérez Opazo","jerarquia":4},"geometry":{"type":"LineString","coordinates":[[-70.13228,-20.25472],[-70.13276,-20.25496]]}},{"type":"Feature","properties":{"nombre":"Avenida Ramón Pérez Opazo","jerarquia":4},"geometry":{"type":"LineString","coordinates":[[-70.13276,-20.25496],[-70.13383,-20.2555]]}},{"type":"Feature","properties":{"nombre":"Avenida Ramón Pérez Opazo","jerarquia":4},"geometry":{"type":"LineString","coordinates":[[-70.13383,-20.2555],[-70.13405,-20.25556]]}},{"type":"Feature","properties":{"nombre":"Avenida Ramón Pérez Opazo","jerarquia":4},"geometry":{"type":"LineString","coordinates":[[-70.13405,-20.25556],[-70.1341,-20.25555]]}},{"type":"Feature","properties":{"nombre":"Pedro Gamboni","jerarquia":5},"geometry":{"type":"LineString","coordinates":[[-70.13855,-20.24324],[-70.13851,-20.24313]]}},{"type":"Feature","properties":{"nombre":"Pedro Gamboni","jerarquia":5},"geometry":{"type":"LineString","coordinates":[[-70.13851,-20.24313],[-70.13835,-20.2427]]}},{"type":"Feature","properties":{"nombre":"Pedro Gamboni","jerarquia":5},"geometry":{"type":"LineString","coordinates":[[-70.13835,-20.2427],[-70.13817,-20.24224]]}},{"type":"Feature","properties":{"nombre":"Pedro Gamboni","jerarquia":5},"geometry":{"type":"LineString","coordinates":[[-70.13817,-20.24224],[-70.13798,-20.24173]]}},{"type":"Feature","properties":{"nombre":"Pedro Gamboni","jerarquia":5},"geometry":{"type":"LineString","coordinates":[[-70.13798,-20.24173],[-70.13768,-20.24095]]}},{"type":"Feature","properties":{"nombre":"Pedro Gamboni","jerarquia":5},"geometry":{"type":"LineString","coordinates":[[-70.13768,-20.24095],[-70.13751,-20.24049]]}},{"type":"Feature","properties":{"nombre":"Pedro Gamboni","jerarquia":5},"geometry":{"type":"LineString","coordinates":[[-70.13751,-20.24049],[-70.13748,-20.24043]]}},{"type":"Feature","properties":{"nombre":"Avenida Luis Emilio Recabarren","jerarquia":5},"geometry":{"type":"LineString","coordinates":[[-70.14278,-20.2386],[-70.14257,-20.23812]]}},{"type":"Feature","properties":{"nombre":"Avenida Luis Emilio Recabarren","jerarquia":5},"geometry":{"type":"LineString","coordinates":[[-70.14257,-20.23812],[-70.14233,-20.23747]]}},{"type":"Feature","properties":{"nombre":"Avenida Luis Emilio Recabarren","jerarquia":5},"geometry":{"type":"LineString","coordinates":[[-70.14233,-20.23747],[-70.14216,-20.23703]]}},{"type":"Feature","properties":{"nombre":"Avenida Luis Emilio Recabarren","jerarquia":5},"geometry":{"type":"LineString","coordinates":[[-70.14216,-20.23703],[-70.14197,-20.23652]]}},{"type":"Feature","properties":{"nombre":"Avenida Padre Hurtado","jerarquia":5},"geometry":{"type":"LineString","coordinates":[[-70.12507,-20.25997],[-70.12543,-20.26003]]}},{"type":"Feature","properties":{"nombre":"Avenida Padre Hurtado","jerarquia":5},"geometry":{"type":"LineString","coordinates":[[-70.12543,-20.26003],[-70.12581,-20.26009]]}},{"type":"Feature","properties":{"nombre":"Avenida Padre Hurtado","jerarquia":5},"geometry":{"type":"LineString","coordinates":[[-70.12581,-20.26009],[-70.1266,-20.26023]]}},{"type":"Feature","properties":{"nombre":"Avenida Padre Hurtado","jerarquia":5},"geometry":{"type":"LineString","coordinates":[[-70.1266,-20.26023],[-70.12692,-20.26028]]}},{"type":"Feature","properties":{"nombre":"Avenida Padre Hurtado","jerarquia":5},"geometry":{"type":"LineString","coordinates":[[-70.12692,-20.26028],[-70.12702,-20.26029]]}},{"type":"Feature","properties":{"nombre":"Avenida Padre Hurtado","jerarquia":5},"geometry":{"type":"LineString","coordinates":[[-70.12699,-20.26037],[-70.12681,-20.26034]]}},{"type":"Feature","properties":{"nombre":"Avenida Padre Hurtado","jerarquia":5},"geometry":{"type":"LineString","coordinates":[[-70.12681,-20.26034],[-70.1264,-20.26027]]}},{"type":"Feature","properties":{"nombre":"Avenida Padre Hurtado","jerarquia":5},"geometry":{"type":"LineString","coordinates":[[-70.1264,-20.26027],[-70.12599,-20.2602]]}},{"type":"Feature","properties":{"nombre":"Avenida Padre Hurtado","jerarquia":5},"geometry":{"type":"LineString","coordinates":[[-70.12599,-20.2602],[-70.12579,-20.26017]]}},{"type":"Feature","properties":{"nombre":"Avenida Padre Hurtado","jerarquia":5},"geometry":{"type":"LineString","coordinates":[[-70.12579,-20.26017],[-70.12551,-20.26012]]}},{"type":"Feature","properties":{"nombre":"Avenida Padre Hurtado","jerarquia":5},"geometry":{"type":"LineString","coordinates":[[-70.12551,-20.26012],[-70.12509,-20.26006]]}},{"type":"Feature","properties":{"nombre":"Avenida Padre Hurtado","jerarquia":5},"geometry":{"type":"LineString","coordinates":[[-70.12509,-20.26006],[-70.12505,-20.26005]]}},{"type":"Feature","properties":{"nombre":"Esmeralda","jerarquia":4},"geometry":{"type":"LineString","coordinates":[[-70.14839,-20.21158],[-70.14706,-20.21165]]}},{"type":"Feature","properties":{"nombre":"Esmeralda","jerarquia":4},"geometry":{"type":"LineString","coordinates":[[-70.14706,-20.21165],[-70.14604,-20.2117]]}},{"type":"Feature","properties":{"nombre":"Esmeralda","jerarquia":4},"geometry":{"type":"LineString","coordinates":[[-70.14604,-20.2117],[-70.1447,-20.21177]]}},{"type":"Feature","properties":{"nombre":"Esmeralda","jerarquia":4},"geometry":{"type":"LineString","coordinates":[[-70.15171,-20.21147],[-70.15121,-20.21149]]}},{"type":"Feature","properties":{"nombre":"Esmeralda","jerarquia":4},"geometry":{"type":"LineString","coordinates":[[-70.15121,-20.21149],[-70.15114,-20.21149]]}},{"type":"Feature","properties":{"nombre":"Esmeralda","jerarquia":4},"geometry":{"type":"LineString","coordinates":[[-70.15114,-20.21149],[-70.15018,-20.21152]]}},{"type":"Feature","properties":{"nombre":"Esmeralda","jerarquia":4},"geometry":{"type":"LineString","coordinates":[[-70.14251,-20.21188],[-70.14169,-20.21194]]}},{"type":"Feature","properties":{"nombre":"","jerarquia":3},"geometry":{"type":"LineString","coordinates":[[-70.15044,-20.22452],[-70.15032,-20.22452]]}},{"type":"Feature","properties":{"nombre":"Los Álamos","jerarquia":5},"geometry":{"type":"LineString","coordinates":[[-70.10686,-20.27053],[-70.10725,-20.27082]]}},{"type":"Feature","properties":{"nombre":"Los Álamos","jerarquia":5},"geometry":{"type":"LineString","coordinates":[[-70.10725,-20.27082],[-70.10764,-20.27112]]}},{"type":"Feature","properties":{"nombre":"Los Álamos","jerarquia":5},"geometry":{"type":"LineString","coordinates":[[-70.10764,-20.27112],[-70.1081,-20.27147]]}},{"type":"Feature","properties":{"nombre":"Los Álamos","jerarquia":5},"geometry":{"type":"LineString","coordinates":[[-70.1081,-20.27147],[-70.10849,-20.27177]]}},{"type":"Feature","properties":{"nombre":"Los Álamos","jerarquia":5},"geometry":{"type":"LineString","coordinates":[[-70.10849,-20.27177],[-70.10887,-20.27206]]}},{"type":"Feature","properties":{"nombre":"Los Álamos","jerarquia":5},"geometry":{"type":"LineString","coordinates":[[-70.10887,-20.27206],[-70.10919,-20.27227],[-70.10937,-20.2723],[-70.10954,-20.27227]]}},{"type":"Feature","properties":{"nombre":"Los Álamos","jerarquia":5},"geometry":{"type":"LineString","coordinates":[[-70.10981,-20.2729],[-70.10967,-20.27279]]}},{"type":"Feature","properties":{"nombre":"Los Álamos","jerarquia":5},"geometry":{"type":"LineString","coordinates":[[-70.10967,-20.27279],[-70.10927,-20.27248]]}},{"type":"Feature","properties":{"nombre":"Los Álamos","jerarquia":5},"geometry":{"type":"LineString","coordinates":[[-70.10927,-20.27248],[-70.10843,-20.27184]]}},{"type":"Feature","properties":{"nombre":"Los Álamos","jerarquia":5},"geometry":{"type":"LineString","coordinates":[[-70.10843,-20.27184],[-70.10836,-20.27179]]}},{"type":"Feature","properties":{"nombre":"Los Álamos","jerarquia":5},"geometry":{"type":"LineString","coordinates":[[-70.10836,-20.27179],[-70.10758,-20.2712]]}},{"type":"Feature","properties":{"nombre":"Los Álamos","jerarquia":5},"geometry":{"type":"LineString","coordinates":[[-70.10758,-20.2712],[-70.1072,-20.27091]]}},{"type":"Feature","properties":{"nombre":"Los Álamos","jerarquia":5},"geometry":{"type":"LineString","coordinates":[[-70.1072,-20.27091],[-70.10686,-20.27065]]}},{"type":"Feature","properties":{"nombre":"Los Álamos","jerarquia":5},"geometry":{"type":"LineString","coordinates":[[-70.10686,-20.27065],[-70.10679,-20.2706]]}},{"type":"Feature","properties":{"nombre":"Avenida Monte Los Olivos","jerarquia":5},"geometry":{"type":"LineString","coordinates":[[-70.09834,-20.25916],[-70.09877,-20.25885]]}},{"type":"Feature","properties":{"nombre":"Avenida Los Cóndores","jerarquia":5},"geometry":{"type":"LineString","coordinates":[[-70.10863,-20.26849],[-70.1077,-20.26955]]}},{"type":"Feature","properties":{"nombre":"Avenida Los Cóndores","jerarquia":5},"geometry":{"type":"LineString","coordinates":[[-70.1077,-20.26955],[-70.10719,-20.27015]]}},{"type":"Feature","properties":{"nombre":"Avenida Los Cóndores","jerarquia":5},"geometry":{"type":"LineString","coordinates":[[-70.10719,-20.27015],[-70.10691,-20.27046]]}},{"type":"Feature","properties":{"nombre":"Avenida Los Cóndores","jerarquia":5},"geometry":{"type":"LineString","coordinates":[[-70.10691,-20.27046],[-70.10686,-20.27053]]}},{"type":"Feature","properties":{"nombre":"Avenida La Pampa","jerarquia":5},"geometry":{"type":"LineString","coordinates":[[-70.10221,-20.27087],[-70.1018,-20.27067]]}},{"type":"Feature","properties":{"nombre":"Avenida La Pampa","jerarquia":5},"geometry":{"type":"LineString","coordinates":[[-70.1018,-20.27067],[-70.10135,-20.27044]]}},{"type":"Feature","properties":{"nombre":"Avenida La Pampa","jerarquia":5},"geometry":{"type":"LineString","coordinates":[[-70.10135,-20.27044],[-70.10098,-20.27026]]}},{"type":"Feature","properties":{"nombre":"Avenida La Pampa","jerarquia":5},"geometry":{"type":"LineString","coordinates":[[-70.10098,-20.27026],[-70.1009,-20.27022]]}},{"type":"Feature","properties":{"nombre":"Los Álamos","jerarquia":5},"geometry":{"type":"LineString","coordinates":[[-70.10498,-20.26874],[-70.10531,-20.2691]]}},{"type":"Feature","properties":{"nombre":"Los Álamos","jerarquia":5},"geometry":{"type":"LineString","coordinates":[[-70.10531,-20.2691],[-70.10562,-20.26944]]}},{"type":"Feature","properties":{"nombre":"Los Álamos","jerarquia":5},"geometry":{"type":"LineString","coordinates":[[-70.10562,-20.26944],[-70.10642,-20.27018]]}},{"type":"Feature","properties":{"nombre":"Los Álamos","jerarquia":5},"geometry":{"type":"LineString","coordinates":[[-70.10642,-20.27018],[-70.10672,-20.27041]]}},{"type":"Feature","properties":{"nombre":"Los Álamos","jerarquia":5},"geometry":{"type":"LineString","coordinates":[[-70.10672,-20.27041],[-70.10679,-20.27047]]}},{"type":"Feature","properties":{"nombre":"Los Álamos","jerarquia":5},"geometry":{"type":"LineString","coordinates":[[-70.1006,-20.26475],[-70.10103,-20.265]]}},{"type":"Feature","properties":{"nombre":"Los Álamos","jerarquia":5},"geometry":{"type":"LineString","coordinates":[[-70.10103,-20.265],[-70.10141,-20.26528]]}},{"type":"Feature","properties":{"nombre":"Los Álamos","jerarquia":5},"geometry":{"type":"LineString","coordinates":[[-70.10141,-20.26528],[-70.10177,-20.26557]]}},{"type":"Feature","properties":{"nombre":"Los Álamos","jerarquia":5},"geometry":{"type":"LineString","coordinates":[[-70.10177,-20.26557],[-70.10216,-20.26587]]}},{"type":"Feature","properties":{"nombre":"Los Álamos","jerarquia":5},"geometry":{"type":"LineString","coordinates":[[-70.10216,-20.26587],[-70.10256,-20.26617]]}},{"type":"Feature","properties":{"nombre":"Los Álamos","jerarquia":5},"geometry":{"type":"LineString","coordinates":[[-70.10256,-20.26617],[-70.10284,-20.2664]]}},{"type":"Feature","properties":{"nombre":"Los Álamos","jerarquia":5},"geometry":{"type":"LineString","coordinates":[[-70.10284,-20.2664],[-70.10292,-20.26648]]}},{"type":"Feature","properties":{"nombre":"Los Álamos","jerarquia":5},"geometry":{"type":"LineString","coordinates":[[-70.10485,-20.26872],[-70.10389,-20.26767]]}},{"type":"Feature","properties":{"nombre":"Los Álamos","jerarquia":5},"geometry":{"type":"LineString","coordinates":[[-70.10389,-20.26767],[-70.10302,-20.26671]]}},{"type":"Feature","properties":{"nombre":"Los Álamos","jerarquia":5},"geometry":{"type":"LineString","coordinates":[[-70.10302,-20.26671],[-70.10296,-20.26664]]}},{"type":"Feature","properties":{"nombre":"Los Álamos","jerarquia":5},"geometry":{"type":"LineString","coordinates":[[-70.10672,-20.27054],[-70.10635,-20.27023]]}},{"type":"Feature","properties":{"nombre":"Los Álamos","jerarquia":5},"geometry":{"type":"LineString","coordinates":[[-70.10635,-20.27023],[-70.10556,-20.26949]]}},{"type":"Feature","properties":{"nombre":"Los Álamos","jerarquia":5},"geometry":{"type":"LineString","coordinates":[[-70.10556,-20.26949],[-70.10497,-20.26885]]}},{"type":"Feature","properties":{"nombre":"Los Álamos","jerarquia":5},"geometry":{"type":"LineString","coordinates":[[-70.10497,-20.26885],[-70.10491,-20.26879]]}},{"type":"Feature","properties":{"nombre":"Avenida Las Américas","jerarquia":3},"geometry":{"type":"LineString","coordinates":[[-70.10254,-20.28565],[-70.10268,-20.28605]]}},{"type":"Feature","properties":{"nombre":"Avenida Las Américas","jerarquia":3},"geometry":{"type":"LineString","coordinates":[[-70.10299,-20.28683],[-70.10332,-20.28772]]}},{"type":"Feature","properties":{"nombre":"Avenida Las Américas","jerarquia":3},"geometry":{"type":"LineString","coordinates":[[-70.10332,-20.28772],[-70.10335,-20.28782]]}},{"type":"Feature","properties":{"nombre":"Avenida Las Américas","jerarquia":3},"geometry":{"type":"LineString","coordinates":[[-70.10338,-20.2879],[-70.10356,-20.28836]]}},{"type":"Feature","properties":{"nombre":"Avenida Las Américas","jerarquia":3},"geometry":{"type":"LineString","coordinates":[[-70.10356,-20.28836],[-70.10391,-20.28928]]}},{"type":"Feature","properties":{"nombre":"Avenida Las Américas","jerarquia":3},"geometry":{"type":"LineString","coordinates":[[-70.10391,-20.28928],[-70.10406,-20.28969]]}},{"type":"Feature","properties":{"nombre":"Avenida Las Américas","jerarquia":3},"geometry":{"type":"LineString","coordinates":[[-70.10395,-20.28975],[-70.10379,-20.28932]]}},{"type":"Feature","properties":{"nombre":"Avenida Las Américas","jerarquia":3},"geometry":{"type":"LineString","coordinates":[[-70.10379,-20.28932],[-70.10343,-20.28836]]}},{"type":"Feature","properties":{"nombre":"Avenida Las Américas","jerarquia":3},"geometry":{"type":"LineString","coordinates":[[-70.10343,-20.28836],[-70.1033,-20.28801]]}},{"type":"Feature","properties":{"nombre":"Avenida Las Américas","jerarquia":3},"geometry":{"type":"LineString","coordinates":[[-70.1033,-20.28801],[-70.10327,-20.28794]]}},{"type":"Feature","properties":{"nombre":"Avenida Las Américas","jerarquia":3},"geometry":{"type":"LineString","coordinates":[[-70.10242,-20.28566],[-70.10216,-20.28489]]}},{"type":"Feature","properties":{"nombre":"Avenida Las Américas","jerarquia":3},"geometry":{"type":"LineString","coordinates":[[-70.10216,-20.28489],[-70.10213,-20.28482]]}},{"type":"Feature","properties":{"nombre":"Avenida Las Américas","jerarquia":3},"geometry":{"type":"LineString","coordinates":[[-70.10213,-20.28482],[-70.10208,-20.28468]]}},{"type":"Feature","properties":{"nombre":"Avenida Las Américas","jerarquia":3},"geometry":{"type":"LineString","coordinates":[[-70.10208,-20.28468],[-70.10162,-20.28344]]}},{"type":"Feature","properties":{"nombre":"Avenida Las Américas","jerarquia":3},"geometry":{"type":"LineString","coordinates":[[-70.10162,-20.28344],[-70.10126,-20.28249]]}},{"type":"Feature","properties":{"nombre":"Avenida Las Américas","jerarquia":3},"geometry":{"type":"LineString","coordinates":[[-70.10126,-20.28249],[-70.10111,-20.28209]]}},{"type":"Feature","properties":{"nombre":"Avenida La Pampa","jerarquia":5},"geometry":{"type":"LineString","coordinates":[[-70.10484,-20.27789],[-70.10437,-20.27803]]}},{"type":"Feature","properties":{"nombre":"Avenida La Pampa","jerarquia":5},"geometry":{"type":"LineString","coordinates":[[-70.10437,-20.27803],[-70.10396,-20.27815]]}},{"type":"Feature","properties":{"nombre":"Avenida La Pampa","jerarquia":5},"geometry":{"type":"LineString","coordinates":[[-70.10396,-20.27815],[-70.10361,-20.27826]]}},{"type":"Feature","properties":{"nombre":"Avenida La Pampa","jerarquia":5},"geometry":{"type":"LineString","coordinates":[[-70.10361,-20.27826],[-70.10277,-20.27851]]}},{"type":"Feature","properties":{"nombre":"Avenida La Pampa","jerarquia":5},"geometry":{"type":"LineString","coordinates":[[-70.10277,-20.27851],[-70.10232,-20.27865]]}},{"type":"Feature","properties":{"nombre":"Avenida La Pampa","jerarquia":5},"geometry":{"type":"LineString","coordinates":[[-70.10154,-20.27884],[-70.10124,-20.27891]]}},{"type":"Feature","properties":{"nombre":"Avenida La Pampa","jerarquia":5},"geometry":{"type":"LineString","coordinates":[[-70.10124,-20.27891],[-70.10101,-20.27892]]}},{"type":"Feature","properties":{"nombre":"Avenida La Pampa","jerarquia":5},"geometry":{"type":"LineString","coordinates":[[-70.10101,-20.27892],[-70.10068,-20.27886]]}},{"type":"Feature","properties":{"nombre":"Avenida La Pampa","jerarquia":5},"geometry":{"type":"LineString","coordinates":[[-70.10235,-20.27854],[-70.10359,-20.27816]]}},{"type":"Feature","properties":{"nombre":"Avenida La Pampa","jerarquia":5},"geometry":{"type":"LineString","coordinates":[[-70.10359,-20.27816],[-70.10394,-20.27806]]}},{"type":"Feature","properties":{"nombre":"Avenida La Pampa","jerarquia":5},"geometry":{"type":"LineString","coordinates":[[-70.10394,-20.27806],[-70.10434,-20.27793]]}},{"type":"Feature","properties":{"nombre":"Avenida La Pampa","jerarquia":5},"geometry":{"type":"LineString","coordinates":[[-70.10434,-20.27793],[-70.10481,-20.27779]]}},{"type":"Feature","properties":{"nombre":"Avenida La Pampa","jerarquia":5},"geometry":{"type":"LineString","coordinates":[[-70.10068,-20.2786],[-70.10093,-20.27854]]}},{"type":"Feature","properties":{"nombre":"Avenida La Pampa","jerarquia":5},"geometry":{"type":"LineString","coordinates":[[-70.10093,-20.27854],[-70.10129,-20.27852]]}},{"type":"Feature","properties":{"nombre":"Avenida La Pampa","jerarquia":5},"geometry":{"type":"LineString","coordinates":[[-70.10129,-20.27852],[-70.10156,-20.27857]]}},{"type":"Feature","properties":{"nombre":"Avenida La Pampa","jerarquia":5},"geometry":{"type":"LineString","coordinates":[[-70.10095,-20.27013],[-70.10184,-20.27059]]}},{"type":"Feature","properties":{"nombre":"Avenida La Pampa","jerarquia":5},"geometry":{"type":"LineString","coordinates":[[-70.10184,-20.27059],[-70.10228,-20.27081]]}},{"type":"Feature","properties":{"nombre":"Los Álamos","jerarquia":5},"geometry":{"type":"LineString","coordinates":[[-70.10056,-20.26483],[-70.10008,-20.26458]]}},{"type":"Feature","properties":{"nombre":"Los Álamos","jerarquia":5},"geometry":{"type":"LineString","coordinates":[[-70.10008,-20.26458],[-70.09954,-20.26429]]}},{"type":"Feature","properties":{"nombre":"Los Álamos","jerarquia":5},"geometry":{"type":"LineString","coordinates":[[-70.09954,-20.26429],[-70.09908,-20.26405]]}},{"type":"Feature","properties":{"nombre":"Los Álamos","jerarquia":5},"geometry":{"type":"LineString","coordinates":[[-70.09908,-20.26405],[-70.09869,-20.26384]]}},{"type":"Feature","properties":{"nombre":"Los Álamos","jerarquia":5},"geometry":{"type":"LineString","coordinates":[[-70.09869,-20.26384],[-70.09861,-20.2638]]}},{"type":"Feature","properties":{"nombre":"Los Álamos","jerarquia":5},"geometry":{"type":"LineString","coordinates":[[-70.09868,-20.26373],[-70.09914,-20.26398]]}},{"type":"Feature","properties":{"nombre":"Los Álamos","jerarquia":5},"geometry":{"type":"LineString","coordinates":[[-70.09914,-20.26398],[-70.0996,-20.26422]]}},{"type":"Feature","properties":{"nombre":"Los Álamos","jerarquia":5},"geometry":{"type":"LineString","coordinates":[[-70.0996,-20.26422],[-70.10014,-20.26451]]}},{"type":"Feature","properties":{"nombre":"Los Álamos","jerarquia":5},"geometry":{"type":"LineString","coordinates":[[-70.10014,-20.26451],[-70.1006,-20.26475]]}},{"type":"Feature","properties":{"nombre":"Avenida La Pampa","jerarquia":5},"geometry":{"type":"LineString","coordinates":[[-70.09849,-20.27706],[-70.09849,-20.27718],[-70.09864,-20.27752]]}},{"type":"Feature","properties":{"nombre":"Avenida La Pampa","jerarquia":5},"geometry":{"type":"LineString","coordinates":[[-70.09864,-20.27752],[-70.09868,-20.27762]]}},{"type":"Feature","properties":{"nombre":"Avenida La Pampa","jerarquia":5},"geometry":{"type":"LineString","coordinates":[[-70.09868,-20.27762],[-70.09884,-20.27797]]}},{"type":"Feature","properties":{"nombre":"Avenida La Pampa","jerarquia":5},"geometry":{"type":"LineString","coordinates":[[-70.09884,-20.27797],[-70.09896,-20.27825]]}},{"type":"Feature","properties":{"nombre":"Avenida La Pampa","jerarquia":5},"geometry":{"type":"LineString","coordinates":[[-70.09887,-20.27828],[-70.0986,-20.27765]]}},{"type":"Feature","properties":{"nombre":"Avenida La Pampa","jerarquia":5},"geometry":{"type":"LineString","coordinates":[[-70.0986,-20.27765],[-70.09856,-20.27755]]}},{"type":"Feature","properties":{"nombre":"Avenida La Pampa","jerarquia":5},"geometry":{"type":"LineString","coordinates":[[-70.09856,-20.27755],[-70.09839,-20.2771]]}},{"type":"Feature","properties":{"nombre":"Avenida La Pampa","jerarquia":5},"geometry":{"type":"LineString","coordinates":[[-70.10053,-20.27479],[-70.09866,-20.27674],[-70.09849,-20.27706]]}},{"type":"Feature","properties":{"nombre":"Avenida La Pampa","jerarquia":5},"geometry":{"type":"LineString","coordinates":[[-70.09839,-20.2771],[-70.09845,-20.27687],[-70.09855,-20.27672],[-70.10042,-20.27476]]}},{"type":"Feature","properties":{"nombre":"Avenida La Pampa","jerarquia":5},"geometry":{"type":"LineString","coordinates":[[-70.10228,-20.27081],[-70.10236,-20.27086]]}},{"type":"Feature","properties":{"nombre":"Avenida Ramón Pérez Opazo","jerarquia":5},"geometry":{"type":"LineString","coordinates":[[-70.10012,-20.27208],[-70.10047,-20.27287]]}},{"type":"Feature","properties":{"nombre":"Avenida Ramón Pérez Opazo","jerarquia":5},"geometry":{"type":"LineString","coordinates":[[-70.10047,-20.27287],[-70.10051,-20.27295]]}},{"type":"Feature","properties":{"nombre":"Avenida Ramón Pérez Opazo","jerarquia":5},"geometry":{"type":"LineString","coordinates":[[-70.10046,-20.27307],[-70.10042,-20.27298]]}},{"type":"Feature","properties":{"nombre":"Avenida Ramón Pérez Opazo","jerarquia":5},"geometry":{"type":"LineString","coordinates":[[-70.10002,-20.27212],[-70.09997,-20.27198]]}},{"type":"Feature","properties":{"nombre":"Avenida Ramón Pérez Opazo","jerarquia":5},"geometry":{"type":"LineString","coordinates":[[-70.09997,-20.27198],[-70.09997,-20.27165]]}},{"type":"Feature","properties":{"nombre":"Avenida Ramón Pérez Opazo","jerarquia":5},"geometry":{"type":"LineString","coordinates":[[-70.09997,-20.27165],[-70.10041,-20.27085]]}},{"type":"Feature","properties":{"nombre":"Avenida Ramón Pérez Opazo","jerarquia":5},"geometry":{"type":"LineString","coordinates":[[-70.10041,-20.27085],[-70.10077,-20.27024]]}},{"type":"Feature","properties":{"nombre":"Avenida Ramón Pérez Opazo","jerarquia":5},"geometry":{"type":"LineString","coordinates":[[-70.10077,-20.27024],[-70.10081,-20.27017]]}},{"type":"Feature","properties":{"nombre":"Avenida Ramón Pérez Opazo","jerarquia":5},"geometry":{"type":"LineString","coordinates":[[-70.1009,-20.27022],[-70.1005,-20.2709]]}},{"type":"Feature","properties":{"nombre":"Avenida Ramón Pérez Opazo","jerarquia":5},"geometry":{"type":"LineString","coordinates":[[-70.1005,-20.2709],[-70.1001,-20.27162],[-70.10006,-20.27185],[-70.10012,-20.27208]]}},{"type":"Feature","properties":{"nombre":"Avenida Ramón Pérez Opazo","jerarquia":5},"geometry":{"type":"LineString","coordinates":[[-70.10086,-20.27008],[-70.10138,-20.26918]]}},{"type":"Feature","properties":{"nombre":"Avenida Ramón Pérez Opazo","jerarquia":5},"geometry":{"type":"LineString","coordinates":[[-70.10138,-20.26918],[-70.10188,-20.26832]]}},{"type":"Feature","properties":{"nombre":"Avenida Ramón Pérez Opazo","jerarquia":5},"geometry":{"type":"LineString","coordinates":[[-70.10188,-20.26832],[-70.10239,-20.26745]]}},{"type":"Feature","properties":{"nombre":"Avenida Ramón Pérez Opazo","jerarquia":5},"geometry":{"type":"LineString","coordinates":[[-70.10239,-20.26745],[-70.10257,-20.26713]]}},{"type":"Feature","properties":{"nombre":"Avenida Ramón Pérez Opazo","jerarquia":5},"geometry":{"type":"LineString","coordinates":[[-70.10257,-20.26713],[-70.10267,-20.26697]]}},{"type":"Feature","properties":{"nombre":"Avenida Ramón Pérez Opazo","jerarquia":5},"geometry":{"type":"LineString","coordinates":[[-70.10267,-20.26697],[-70.10285,-20.26665]]}},{"type":"Feature","properties":{"nombre":"Avenida Ramón Pérez Opazo","jerarquia":5},"geometry":{"type":"LineString","coordinates":[[-70.10285,-20.26665],[-70.10289,-20.26657]]}},{"type":"Feature","properties":{"nombre":"Avenida Ramón Pérez Opazo","jerarquia":5},"geometry":{"type":"LineString","coordinates":[[-70.1057,-20.2642],[-70.10619,-20.26371],[-70.10647,-20.26315]]}},{"type":"Feature","properties":{"nombre":"Avenida Ramón Pérez Opazo","jerarquia":5},"geometry":{"type":"LineString","coordinates":[[-70.10296,-20.26664],[-70.10276,-20.26701]]}},{"type":"Feature","properties":{"nombre":"Avenida Ramón Pérez Opazo","jerarquia":5},"geometry":{"type":"LineString","coordinates":[[-70.10276,-20.26701],[-70.10266,-20.26718]]}},{"type":"Feature","properties":{"nombre":"Avenida Ramón Pérez Opazo","jerarquia":5},"geometry":{"type":"LineString","coordinates":[[-70.10266,-20.26718],[-70.10247,-20.26751]]}},{"type":"Feature","properties":{"nombre":"Avenida Ramón Pérez Opazo","jerarquia":5},"geometry":{"type":"LineString","coordinates":[[-70.10247,-20.26751],[-70.10197,-20.26838]]}},{"type":"Feature","properties":{"nombre":"Avenida Ramón Pérez Opazo","jerarquia":5},"geometry":{"type":"LineString","coordinates":[[-70.10197,-20.26838],[-70.10147,-20.26923]]}},{"type":"Feature","properties":{"nombre":"Avenida Ramón Pérez Opazo","jerarquia":5},"geometry":{"type":"LineString","coordinates":[[-70.10147,-20.26923],[-70.10099,-20.27006]]}},{"type":"Feature","properties":{"nombre":"Avenida Ramón Pérez Opazo","jerarquia":5},"geometry":{"type":"LineString","coordinates":[[-70.10099,-20.27006],[-70.10095,-20.27013]]}},{"type":"Feature","properties":{"nombre":"Avenida Ramón Pérez Opazo","jerarquia":5},"geometry":{"type":"LineString","coordinates":[[-70.10095,-20.27013],[-70.1009,-20.27022]]}},{"type":"Feature","properties":{"nombre":"Avenida La Pampa","jerarquia":5},"geometry":{"type":"LineString","coordinates":[[-70.10086,-20.27008],[-70.10095,-20.27013]]}},{"type":"Feature","properties":{"nombre":"Avenida Ramón Pérez Opazo","jerarquia":5},"geometry":{"type":"LineString","coordinates":[[-70.10658,-20.2632],[-70.10623,-20.26383],[-70.10577,-20.26427]]}},{"type":"Feature","properties":{"nombre":"Avenida La Pampa","jerarquia":5},"geometry":{"type":"LineString","coordinates":[[-70.1009,-20.27022],[-70.10081,-20.27017]]}},{"type":"Feature","properties":{"nombre":"Avenida Ramón Pérez Opazo","jerarquia":5},"geometry":{"type":"LineString","coordinates":[[-70.10292,-20.26648],[-70.10353,-20.26595]]}},{"type":"Feature","properties":{"nombre":"Avenida Ramón Pérez Opazo","jerarquia":5},"geometry":{"type":"LineString","coordinates":[[-70.10353,-20.26595],[-70.10502,-20.26475]]}},{"type":"Feature","properties":{"nombre":"Avenida Ramón Pérez Opazo","jerarquia":5},"geometry":{"type":"LineString","coordinates":[[-70.10502,-20.26475],[-70.1057,-20.2642]]}},{"type":"Feature","properties":{"nombre":"Avenida Ramón Pérez Opazo","jerarquia":5},"geometry":{"type":"LineString","coordinates":[[-70.10289,-20.26657],[-70.10292,-20.26648]]}},{"type":"Feature","properties":{"nombre":"Avenida Ramón Pérez Opazo","jerarquia":5},"geometry":{"type":"LineString","coordinates":[[-70.10577,-20.26427],[-70.10509,-20.26482]]}},{"type":"Feature","properties":{"nombre":"Avenida Ramón Pérez Opazo","jerarquia":5},"geometry":{"type":"LineString","coordinates":[[-70.10509,-20.26482],[-70.1036,-20.26602]]}},{"type":"Feature","properties":{"nombre":"Avenida Ramón Pérez Opazo","jerarquia":5},"geometry":{"type":"LineString","coordinates":[[-70.1036,-20.26602],[-70.10303,-20.26648]]}},{"type":"Feature","properties":{"nombre":"Avenida Ramón Pérez Opazo","jerarquia":5},"geometry":{"type":"LineString","coordinates":[[-70.10303,-20.26648],[-70.10299,-20.26655]]}},{"type":"Feature","properties":{"nombre":"Avenida Ramón Pérez Opazo","jerarquia":5},"geometry":{"type":"LineString","coordinates":[[-70.10299,-20.26655],[-70.10296,-20.26664]]}},{"type":"Feature","properties":{"nombre":"Cerro Esmeralda","jerarquia":5},"geometry":{"type":"LineString","coordinates":[[-70.10797,-20.26619],[-70.10833,-20.26586]]}},{"type":"Feature","properties":{"nombre":"Cerro Esmeralda","jerarquia":5},"geometry":{"type":"LineString","coordinates":[[-70.10833,-20.26586],[-70.10905,-20.26503]]}},{"type":"Feature","properties":{"nombre":"Cerro Esmeralda","jerarquia":5},"geometry":{"type":"LineString","coordinates":[[-70.10903,-20.26521],[-70.10839,-20.26592]]}},{"type":"Feature","properties":{"nombre":"Cerro Esmeralda","jerarquia":5},"geometry":{"type":"LineString","coordinates":[[-70.10839,-20.26592],[-70.10803,-20.26626]]}},{"type":"Feature","properties":{"nombre":"Cerro Esmeralda","jerarquia":5},"geometry":{"type":"LineString","coordinates":[[-70.10221,-20.27092],[-70.10221,-20.27087]]}},{"type":"Feature","properties":{"nombre":"Cerro Esmeralda","jerarquia":5},"geometry":{"type":"LineString","coordinates":[[-70.10221,-20.27087],[-70.10228,-20.27081]]}},{"type":"Feature","properties":{"nombre":"Cerro Esmeralda","jerarquia":5},"geometry":{"type":"LineString","coordinates":[[-70.10236,-20.27086],[-70.10226,-20.27092]]}},{"type":"Feature","properties":{"nombre":"Cerro Esmeralda","jerarquia":5},"geometry":{"type":"LineString","coordinates":[[-70.10226,-20.27092],[-70.10221,-20.27092]]}},{"type":"Feature","properties":{"nombre":"","jerarquia":5},"geometry":{"type":"LineString","coordinates":[[-70.10352,-20.2698],[-70.10366,-20.26977]]}},{"type":"Feature","properties":{"nombre":"","jerarquia":5},"geometry":{"type":"LineString","coordinates":[[-70.10366,-20.26977],[-70.1037,-20.26978]]}},{"type":"Feature","properties":{"nombre":"","jerarquia":1},"geometry":{"type":"LineString","coordinates":[[-70.10565,-20.28393],[-70.10591,-20.2835]]}},{"type":"Feature","properties":{"nombre":"Ruta 16","jerarquia":1},"geometry":{"type":"LineString","coordinates":[[-70.10545,-20.2841],[-70.10565,-20.28393]]}},{"type":"Feature","properties":{"nombre":"Ruta 16","jerarquia":1},"geometry":{"type":"LineString","coordinates":[[-70.10507,-20.28454],[-70.10522,-20.28432],[-70.10545,-20.2841]]}},{"type":"Feature","properties":{"nombre":"Ruta 16","jerarquia":1},"geometry":{"type":"LineString","coordinates":[[-70.10565,-20.28393],[-70.10598,-20.28351],[-70.10618,-20.28307]]}},{"type":"Feature","properties":{"nombre":"","jerarquia":1},"geometry":{"type":"LineString","coordinates":[[-70.10617,-20.28274],[-70.10617,-20.2825]]}},{"type":"Feature","properties":{"nombre":"","jerarquia":1},"geometry":{"type":"LineString","coordinates":[[-70.10614,-20.28297],[-70.10617,-20.28274]]}},{"type":"Feature","properties":{"nombre":"Ruta 16","jerarquia":1},"geometry":{"type":"LineString","coordinates":[[-70.10458,-20.28037],[-70.10524,-20.28049]]}},{"type":"Feature","properties":{"nombre":"Ruta 16","jerarquia":1},"geometry":{"type":"LineString","coordinates":[[-70.10524,-20.28049],[-70.10576,-20.2806]]}},{"type":"Feature","properties":{"nombre":"Ruta 16","jerarquia":1},"geometry":{"type":"LineString","coordinates":[[-70.10559,-20.28098],[-70.10526,-20.28074],[-70.10483,-20.28054]]}},{"type":"Feature","properties":{"nombre":"","jerarquia":1},"geometry":{"type":"LineString","coordinates":[[-70.10591,-20.2835],[-70.10614,-20.28297]]}},{"type":"Feature","properties":{"nombre":"Avenida Pampa Unión","jerarquia":5},"geometry":{"type":"LineString","coordinates":[[-70.09906,-20.27748],[-70.09876,-20.27759]]}},{"type":"Feature","properties":{"nombre":"Avenida Pampa Unión","jerarquia":5},"geometry":{"type":"LineString","coordinates":[[-70.09876,-20.27759],[-70.09868,-20.27762]]}},{"type":"Feature","properties":{"nombre":"Avenida Pampa Unión","jerarquia":5},"geometry":{"type":"LineString","coordinates":[[-70.09868,-20.27762],[-70.0986,-20.27765]]}},{"type":"Feature","properties":{"nombre":"Salitrera Santa Laura","jerarquia":5},"geometry":{"type":"LineString","coordinates":[[-70.10339,-20.27965],[-70.10384,-20.27984]]}},{"type":"Feature","properties":{"nombre":"Salitrera Santa Laura","jerarquia":5},"geometry":{"type":"LineString","coordinates":[[-70.10384,-20.27984],[-70.10396,-20.27989]]}},{"type":"Feature","properties":{"nombre":"Vía Local","jerarquia":3},"geometry":{"type":"LineString","coordinates":[[-70.10105,-20.27933],[-70.10124,-20.27933]]}},{"type":"Feature","properties":{"nombre":"Vía Local","jerarquia":3},"geometry":{"type":"LineString","coordinates":[[-70.10124,-20.27933],[-70.10187,-20.27937]]}},{"type":"Feature","properties":{"nombre":"","jerarquia":1},"geometry":{"type":"LineString","coordinates":[[-70.1039,-20.28002],[-70.10413,-20.28011]]}},{"type":"Feature","properties":{"nombre":"","jerarquia":1},"geometry":{"type":"LineString","coordinates":[[-70.10413,-20.28011],[-70.10451,-20.28022],[-70.10627,-20.28052]]}},{"type":"Feature","properties":{"nombre":"","jerarquia":1},"geometry":{"type":"LineString","coordinates":[[-70.10742,-20.28036],[-70.10781,-20.28009],[-70.10808,-20.2798]]}},{"type":"Feature","properties":{"nombre":"","jerarquia":1},"geometry":{"type":"LineString","coordinates":[[-70.09785,-20.27902],[-70.09845,-20.27917]]}},{"type":"Feature","properties":{"nombre":"","jerarquia":1},"geometry":{"type":"LineString","coordinates":[[-70.10068,-20.28006],[-70.09992,-20.27974]]}},{"type":"Feature","properties":{"nombre":"","jerarquia":1},"geometry":{"type":"LineString","coordinates":[[-70.09956,-20.27961],[-70.09927,-20.27952]]}},{"type":"Feature","properties":{"nombre":"","jerarquia":1},"geometry":{"type":"LineString","coordinates":[[-70.09927,-20.27952],[-70.09905,-20.27945]]}},{"type":"Feature","properties":{"nombre":"Santa Rosa de Molle","jerarquia":5},"geometry":{"type":"LineString","coordinates":[[-70.10068,-20.28006],[-70.09992,-20.27988]]}},{"type":"Feature","properties":{"nombre":"Santa Rosa de Molle","jerarquia":5},"geometry":{"type":"LineString","coordinates":[[-70.09964,-20.27988],[-70.09842,-20.2803]]}},{"type":"Feature","properties":{"nombre":"Avenida Las Américas","jerarquia":3},"geometry":{"type":"LineString","coordinates":[[-70.10068,-20.28006],[-70.10079,-20.27989]]}},{"type":"Feature","properties":{"nombre":"Carmela Carvajal de Prat","jerarquia":3},"geometry":{"type":"LineString","coordinates":[[-70.10378,-20.28069],[-70.10281,-20.2805]]}},{"type":"Feature","properties":{"nombre":"Carmela Carvajal de Prat","jerarquia":3},"geometry":{"type":"LineString","coordinates":[[-70.10281,-20.2805],[-70.10172,-20.28028]]}},{"type":"Feature","properties":{"nombre":"Avenida Gabriela Mistral","jerarquia":5},"geometry":{"type":"LineString","coordinates":[[-70.10414,-20.28321],[-70.10432,-20.28371]]}},{"type":"Feature","properties":{"nombre":"Avenida Gabriela Mistral","jerarquia":5},"geometry":{"type":"LineString","coordinates":[[-70.10378,-20.28069],[-70.1037,-20.28102]]}},{"type":"Feature","properties":{"nombre":"","jerarquia":1},"geometry":{"type":"LineString","coordinates":[[-70.10457,-20.28084],[-70.10378,-20.28069]]}},{"type":"Feature","properties":{"nombre":"Avenida Las Américas","jerarquia":3},"geometry":{"type":"LineString","coordinates":[[-70.10335,-20.28782],[-70.10338,-20.2879]]}},{"type":"Feature","properties":{"nombre":"Avenida Las Américas","jerarquia":3},"geometry":{"type":"LineString","coordinates":[[-70.10324,-20.28785],[-70.10302,-20.28731]]}},{"type":"Feature","properties":{"nombre":"Avenida Las Américas","jerarquia":3},"geometry":{"type":"LineString","coordinates":[[-70.10302,-20.28731],[-70.10287,-20.28688]]}},{"type":"Feature","properties":{"nombre":"Avenida Las Américas","jerarquia":3},"geometry":{"type":"LineString","coordinates":[[-70.10327,-20.28794],[-70.10324,-20.28785]]}},{"type":"Feature","properties":{"nombre":"Avenida Mártir Detective José Cubillos Rivera","jerarquia":5},"geometry":{"type":"LineString","coordinates":[[-70.10324,-20.28785],[-70.10335,-20.28782]]}},{"type":"Feature","properties":{"nombre":"","jerarquia":5},"geometry":{"type":"LineString","coordinates":[[-70.10264,-20.28805],[-70.10267,-20.28813]]}},{"type":"Feature","properties":{"nombre":"Avenida Las Américas","jerarquia":3},"geometry":{"type":"LineString","coordinates":[[-70.10478,-20.29196],[-70.10462,-20.29153]]}},{"type":"Feature","properties":{"nombre":"Avenida Las Américas","jerarquia":3},"geometry":{"type":"LineString","coordinates":[[-70.10462,-20.29153],[-70.10445,-20.2911]]}},{"type":"Feature","properties":{"nombre":"Avenida Las Américas","jerarquia":3},"geometry":{"type":"LineString","coordinates":[[-70.10445,-20.2911],[-70.10413,-20.29023]]}},{"type":"Feature","properties":{"nombre":"Avenida Las Américas","jerarquia":3},"geometry":{"type":"LineString","coordinates":[[-70.10413,-20.29023],[-70.10395,-20.28975]]}},{"type":"Feature","properties":{"nombre":"Avenida Las Américas","jerarquia":3},"geometry":{"type":"LineString","coordinates":[[-70.10268,-20.28605],[-70.10299,-20.28683]]}},{"type":"Feature","properties":{"nombre":"Avenida Las Américas","jerarquia":3},"geometry":{"type":"LineString","coordinates":[[-70.10287,-20.28688],[-70.10254,-20.28603]]}},{"type":"Feature","properties":{"nombre":"Avenida Las Américas","jerarquia":3},"geometry":{"type":"LineString","coordinates":[[-70.10254,-20.28603],[-70.10242,-20.28566]]}},{"type":"Feature","properties":{"nombre":"Avenida Gabriela Mistral","jerarquia":5},"geometry":{"type":"LineString","coordinates":[[-70.10527,-20.28642],[-70.10532,-20.28655]]}},{"type":"Feature","properties":{"nombre":"Avenida Gabriela Mistral","jerarquia":5},"geometry":{"type":"LineString","coordinates":[[-70.10532,-20.28655],[-70.10555,-20.28718]]}},{"type":"Feature","properties":{"nombre":"Avenida Gabriela Mistral","jerarquia":5},"geometry":{"type":"LineString","coordinates":[[-70.10555,-20.28718],[-70.10557,-20.28725]]}},{"type":"Feature","properties":{"nombre":"Avenida Los Cóndores","jerarquia":5},"geometry":{"type":"LineString","coordinates":[[-70.10672,-20.27054],[-70.10679,-20.27047]]}},{"type":"Feature","properties":{"nombre":"Avenida Los Cóndores","jerarquia":5},"geometry":{"type":"LineString","coordinates":[[-70.10686,-20.27053],[-70.10679,-20.2706]]}},{"type":"Feature","properties":{"nombre":"Los Álamos","jerarquia":5},"geometry":{"type":"LineString","coordinates":[[-70.10679,-20.27047],[-70.10686,-20.27053]]}},{"type":"Feature","properties":{"nombre":"Los Álamos","jerarquia":5},"geometry":{"type":"LineString","coordinates":[[-70.10679,-20.2706],[-70.10672,-20.27054]]}},{"type":"Feature","properties":{"nombre":"Los Álamos","jerarquia":5},"geometry":{"type":"LineString","coordinates":[[-70.10296,-20.26664],[-70.10289,-20.26657]]}},{"type":"Feature","properties":{"nombre":"Los Álamos","jerarquia":5},"geometry":{"type":"LineString","coordinates":[[-70.10292,-20.26648],[-70.10299,-20.26655]]}},{"type":"Feature","properties":{"nombre":"","jerarquia":5},"geometry":{"type":"LineString","coordinates":[[-70.10462,-20.26904],[-70.10454,-20.26896]]}},{"type":"Feature","properties":{"nombre":"","jerarquia":5},"geometry":{"type":"LineString","coordinates":[[-70.10471,-20.26896],[-70.10465,-20.26888]]}},{"type":"Feature","properties":{"nombre":"Los Álamos","jerarquia":5},"geometry":{"type":"LineString","coordinates":[[-70.10491,-20.26879],[-70.10485,-20.26872]]}},{"type":"Feature","properties":{"nombre":"Los Álamos","jerarquia":5},"geometry":{"type":"LineString","coordinates":[[-70.10491,-20.26867],[-70.10498,-20.26874]]}},{"type":"Feature","properties":{"nombre":"Cerro Esmeralda","jerarquia":5},"geometry":{"type":"LineString","coordinates":[[-70.10491,-20.26867],[-70.10593,-20.26785]]}},{"type":"Feature","properties":{"nombre":"Cerro Esmeralda","jerarquia":5},"geometry":{"type":"LineString","coordinates":[[-70.10593,-20.26785],[-70.10703,-20.26695]]}},{"type":"Feature","properties":{"nombre":"Cerro Esmeralda","jerarquia":5},"geometry":{"type":"LineString","coordinates":[[-70.10703,-20.26695],[-70.1077,-20.26641]]}},{"type":"Feature","properties":{"nombre":"Cerro Esmeralda","jerarquia":5},"geometry":{"type":"LineString","coordinates":[[-70.1077,-20.26641],[-70.10797,-20.26619]]}},{"type":"Feature","properties":{"nombre":"Cerro Esmeralda","jerarquia":5},"geometry":{"type":"LineString","coordinates":[[-70.10485,-20.26872],[-70.10491,-20.26867]]}},{"type":"Feature","properties":{"nombre":"Cerro Esmeralda","jerarquia":5},"geometry":{"type":"LineString","coordinates":[[-70.10498,-20.26874],[-70.10491,-20.26879]]}},{"type":"Feature","properties":{"nombre":"Cerro Esmeralda","jerarquia":5},"geometry":{"type":"LineString","coordinates":[[-70.10803,-20.26626],[-70.10709,-20.26702]]}},{"type":"Feature","properties":{"nombre":"Cerro Esmeralda","jerarquia":5},"geometry":{"type":"LineString","coordinates":[[-70.10709,-20.26702],[-70.10599,-20.26792]]}},{"type":"Feature","properties":{"nombre":"Cerro Esmeralda","jerarquia":5},"geometry":{"type":"LineString","coordinates":[[-70.10599,-20.26792],[-70.10504,-20.26869]]}},{"type":"Feature","properties":{"nombre":"Cerro Esmeralda","jerarquia":5},"geometry":{"type":"LineString","coordinates":[[-70.10504,-20.26869],[-70.10498,-20.26874]]}},{"type":"Feature","properties":{"nombre":"Cerro Esmeralda","jerarquia":5},"geometry":{"type":"LineString","coordinates":[[-70.1037,-20.26978],[-70.10275,-20.27055]]}},{"type":"Feature","properties":{"nombre":"Cerro Esmeralda","jerarquia":5},"geometry":{"type":"LineString","coordinates":[[-70.10389,-20.26962],[-70.1037,-20.26978]]}},{"type":"Feature","properties":{"nombre":"Cerro Esmeralda","jerarquia":5},"geometry":{"type":"LineString","coordinates":[[-70.10383,-20.26954],[-70.10454,-20.26896]]}},{"type":"Feature","properties":{"nombre":"Cerro Esmeralda","jerarquia":5},"geometry":{"type":"LineString","coordinates":[[-70.10454,-20.26896],[-70.10465,-20.26888]]}},{"type":"Feature","properties":{"nombre":"Cerro Esmeralda","jerarquia":5},"geometry":{"type":"LineString","coordinates":[[-70.10465,-20.26888],[-70.10477,-20.26878]]}},{"type":"Feature","properties":{"nombre":"Cerro Esmeralda","jerarquia":5},"geometry":{"type":"LineString","coordinates":[[-70.10477,-20.26878],[-70.10485,-20.26872]]}},{"type":"Feature","properties":{"nombre":"Cerro Esmeralda","jerarquia":5},"geometry":{"type":"LineString","coordinates":[[-70.10403,-20.26951],[-70.10389,-20.26962]]}},{"type":"Feature","properties":{"nombre":"Cerro Esmeralda","jerarquia":5},"geometry":{"type":"LineString","coordinates":[[-70.10275,-20.27055],[-70.10236,-20.27086]]}},{"type":"Feature","properties":{"nombre":"Avenida Ramón Pérez Opazo","jerarquia":5},"geometry":{"type":"LineString","coordinates":[[-70.10051,-20.27295],[-70.10055,-20.27303]]}},{"type":"Feature","properties":{"nombre":"Avenida Ramón Pérez Opazo","jerarquia":5},"geometry":{"type":"LineString","coordinates":[[-70.10042,-20.27298],[-70.10002,-20.27212]]}},{"type":"Feature","properties":{"nombre":"Avenida Los Cóndores","jerarquia":5},"geometry":{"type":"LineString","coordinates":[[-70.10042,-20.27298],[-70.10051,-20.27295]]}},{"type":"Feature","properties":{"nombre":"Avenida Los Cóndores","jerarquia":5},"geometry":{"type":"LineString","coordinates":[[-70.09566,-20.27488],[-70.0971,-20.27431]]}},{"type":"Feature","properties":{"nombre":"Avenida Los Cóndores","jerarquia":5},"geometry":{"type":"LineString","coordinates":[[-70.0971,-20.27431],[-70.09722,-20.27427]]}},{"type":"Feature","properties":{"nombre":"Avenida Los Cóndores","jerarquia":5},"geometry":{"type":"LineString","coordinates":[[-70.09722,-20.27427],[-70.09808,-20.27392]]}},{"type":"Feature","properties":{"nombre":"Avenida Los Cóndores","jerarquia":5},"geometry":{"type":"LineString","coordinates":[[-70.09808,-20.27392],[-70.09901,-20.27354]]}},{"type":"Feature","properties":{"nombre":"Avenida Los Cóndores","jerarquia":5},"geometry":{"type":"LineString","coordinates":[[-70.09901,-20.27354],[-70.09998,-20.27316]]}},{"type":"Feature","properties":{"nombre":"Avenida Los Cóndores","jerarquia":5},"geometry":{"type":"LineString","coordinates":[[-70.09998,-20.27316],[-70.10034,-20.27302]]}},{"type":"Feature","properties":{"nombre":"Avenida Los Cóndores","jerarquia":5},"geometry":{"type":"LineString","coordinates":[[-70.10034,-20.27302],[-70.10042,-20.27298]]}},{"type":"Feature","properties":{"nombre":"Avenida Los Cóndores","jerarquia":5},"geometry":{"type":"LineString","coordinates":[[-70.10046,-20.27307],[-70.10002,-20.27324]]}},{"type":"Feature","properties":{"nombre":"Avenida Los Cóndores","jerarquia":5},"geometry":{"type":"LineString","coordinates":[[-70.10002,-20.27324],[-70.09905,-20.27363]]}},{"type":"Feature","properties":{"nombre":"Avenida Los Cóndores","jerarquia":5},"geometry":{"type":"LineString","coordinates":[[-70.09905,-20.27363],[-70.09811,-20.27401]]}},{"type":"Feature","properties":{"nombre":"Avenida Los Cóndores","jerarquia":5},"geometry":{"type":"LineString","coordinates":[[-70.09811,-20.27401],[-70.09725,-20.27435]]}},{"type":"Feature","properties":{"nombre":"Avenida Los Cóndores","jerarquia":5},"geometry":{"type":"LineString","coordinates":[[-70.09725,-20.27435],[-70.09714,-20.2744]]}},{"type":"Feature","properties":{"nombre":"Avenida Los Cóndores","jerarquia":5},"geometry":{"type":"LineString","coordinates":[[-70.09714,-20.2744],[-70.0957,-20.27497]]}},{"type":"Feature","properties":{"nombre":"Avenida Los Cóndores","jerarquia":5},"geometry":{"type":"LineString","coordinates":[[-70.10055,-20.27303],[-70.10046,-20.27307]]}},{"type":"Feature","properties":{"nombre":"Avenida Los Cóndores","jerarquia":5},"geometry":{"type":"LineString","coordinates":[[-70.10298,-20.27205],[-70.10289,-20.27209]]}},{"type":"Feature","properties":{"nombre":"Avenida La Pampa","jerarquia":5},"geometry":{"type":"LineString","coordinates":[[-70.10295,-20.27197],[-70.10298,-20.27205]]}},{"type":"Feature","properties":{"nombre":"Avenida La Pampa","jerarquia":5},"geometry":{"type":"LineString","coordinates":[[-70.10236,-20.27086],[-70.10261,-20.27124],[-70.10291,-20.27189]]}},{"type":"Feature","properties":{"nombre":"Avenida La Pampa","jerarquia":5},"geometry":{"type":"LineString","coordinates":[[-70.10291,-20.27189],[-70.10295,-20.27197]]}},{"type":"Feature","properties":{"nombre":"Avenida Los Cóndores","jerarquia":5},"geometry":{"type":"LineString","coordinates":[[-70.10285,-20.27201],[-70.10295,-20.27197]]}},{"type":"Feature","properties":{"nombre":"Avenida La Pampa","jerarquia":5},"geometry":{"type":"LineString","coordinates":[[-70.10285,-20.27201],[-70.10265,-20.27157]]}},{"type":"Feature","properties":{"nombre":"Avenida La Pampa","jerarquia":5},"geometry":{"type":"LineString","coordinates":[[-70.10265,-20.27157],[-70.10249,-20.27122],[-70.10226,-20.27092]]}},{"type":"Feature","properties":{"nombre":"Avenida La Pampa","jerarquia":5},"geometry":{"type":"LineString","coordinates":[[-70.10289,-20.27209],[-70.10285,-20.27201]]}},{"type":"Feature","properties":{"nombre":"Avenida Ramón Pérez Opazo","jerarquia":5},"geometry":{"type":"LineString","coordinates":[[-70.10081,-20.27017],[-70.10086,-20.27008]]}},{"type":"Feature","properties":{"nombre":"Costa Alto Hospicio","jerarquia":5},"geometry":{"type":"LineString","coordinates":[[-70.10981,-20.27229],[-70.10981,-20.2729]]}},{"type":"Feature","properties":{"nombre":"Costa Alto Hospicio","jerarquia":5},"geometry":{"type":"LineString","coordinates":[[-70.10982,-20.27197],[-70.10981,-20.27229]]}},{"type":"Feature","properties":{"nombre":"Costa Alto Hospicio","jerarquia":5},"geometry":{"type":"LineString","coordinates":[[-70.10976,-20.26564],[-70.10977,-20.2657]]}},{"type":"Feature","properties":{"nombre":"Costa Alto Hospicio","jerarquia":5},"geometry":{"type":"LineString","coordinates":[[-70.10977,-20.2657],[-70.10978,-20.26591]]}},{"type":"Feature","properties":{"nombre":"Los Álamos","jerarquia":5},"geometry":{"type":"LineString","coordinates":[[-70.10954,-20.27227],[-70.10974,-20.2721]]}},{"type":"Feature","properties":{"nombre":"Los Álamos","jerarquia":5},"geometry":{"type":"LineString","coordinates":[[-70.10974,-20.2721],[-70.10982,-20.27197]]}},{"type":"Feature","properties":{"nombre":"Costa Alto Hospicio","jerarquia":5},"geometry":{"type":"LineString","coordinates":[[-70.10977,-20.27356],[-70.10981,-20.2729]]}},{"type":"Feature","properties":{"nombre":"Costa Alto Hospicio","jerarquia":5},"geometry":{"type":"LineString","coordinates":[[-70.10961,-20.27451],[-70.10964,-20.27441]]}},{"type":"Feature","properties":{"nombre":"Avenida Pampa Unión","jerarquia":5},"geometry":{"type":"LineString","coordinates":[[-70.10972,-20.27454],[-70.10961,-20.27451]]}},{"type":"Feature","properties":{"nombre":"Avenida Pampa Unión","jerarquia":5},"geometry":{"type":"LineString","coordinates":[[-70.10964,-20.27441],[-70.10975,-20.27443]]}},{"type":"Feature","properties":{"nombre":"Avenida Pampa Unión","jerarquia":5},"geometry":{"type":"LineString","coordinates":[[-70.107,-20.27508],[-70.10651,-20.27522]]}},{"type":"Feature","properties":{"nombre":"Avenida Pampa Unión","jerarquia":5},"geometry":{"type":"LineString","coordinates":[[-70.10651,-20.27522],[-70.10574,-20.27545]]}},{"type":"Feature","properties":{"nombre":"Avenida Pampa Unión","jerarquia":5},"geometry":{"type":"LineString","coordinates":[[-70.10574,-20.27545],[-70.10525,-20.27559]]}},{"type":"Feature","properties":{"nombre":"Avenida Pampa Unión","jerarquia":5},"geometry":{"type":"LineString","coordinates":[[-70.10525,-20.27559],[-70.10417,-20.2759]]}},{"type":"Feature","properties":{"nombre":"Avenida Pampa Unión","jerarquia":5},"geometry":{"type":"LineString","coordinates":[[-70.10708,-20.27496],[-70.10826,-20.27462]]}},{"type":"Feature","properties":{"nombre":"Avenida Pampa Unión","jerarquia":5},"geometry":{"type":"LineString","coordinates":[[-70.10826,-20.27462],[-70.1087,-20.27449]]}},{"type":"Feature","properties":{"nombre":"Avenida Pampa Unión","jerarquia":5},"geometry":{"type":"LineString","coordinates":[[-70.1087,-20.27449],[-70.10918,-20.27437],[-70.10957,-20.27439]]}},{"type":"Feature","properties":{"nombre":"Avenida Pampa Unión","jerarquia":5},"geometry":{"type":"LineString","coordinates":[[-70.10957,-20.27439],[-70.10964,-20.27441]]}},{"type":"Feature","properties":{"nombre":"Avenida Pampa Unión","jerarquia":5},"geometry":{"type":"LineString","coordinates":[[-70.10697,-20.27499],[-70.10708,-20.27496]]}},{"type":"Feature","properties":{"nombre":"Avenida Pampa Unión","jerarquia":5},"geometry":{"type":"LineString","coordinates":[[-70.10711,-20.27505],[-70.107,-20.27508]]}},{"type":"Feature","properties":{"nombre":"Avenida Pampa Unión","jerarquia":5},"geometry":{"type":"LineString","coordinates":[[-70.10961,-20.27451],[-70.10934,-20.27446],[-70.10901,-20.27451]]}},{"type":"Feature","properties":{"nombre":"Avenida Pampa Unión","jerarquia":5},"geometry":{"type":"LineString","coordinates":[[-70.10901,-20.27451],[-70.1083,-20.27471]]}},{"type":"Feature","properties":{"nombre":"Avenida Pampa Unión","jerarquia":5},"geometry":{"type":"LineString","coordinates":[[-70.1083,-20.27471],[-70.1072,-20.27503]]}},{"type":"Feature","properties":{"nombre":"Avenida Pampa Unión","jerarquia":5},"geometry":{"type":"LineString","coordinates":[[-70.1072,-20.27503],[-70.10711,-20.27505]]}},{"type":"Feature","properties":{"nombre":"Avenida La Pampa","jerarquia":5},"geometry":{"type":"LineString","coordinates":[[-70.10711,-20.27505],[-70.10715,-20.27543]]}},{"type":"Feature","properties":{"nombre":"Avenida La Pampa","jerarquia":5},"geometry":{"type":"LineString","coordinates":[[-70.10715,-20.27543],[-70.10696,-20.27615],[-70.10677,-20.27651]]}},{"type":"Feature","properties":{"nombre":"Avenida La Pampa","jerarquia":5},"geometry":{"type":"LineString","coordinates":[[-70.10677,-20.27651],[-70.1065,-20.27686]]}},{"type":"Feature","properties":{"nombre":"Avenida La Pampa","jerarquia":5},"geometry":{"type":"LineString","coordinates":[[-70.1065,-20.27686],[-70.10618,-20.27727]]}},{"type":"Feature","properties":{"nombre":"Avenida La Pampa","jerarquia":5},"geometry":{"type":"LineString","coordinates":[[-70.10618,-20.27727],[-70.10585,-20.27753]]}},{"type":"Feature","properties":{"nombre":"Avenida La Pampa","jerarquia":5},"geometry":{"type":"LineString","coordinates":[[-70.10585,-20.27753],[-70.10484,-20.27789]]}},{"type":"Feature","properties":{"nombre":"Avenida La Pampa","jerarquia":5},"geometry":{"type":"LineString","coordinates":[[-70.10708,-20.27496],[-70.10711,-20.27505]]}},{"type":"Feature","properties":{"nombre":"Avenida La Pampa","jerarquia":5},"geometry":{"type":"LineString","coordinates":[[-70.107,-20.27508],[-70.10697,-20.27499]]}},{"type":"Feature","properties":{"nombre":"Avenida La Pampa","jerarquia":5},"geometry":{"type":"LineString","coordinates":[[-70.10481,-20.27779],[-70.10528,-20.27764]]}},{"type":"Feature","properties":{"nombre":"Avenida La Pampa","jerarquia":5},"geometry":{"type":"LineString","coordinates":[[-70.10528,-20.27764],[-70.10578,-20.27746]]}},{"type":"Feature","properties":{"nombre":"Avenida La Pampa","jerarquia":5},"geometry":{"type":"LineString","coordinates":[[-70.10578,-20.27746],[-70.10612,-20.27719]]}},{"type":"Feature","properties":{"nombre":"Avenida La Pampa","jerarquia":5},"geometry":{"type":"LineString","coordinates":[[-70.10612,-20.27719],[-70.10669,-20.27645]]}},{"type":"Feature","properties":{"nombre":"Avenida La Pampa","jerarquia":5},"geometry":{"type":"LineString","coordinates":[[-70.10669,-20.27645],[-70.10685,-20.27614],[-70.107,-20.27562]]}},{"type":"Feature","properties":{"nombre":"Avenida La Pampa","jerarquia":5},"geometry":{"type":"LineString","coordinates":[[-70.107,-20.27562],[-70.10705,-20.27541],[-70.10703,-20.27517]]}},{"type":"Feature","properties":{"nombre":"Avenida La Pampa","jerarquia":5},"geometry":{"type":"LineString","coordinates":[[-70.10703,-20.27517],[-70.107,-20.27508]]}},{"type":"Feature","properties":{"nombre":"Las Américas","jerarquia":5},"geometry":{"type":"LineString","coordinates":[[-70.10116,-20.27917],[-70.10124,-20.27933]]}},{"type":"Feature","properties":{"nombre":"Avenida La Pampa","jerarquia":5},"geometry":{"type":"LineString","coordinates":[[-70.10232,-20.27865],[-70.10167,-20.27881]]}},{"type":"Feature","properties":{"nombre":"Avenida La Pampa","jerarquia":5},"geometry":{"type":"LineString","coordinates":[[-70.10167,-20.27881],[-70.10154,-20.27884]]}},{"type":"Feature","properties":{"nombre":"Avenida La Pampa","jerarquia":5},"geometry":{"type":"LineString","coordinates":[[-70.10156,-20.27857],[-70.10174,-20.27861]]}},{"type":"Feature","properties":{"nombre":"Avenida La Pampa","jerarquia":5},"geometry":{"type":"LineString","coordinates":[[-70.10174,-20.27861],[-70.102,-20.27862],[-70.10235,-20.27854]]}},{"type":"Feature","properties":{"nombre":"Avenida Circunvalación","jerarquia":5},"geometry":{"type":"LineString","coordinates":[[-70.10975,-20.27443],[-70.10972,-20.27454]]}},{"type":"Feature","properties":{"nombre":"Ruta 16","jerarquia":1},"geometry":{"type":"LineString","coordinates":[[-70.07185,-20.26048],[-70.07368,-20.26006]]}},{"type":"Feature","properties":{"nombre":"Ruta 16","jerarquia":1},"geometry":{"type":"LineString","coordinates":[[-70.07368,-20.26006],[-70.07421,-20.26006],[-70.07474,-20.26015]]}},{"type":"Feature","properties":{"nombre":"Ruta 16","jerarquia":1},"geometry":{"type":"LineString","coordinates":[[-70.07491,-20.2607],[-70.07428,-20.26054],[-70.07372,-20.26046]]}},{"type":"Feature","properties":{"nombre":"Ruta 16","jerarquia":1},"geometry":{"type":"LineString","coordinates":[[-70.07372,-20.26046],[-70.07255,-20.26048]]}},{"type":"Feature","properties":{"nombre":"Ruta 16","jerarquia":1},"geometry":{"type":"LineString","coordinates":[[-70.08147,-20.26559],[-70.08075,-20.26531],[-70.08017,-20.26496]]}},{"type":"Feature","properties":{"nombre":"Ruta 16","jerarquia":1},"geometry":{"type":"LineString","coordinates":[[-70.07255,-20.26048],[-70.06962,-20.26103]]}},{"type":"Feature","properties":{"nombre":"Ruta 16","jerarquia":1},"geometry":{"type":"LineString","coordinates":[[-70.06962,-20.26103],[-70.05602,-20.2636]]}},{"type":"Feature","properties":{"nombre":"Ruta 16","jerarquia":1},"geometry":{"type":"LineString","coordinates":[[-70.0563,-20.26345],[-70.0664,-20.26157],[-70.07185,-20.26048]]}},{"type":"Feature","properties":{"nombre":"Salitrera Santa Laura","jerarquia":5},"geometry":{"type":"LineString","coordinates":[[-70.10116,-20.27917],[-70.10107,-20.27917]]}},{"type":"Feature","properties":{"nombre":"Ruta 16","jerarquia":1},"geometry":{"type":"LineString","coordinates":[[-70.08213,-20.26536],[-70.08272,-20.26566]]}},{"type":"Feature","properties":{"nombre":"Ruta 16","jerarquia":1},"geometry":{"type":"LineString","coordinates":[[-70.082,-20.26576],[-70.08147,-20.26559]]}},{"type":"Feature","properties":{"nombre":"Ruta 16","jerarquia":1},"geometry":{"type":"LineString","coordinates":[[-70.08334,-20.26618],[-70.08255,-20.26593]]}},{"type":"Feature","properties":{"nombre":"Ruta 16","jerarquia":1},"geometry":{"type":"LineString","coordinates":[[-70.08255,-20.26593],[-70.082,-20.26576]]}},{"type":"Feature","properties":{"nombre":"Ruta 16","jerarquia":1},"geometry":{"type":"LineString","coordinates":[[-70.08578,-20.26697],[-70.08451,-20.26656]]}},{"type":"Feature","properties":{"nombre":"Ruta 16","jerarquia":1},"geometry":{"type":"LineString","coordinates":[[-70.08017,-20.26496],[-70.0786,-20.26347]]}},{"type":"Feature","properties":{"nombre":"Ruta 16","jerarquia":1},"geometry":{"type":"LineString","coordinates":[[-70.08109,-20.26512],[-70.08152,-20.2652]]}},{"type":"Feature","properties":{"nombre":"Ruta 16","jerarquia":1},"geometry":{"type":"LineString","coordinates":[[-70.08272,-20.26566],[-70.0833,-20.26603],[-70.08424,-20.26635]]}},{"type":"Feature","properties":{"nombre":"Ruta 16","jerarquia":1},"geometry":{"type":"LineString","coordinates":[[-70.08424,-20.26635],[-70.08647,-20.26706]]}},{"type":"Feature","properties":{"nombre":"Ruta 16","jerarquia":1},"geometry":{"type":"LineString","coordinates":[[-70.08152,-20.2652],[-70.08213,-20.26536]]}},{"type":"Feature","properties":{"nombre":"Ruta 16","jerarquia":1},"geometry":{"type":"LineString","coordinates":[[-70.0786,-20.26347],[-70.077,-20.26193]]}},{"type":"Feature","properties":{"nombre":"Ruta 16","jerarquia":1},"geometry":{"type":"LineString","coordinates":[[-70.077,-20.26193],[-70.07661,-20.26158],[-70.07593,-20.26114]]}},{"type":"Feature","properties":{"nombre":"Ruta 16","jerarquia":1},"geometry":{"type":"LineString","coordinates":[[-70.07616,-20.26088],[-70.07717,-20.26183]]}},{"type":"Feature","properties":{"nombre":"Ruta 16","jerarquia":1},"geometry":{"type":"LineString","coordinates":[[-70.07562,-20.26049],[-70.07616,-20.26088]]}},{"type":"Feature","properties":{"nombre":"Ruta 16","jerarquia":1},"geometry":{"type":"LineString","coordinates":[[-70.07474,-20.26015],[-70.07519,-20.26029],[-70.07562,-20.26049]]}},{"type":"Feature","properties":{"nombre":"Ruta 16","jerarquia":1},"geometry":{"type":"LineString","coordinates":[[-70.09097,-20.26864],[-70.08578,-20.26697]]}},{"type":"Feature","properties":{"nombre":"Vía Expreso Norte","jerarquia":4},"geometry":{"type":"LineString","coordinates":[[-70.09047,-20.26866],[-70.09032,-20.26861]]}},{"type":"Feature","properties":{"nombre":"Vía Expreso Norte","jerarquia":4},"geometry":{"type":"LineString","coordinates":[[-70.09032,-20.26861],[-70.08929,-20.26827]]}},{"type":"Feature","properties":{"nombre":"Vía Expreso Norte","jerarquia":4},"geometry":{"type":"LineString","coordinates":[[-70.08929,-20.26827],[-70.08827,-20.26793]]}},{"type":"Feature","properties":{"nombre":"Ruta 16","jerarquia":1},"geometry":{"type":"LineString","coordinates":[[-70.08451,-20.26656],[-70.08334,-20.26618]]}},{"type":"Feature","properties":{"nombre":"Ruta 16","jerarquia":1},"geometry":{"type":"LineString","coordinates":[[-70.08647,-20.26706],[-70.08869,-20.26778]]}},{"type":"Feature","properties":{"nombre":"Vía Expreso Norte","jerarquia":4},"geometry":{"type":"LineString","coordinates":[[-70.09438,-20.27325],[-70.09392,-20.27238]]}},{"type":"Feature","properties":{"nombre":"Vía Expreso Norte","jerarquia":4},"geometry":{"type":"LineString","coordinates":[[-70.09392,-20.27238],[-70.09379,-20.27212]]}},{"type":"Feature","properties":{"nombre":"Vía Expreso Norte","jerarquia":4},"geometry":{"type":"LineString","coordinates":[[-70.09379,-20.27212],[-70.09338,-20.27134]]}},{"type":"Feature","properties":{"nombre":"","jerarquia":1},"geometry":{"type":"LineString","coordinates":[[-70.09593,-20.27646],[-70.09565,-20.27594]]}},{"type":"Feature","properties":{"nombre":"Vía Expreso Norte","jerarquia":4},"geometry":{"type":"LineString","coordinates":[[-70.09555,-20.27572],[-70.09547,-20.27556]]}},{"type":"Feature","properties":{"nombre":"Vía Expreso Norte","jerarquia":4},"geometry":{"type":"LineString","coordinates":[[-70.09547,-20.27556],[-70.09528,-20.27515]]}},{"type":"Feature","properties":{"nombre":"Vía Expreso Norte","jerarquia":4},"geometry":{"type":"LineString","coordinates":[[-70.09528,-20.27515],[-70.09524,-20.27506]]}},{"type":"Feature","properties":{"nombre":"Vía Expreso Norte","jerarquia":4},"geometry":{"type":"LineString","coordinates":[[-70.09524,-20.27506],[-70.09479,-20.27408]]}},{"type":"Feature","properties":{"nombre":"Vía Expreso Norte","jerarquia":4},"geometry":{"type":"LineString","coordinates":[[-70.09479,-20.27408],[-70.0947,-20.27388]]}},{"type":"Feature","properties":{"nombre":"Vía Expreso Norte","jerarquia":4},"geometry":{"type":"LineString","coordinates":[[-70.0947,-20.27388],[-70.09438,-20.27325]]}},{"type":"Feature","properties":{"nombre":"","jerarquia":4},"geometry":{"type":"LineString","coordinates":[[-70.09338,-20.27134],[-70.0932,-20.27131]]}},{"type":"Feature","properties":{"nombre":"Vía Expreso Norte","jerarquia":4},"geometry":{"type":"LineString","coordinates":[[-70.09565,-20.27594],[-70.09555,-20.27572]]}},{"type":"Feature","properties":{"nombre":"Avenida Los Cóndores","jerarquia":5},"geometry":{"type":"LineString","coordinates":[[-70.09524,-20.27506],[-70.09531,-20.27503]]}},{"type":"Feature","properties":{"nombre":"Avenida Los Cóndores","jerarquia":5},"geometry":{"type":"LineString","coordinates":[[-70.09534,-20.27512],[-70.09528,-20.27515]]}},{"type":"Feature","properties":{"nombre":"","jerarquia":1},"geometry":{"type":"LineString","coordinates":[[-70.08869,-20.26778],[-70.08946,-20.26794]]}},{"type":"Feature","properties":{"nombre":"","jerarquia":1},"geometry":{"type":"LineString","coordinates":[[-70.08946,-20.26794],[-70.09022,-20.26814]]}},{"type":"Feature","properties":{"nombre":"Vía Expreso Norte","jerarquia":4},"geometry":{"type":"LineString","coordinates":[[-70.09339,-20.27058],[-70.09346,-20.27071]]}},{"type":"Feature","properties":{"nombre":"Vía Expreso Norte","jerarquia":4},"geometry":{"type":"LineString","coordinates":[[-70.09332,-20.27045],[-70.09339,-20.27058]]}},{"type":"Feature","properties":{"nombre":"Vía Expreso Norte","jerarquia":4},"geometry":{"type":"LineString","coordinates":[[-70.09454,-20.27281],[-70.09481,-20.27333]]}},{"type":"Feature","properties":{"nombre":"Vía Expreso Norte","jerarquia":4},"geometry":{"type":"LineString","coordinates":[[-70.09481,-20.27333],[-70.09556,-20.27487]]}},{"type":"Feature","properties":{"nombre":"Vía Expreso Norte","jerarquia":4},"geometry":{"type":"LineString","coordinates":[[-70.09556,-20.27487],[-70.09559,-20.27492]]}},{"type":"Feature","properties":{"nombre":"Vía Expreso Norte","jerarquia":4},"geometry":{"type":"LineString","coordinates":[[-70.09559,-20.27492],[-70.09563,-20.275]]}},{"type":"Feature","properties":{"nombre":"Vía Expreso Norte","jerarquia":4},"geometry":{"type":"LineString","coordinates":[[-70.09346,-20.27071],[-70.0935,-20.2708]]}},{"type":"Feature","properties":{"nombre":"Vía Expreso Norte","jerarquia":4},"geometry":{"type":"LineString","coordinates":[[-70.0935,-20.2708],[-70.09385,-20.27151]]}},{"type":"Feature","properties":{"nombre":"Vía Expreso Norte","jerarquia":4},"geometry":{"type":"LineString","coordinates":[[-70.09385,-20.27151],[-70.09403,-20.27185]]}},{"type":"Feature","properties":{"nombre":"Vía Expreso Norte","jerarquia":4},"geometry":{"type":"LineString","coordinates":[[-70.09563,-20.275],[-70.09631,-20.27649]]}},{"type":"Feature","properties":{"nombre":"Ruta 16","jerarquia":1},"geometry":{"type":"LineString","coordinates":[[-70.09905,-20.27945],[-70.09827,-20.27927],[-70.09774,-20.27907]]}},{"type":"Feature","properties":{"nombre":"Ruta 16","jerarquia":1},"geometry":{"type":"LineString","coordinates":[[-70.09215,-20.26931],[-70.09154,-20.26889],[-70.09097,-20.26864]]}},{"type":"Feature","properties":{"nombre":"Avenida Sor Teresa de Los Andes","jerarquia":5},"geometry":{"type":"LineString","coordinates":[[-70.09457,-20.28494],[-70.09463,-20.2848]]}},{"type":"Feature","properties":{"nombre":"Avenida Sor Teresa de Los Andes","jerarquia":5},"geometry":{"type":"LineString","coordinates":[[-70.09449,-20.28511],[-70.09457,-20.28494]]}},{"type":"Feature","properties":{"nombre":"Avenida Sor Teresa de Los Andes","jerarquia":5},"geometry":{"type":"LineString","coordinates":[[-70.09465,-20.28493],[-70.0947,-20.28505]]}},{"type":"Feature","properties":{"nombre":"Avenida Sor Teresa de Los Andes","jerarquia":5},"geometry":{"type":"LineString","coordinates":[[-70.0947,-20.28505],[-70.09475,-20.28518]]}},{"type":"Feature","properties":{"nombre":"Egipto","jerarquia":5},"geometry":{"type":"LineString","coordinates":[[-70.10134,-20.28883],[-70.10129,-20.28875]]}},{"type":"Feature","properties":{"nombre":"Las Américas","jerarquia":3},"geometry":{"type":"LineString","coordinates":[[-70.10103,-20.27943],[-70.10105,-20.27933]]}},{"type":"Feature","properties":{"nombre":"Avenida Circunvalación","jerarquia":5},"geometry":{"type":"LineString","coordinates":[[-70.10436,-20.27979],[-70.10416,-20.27994]]}},{"type":"Feature","properties":{"nombre":"Avenida Circunvalación","jerarquia":5},"geometry":{"type":"LineString","coordinates":[[-70.10416,-20.27994],[-70.10411,-20.27995]]}},{"type":"Feature","properties":{"nombre":"Avenida Circunvalación","jerarquia":5},"geometry":{"type":"LineString","coordinates":[[-70.10392,-20.27995],[-70.1039,-20.28002]]}},{"type":"Feature","properties":{"nombre":"Avenida Las Parcelas","jerarquia":4},"geometry":{"type":"LineString","coordinates":[[-70.09343,-20.27077],[-70.09346,-20.27071]]}},{"type":"Feature","properties":{"nombre":"Avenida Las Parcelas","jerarquia":4},"geometry":{"type":"LineString","coordinates":[[-70.09328,-20.27102],[-70.09343,-20.27077]]}},{"type":"Feature","properties":{"nombre":"Avenida Las Parcelas","jerarquia":4},"geometry":{"type":"LineString","coordinates":[[-70.09331,-20.27111],[-70.09329,-20.27115]]}},{"type":"Feature","properties":{"nombre":"Avenida Las Parcelas","jerarquia":4},"geometry":{"type":"LineString","coordinates":[[-70.09347,-20.27085],[-70.09331,-20.27111]]}},{"type":"Feature","properties":{"nombre":"","jerarquia":1},"geometry":{"type":"LineString","coordinates":[[-70.08684,-20.26739],[-70.08607,-20.2671]]}},{"type":"Feature","properties":{"nombre":"","jerarquia":1},"geometry":{"type":"LineString","coordinates":[[-70.08607,-20.2671],[-70.08578,-20.26697]]}},{"type":"Feature","properties":{"nombre":"Vía Expreso Norte","jerarquia":4},"geometry":{"type":"LineString","coordinates":[[-70.08827,-20.26793],[-70.08753,-20.26768]]}},{"type":"Feature","properties":{"nombre":"Avenida La Tirana","jerarquia":2},"geometry":{"type":"LineString","coordinates":[[-70.1283,-20.24446],[-70.12819,-20.243]]}},{"type":"Feature","properties":{"nombre":"Avenida La Tirana","jerarquia":2},"geometry":{"type":"LineString","coordinates":[[-70.1281,-20.24831],[-70.12818,-20.24745]]}},{"type":"Feature","properties":{"nombre":"Avenida La Tirana","jerarquia":2},"geometry":{"type":"LineString","coordinates":[[-70.12818,-20.24745],[-70.12825,-20.24648]]}},{"type":"Feature","properties":{"nombre":"Avenida La Tirana","jerarquia":2},"geometry":{"type":"LineString","coordinates":[[-70.12825,-20.24648],[-70.1283,-20.24588]]}},{"type":"Feature","properties":{"nombre":"Avenida La Tirana","jerarquia":2},"geometry":{"type":"LineString","coordinates":[[-70.1283,-20.24588],[-70.1283,-20.24546]]}},{"type":"Feature","properties":{"nombre":"Avenida La Tirana","jerarquia":2},"geometry":{"type":"LineString","coordinates":[[-70.1283,-20.24546],[-70.1283,-20.24446]]}},{"type":"Feature","properties":{"nombre":"Avenida La Tirana","jerarquia":2},"geometry":{"type":"LineString","coordinates":[[-70.12838,-20.24445],[-70.12838,-20.24597],[-70.12834,-20.24649]]}},{"type":"Feature","properties":{"nombre":"Manuel Castro Ramos","jerarquia":5},"geometry":{"type":"LineString","coordinates":[[-70.12838,-20.24445],[-70.12884,-20.24441]]}},{"type":"Feature","properties":{"nombre":"Manuel Castro Ramos","jerarquia":5},"geometry":{"type":"LineString","coordinates":[[-70.12884,-20.24441],[-70.12929,-20.24437]]}},{"type":"Feature","properties":{"nombre":"Manuel Castro Ramos","jerarquia":5},"geometry":{"type":"LineString","coordinates":[[-70.12838,-20.24445],[-70.1283,-20.24446]]}},{"type":"Feature","properties":{"nombre":"Avenida La Tirana","jerarquia":2},"geometry":{"type":"LineString","coordinates":[[-70.12498,-20.26014],[-70.12479,-20.26113]]}},{"type":"Feature","properties":{"nombre":"Avenida La Tirana","jerarquia":2},"geometry":{"type":"LineString","coordinates":[[-70.12479,-20.26113],[-70.12462,-20.26207]]}},{"type":"Feature","properties":{"nombre":"Avenida La Tirana","jerarquia":2},"geometry":{"type":"LineString","coordinates":[[-70.12462,-20.26207],[-70.12442,-20.26311]]}},{"type":"Feature","properties":{"nombre":"Avenida La Tirana","jerarquia":2},"geometry":{"type":"LineString","coordinates":[[-70.12442,-20.26311],[-70.12437,-20.26363],[-70.12459,-20.26449]]}},{"type":"Feature","properties":{"nombre":"Playa Blanca","jerarquia":5},"geometry":{"type":"LineString","coordinates":[[-70.12786,-20.24896],[-70.12794,-20.24899]]}},{"type":"Feature","properties":{"nombre":"Laonzana","jerarquia":3},"geometry":{"type":"LineString","coordinates":[[-70.12746,-20.23211],[-70.1277,-20.23109]]}},{"type":"Feature","properties":{"nombre":"Avenida Cerro Dragón","jerarquia":5},"geometry":{"type":"LineString","coordinates":[[-70.12702,-20.26029],[-70.12712,-20.25971]]}},{"type":"Feature","properties":{"nombre":"Avenida Cerro Dragón","jerarquia":5},"geometry":{"type":"LineString","coordinates":[[-70.12712,-20.25971],[-70.12714,-20.25963]]}},{"type":"Feature","properties":{"nombre":"Avenida Cerro Dragón","jerarquia":5},"geometry":{"type":"LineString","coordinates":[[-70.12714,-20.25963],[-70.12737,-20.25841]]}},{"type":"Feature","properties":{"nombre":"Avenida Cerro Dragón","jerarquia":5},"geometry":{"type":"LineString","coordinates":[[-70.12737,-20.25841],[-70.12738,-20.25834]]}},{"type":"Feature","properties":{"nombre":"Avenida Cerro Dragón","jerarquia":5},"geometry":{"type":"LineString","coordinates":[[-70.12738,-20.25834],[-70.1276,-20.25725]]}},{"type":"Feature","properties":{"nombre":"Avenida Cerro Dragón","jerarquia":5},"geometry":{"type":"LineString","coordinates":[[-70.1276,-20.25725],[-70.12773,-20.2565]]}},{"type":"Feature","properties":{"nombre":"Avenida Cerro Dragón","jerarquia":5},"geometry":{"type":"LineString","coordinates":[[-70.12773,-20.2565],[-70.128,-20.25502]]}},{"type":"Feature","properties":{"nombre":"Avenida Cerro Dragón","jerarquia":5},"geometry":{"type":"LineString","coordinates":[[-70.128,-20.25502],[-70.12808,-20.25459]]}},{"type":"Feature","properties":{"nombre":"Avenida Cerro Dragón","jerarquia":5},"geometry":{"type":"LineString","coordinates":[[-70.12808,-20.25459],[-70.12839,-20.25297]]}},{"type":"Feature","properties":{"nombre":"Avenida Cerro Dragón","jerarquia":5},"geometry":{"type":"LineString","coordinates":[[-70.12839,-20.25297],[-70.1284,-20.25289]]}},{"type":"Feature","properties":{"nombre":"Avenida Salvador Allende Gossens","jerarquia":4},"geometry":{"type":"LineString","coordinates":[[-70.13139,-20.25428],[-70.13137,-20.25436]]}},{"type":"Feature","properties":{"nombre":"Avenida Ramón Pérez Opazo","jerarquia":4},"geometry":{"type":"LineString","coordinates":[[-70.13129,-20.25423],[-70.13139,-20.25428]]}},{"type":"Feature","properties":{"nombre":"Avenida Salvador Allende Gossens","jerarquia":4},"geometry":{"type":"LineString","coordinates":[[-70.13127,-20.25431],[-70.13129,-20.25423]]}},{"type":"Feature","properties":{"nombre":"Avenida Ramón Pérez Opazo","jerarquia":4},"geometry":{"type":"LineString","coordinates":[[-70.13137,-20.25436],[-70.13127,-20.25431]]}},{"type":"Feature","properties":{"nombre":"Avenida Ramón Pérez Opazo","jerarquia":4},"geometry":{"type":"LineString","coordinates":[[-70.13403,-20.25569],[-70.13274,-20.25504]]}},{"type":"Feature","properties":{"nombre":"Avenida Ramón Pérez Opazo","jerarquia":4},"geometry":{"type":"LineString","coordinates":[[-70.13274,-20.25504],[-70.13205,-20.2547]]}},{"type":"Feature","properties":{"nombre":"Avenida Ramón Pérez Opazo","jerarquia":4},"geometry":{"type":"LineString","coordinates":[[-70.13205,-20.2547],[-70.13146,-20.25441]]}},{"type":"Feature","properties":{"nombre":"Avenida Ramón Pérez Opazo","jerarquia":4},"geometry":{"type":"LineString","coordinates":[[-70.13146,-20.25441],[-70.13143,-20.25439]]}},{"type":"Feature","properties":{"nombre":"Avenida Salvador Allende Gossens","jerarquia":4},"geometry":{"type":"LineString","coordinates":[[-70.13261,-20.24898],[-70.13218,-20.25086]]}},{"type":"Feature","properties":{"nombre":"Avenida Salvador Allende Gossens","jerarquia":4},"geometry":{"type":"LineString","coordinates":[[-70.13218,-20.25086],[-70.13205,-20.25139]]}},{"type":"Feature","properties":{"nombre":"Avenida Salvador Allende Gossens","jerarquia":4},"geometry":{"type":"LineString","coordinates":[[-70.13205,-20.25139],[-70.13203,-20.25147]]}},{"type":"Feature","properties":{"nombre":"Avenida Salvador Allende Gossens","jerarquia":4},"geometry":{"type":"LineString","coordinates":[[-70.13203,-20.25147],[-70.1317,-20.25294]]}},{"type":"Feature","properties":{"nombre":"Avenida Salvador Allende Gossens","jerarquia":4},"geometry":{"type":"LineString","coordinates":[[-70.1317,-20.25294],[-70.13141,-20.25419]]}},{"type":"Feature","properties":{"nombre":"Avenida Salvador Allende Gossens","jerarquia":4},"geometry":{"type":"LineString","coordinates":[[-70.13141,-20.25419],[-70.1314,-20.25423]]}},{"type":"Feature","properties":{"nombre":"Avenida Salvador Allende Gossens","jerarquia":4},"geometry":{"type":"LineString","coordinates":[[-70.13312,-20.24637],[-70.13315,-20.24657],[-70.13325,-20.24673]]}},{"type":"Feature","properties":{"nombre":"Avenida Salvador Allende Gossens","jerarquia":4},"geometry":{"type":"LineString","coordinates":[[-70.13325,-20.24673],[-70.13333,-20.24684]]}},{"type":"Feature","properties":{"nombre":"Avenida Salvador Allende Gossens","jerarquia":4},"geometry":{"type":"LineString","coordinates":[[-70.13333,-20.24684],[-70.13335,-20.24692]]}},{"type":"Feature","properties":{"nombre":"Avenida Santiago Polanco","jerarquia":5},"geometry":{"type":"LineString","coordinates":[[-70.13335,-20.24692],[-70.133,-20.24687]]}},{"type":"Feature","properties":{"nombre":"Avenida Santiago Polanco","jerarquia":5},"geometry":{"type":"LineString","coordinates":[[-70.133,-20.24687],[-70.13293,-20.24686]]}},{"type":"Feature","properties":{"nombre":"Avenida Santiago Polanco","jerarquia":5},"geometry":{"type":"LineString","coordinates":[[-70.13502,-20.24727],[-70.13402,-20.24706]]}},{"type":"Feature","properties":{"nombre":"Avenida Santiago Polanco","jerarquia":5},"geometry":{"type":"LineString","coordinates":[[-70.13402,-20.24706],[-70.13359,-20.24697]]}},{"type":"Feature","properties":{"nombre":"Avenida Santiago Polanco","jerarquia":5},"geometry":{"type":"LineString","coordinates":[[-70.13359,-20.24697],[-70.13344,-20.24694]]}},{"type":"Feature","properties":{"nombre":"Avenida Santiago Polanco","jerarquia":5},"geometry":{"type":"LineString","coordinates":[[-70.13344,-20.24694],[-70.13335,-20.24692]]}},{"type":"Feature","properties":{"nombre":"Avenida Santiago Polanco","jerarquia":5},"geometry":{"type":"LineString","coordinates":[[-70.13504,-20.24719],[-70.13564,-20.24734]]}},{"type":"Feature","properties":{"nombre":"Avenida Santiago Polanco","jerarquia":5},"geometry":{"type":"LineString","coordinates":[[-70.13295,-20.24678],[-70.13321,-20.24682]]}},{"type":"Feature","properties":{"nombre":"Avenida Santiago Polanco","jerarquia":5},"geometry":{"type":"LineString","coordinates":[[-70.13321,-20.24682],[-70.13333,-20.24684]]}},{"type":"Feature","properties":{"nombre":"Avenida Salvador Allende Gossens","jerarquia":4},"geometry":{"type":"LineString","coordinates":[[-70.13335,-20.24692],[-70.13333,-20.24707],[-70.13309,-20.24728],[-70.13295,-20.24753],[-70.13261,-20.24898]]}},{"type":"Feature","properties":{"nombre":"Manuel Castro Ramos","jerarquia":5},"geometry":{"type":"LineString","coordinates":[[-70.13551,-20.24519],[-70.13559,-20.24521]]}},{"type":"Feature","properties":{"nombre":"Manuel Castro Ramos","jerarquia":5},"geometry":{"type":"LineString","coordinates":[[-70.13559,-20.24521],[-70.13602,-20.2453]]}},{"type":"Feature","properties":{"nombre":"Manuel Castro Ramos","jerarquia":5},"geometry":{"type":"LineString","coordinates":[[-70.13602,-20.2453],[-70.13718,-20.24554]]}},{"type":"Feature","properties":{"nombre":"Manuel Castro Ramos","jerarquia":5},"geometry":{"type":"LineString","coordinates":[[-70.13718,-20.24554],[-70.13734,-20.24557]]}},{"type":"Feature","properties":{"nombre":"Manuel Castro Ramos","jerarquia":5},"geometry":{"type":"LineString","coordinates":[[-70.13734,-20.24557],[-70.13743,-20.24559]]}},{"type":"Feature","properties":{"nombre":"Avenida Santiago Polanco","jerarquia":5},"geometry":{"type":"LineString","coordinates":[[-70.13564,-20.24734],[-70.13573,-20.24738]]}},{"type":"Feature","properties":{"nombre":"Avenida Santiago Polanco","jerarquia":5},"geometry":{"type":"LineString","coordinates":[[-70.13573,-20.24738],[-70.13687,-20.24791]]}},{"type":"Feature","properties":{"nombre":"Avenida Santiago Polanco","jerarquia":5},"geometry":{"type":"LineString","coordinates":[[-70.13817,-20.24859],[-70.13717,-20.24814]]}},{"type":"Feature","properties":{"nombre":"Avenida Santiago Polanco","jerarquia":5},"geometry":{"type":"LineString","coordinates":[[-70.13717,-20.24814],[-70.13685,-20.24799]]}},{"type":"Feature","properties":{"nombre":"Playa Brava","jerarquia":5},"geometry":{"type":"LineString","coordinates":[[-70.13687,-20.24791],[-70.13685,-20.24799]]}},{"type":"Feature","properties":{"nombre":"Avenida Santiago Polanco","jerarquia":5},"geometry":{"type":"LineString","coordinates":[[-70.13822,-20.24862],[-70.13817,-20.24859]]}},{"type":"Feature","properties":{"nombre":"Tadeo Haenke","jerarquia":4},"geometry":{"type":"LineString","coordinates":[[-70.13356,-20.24135],[-70.13402,-20.24142]]}},{"type":"Feature","properties":{"nombre":"Avenida Salvador Allende Gossens","jerarquia":4},"geometry":{"type":"LineString","coordinates":[[-70.13409,-20.24163],[-70.1341,-20.24158]]}},{"type":"Feature","properties":{"nombre":"Avenida Salvador Allende Gossens","jerarquia":4},"geometry":{"type":"LineString","coordinates":[[-70.1341,-20.24158],[-70.13411,-20.24152]]}},{"type":"Feature","properties":{"nombre":"Tadeo Haenke","jerarquia":4},"geometry":{"type":"LineString","coordinates":[[-70.13433,-20.24139],[-70.13454,-20.24134]]}},{"type":"Feature","properties":{"nombre":"Tadeo Haenke","jerarquia":4},"geometry":{"type":"LineString","coordinates":[[-70.13467,-20.24137],[-70.13431,-20.24148]]}},{"type":"Feature","properties":{"nombre":"Tadeo Haenke","jerarquia":4},"geometry":{"type":"LineString","coordinates":[[-70.13431,-20.24148],[-70.1343,-20.24149]]}},{"type":"Feature","properties":{"nombre":"Tadeo Haenke","jerarquia":4},"geometry":{"type":"LineString","coordinates":[[-70.13411,-20.24152],[-70.134,-20.24152]]}},{"type":"Feature","properties":{"nombre":"Avenida Salvador Allende Gossens","jerarquia":4},"geometry":{"type":"LineString","coordinates":[[-70.13411,-20.24152],[-70.13413,-20.24142]]}},{"type":"Feature","properties":{"nombre":"Avenida Salvador Allende Gossens","jerarquia":4},"geometry":{"type":"LineString","coordinates":[[-70.13424,-20.24141],[-70.13422,-20.24151]]}},{"type":"Feature","properties":{"nombre":"Tadeo Haenke","jerarquia":4},"geometry":{"type":"LineString","coordinates":[[-70.13388,-20.2415],[-70.13307,-20.24132]]}},{"type":"Feature","properties":{"nombre":"Tadeo Haenke","jerarquia":4},"geometry":{"type":"LineString","coordinates":[[-70.13307,-20.24132],[-70.13269,-20.2411],[-70.13186,-20.24038]]}},{"type":"Feature","properties":{"nombre":"Tadeo Haenke","jerarquia":4},"geometry":{"type":"LineString","coordinates":[[-70.13186,-20.24038],[-70.13172,-20.24026]]}},{"type":"Feature","properties":{"nombre":"Tadeo Haenke","jerarquia":4},"geometry":{"type":"LineString","coordinates":[[-70.13422,-20.24151],[-70.13411,-20.24152]]}},{"type":"Feature","properties":{"nombre":"Avenida Salvador Allende Gossens","jerarquia":4},"geometry":{"type":"LineString","coordinates":[[-70.13338,-20.24482],[-70.13402,-20.24196]]}},{"type":"Feature","properties":{"nombre":"Avenida Salvador Allende Gossens","jerarquia":4},"geometry":{"type":"LineString","coordinates":[[-70.13402,-20.24196],[-70.13405,-20.2418]]}},{"type":"Feature","properties":{"nombre":"Tadeo Haenke","jerarquia":4},"geometry":{"type":"LineString","coordinates":[[-70.13413,-20.24142],[-70.13424,-20.24141]]}},{"type":"Feature","properties":{"nombre":"Tadeo Haenke","jerarquia":4},"geometry":{"type":"LineString","coordinates":[[-70.13173,-20.24015],[-70.13224,-20.2406]]}},{"type":"Feature","properties":{"nombre":"Tadeo Haenke","jerarquia":4},"geometry":{"type":"LineString","coordinates":[[-70.13224,-20.2406],[-70.13277,-20.24106],[-70.13309,-20.24123]]}},{"type":"Feature","properties":{"nombre":"Tadeo Haenke","jerarquia":4},"geometry":{"type":"LineString","coordinates":[[-70.13309,-20.24123],[-70.13356,-20.24135]]}},{"type":"Feature","properties":{"nombre":"Avenida Salvador Allende Gossens","jerarquia":4},"geometry":{"type":"LineString","coordinates":[[-70.13448,-20.24039],[-70.13447,-20.24044]]}},{"type":"Feature","properties":{"nombre":"Avenida Salvador Allende Gossens","jerarquia":4},"geometry":{"type":"LineString","coordinates":[[-70.13447,-20.24044],[-70.13432,-20.24109]]}},{"type":"Feature","properties":{"nombre":"Avenida Salvador Allende Gossens","jerarquia":4},"geometry":{"type":"LineString","coordinates":[[-70.13432,-20.24109],[-70.13426,-20.24131]]}},{"type":"Feature","properties":{"nombre":"Avenida Salvador Allende Gossens","jerarquia":4},"geometry":{"type":"LineString","coordinates":[[-70.13426,-20.24131],[-70.13426,-20.24132]]}},{"type":"Feature","properties":{"nombre":"Avenida Salvador Allende Gossens","jerarquia":4},"geometry":{"type":"LineString","coordinates":[[-70.13422,-20.24151],[-70.13419,-20.24164]]}},{"type":"Feature","properties":{"nombre":"Avenida Salvador Allende Gossens","jerarquia":4},"geometry":{"type":"LineString","coordinates":[[-70.13414,-20.24183],[-70.1341,-20.24201]]}},{"type":"Feature","properties":{"nombre":"Avenida Salvador Allende Gossens","jerarquia":4},"geometry":{"type":"LineString","coordinates":[[-70.1341,-20.24201],[-70.13379,-20.24339]]}},{"type":"Feature","properties":{"nombre":"Avenida Salvador Allende Gossens","jerarquia":4},"geometry":{"type":"LineString","coordinates":[[-70.13379,-20.24339],[-70.13369,-20.24382]]}},{"type":"Feature","properties":{"nombre":"Avenida Salvador Allende Gossens","jerarquia":4},"geometry":{"type":"LineString","coordinates":[[-70.13369,-20.24382],[-70.13346,-20.24484]]}},{"type":"Feature","properties":{"nombre":"Avenida La Tirana","jerarquia":2},"geometry":{"type":"LineString","coordinates":[[-70.12794,-20.24899],[-70.12758,-20.2499]]}},{"type":"Feature","properties":{"nombre":"Avenida La Tirana","jerarquia":2},"geometry":{"type":"LineString","coordinates":[[-70.12786,-20.24896],[-70.1281,-20.24831]]}},{"type":"Feature","properties":{"nombre":"Avenida La Tirana","jerarquia":2},"geometry":{"type":"LineString","coordinates":[[-70.12834,-20.24649],[-70.1282,-20.24824],[-70.12794,-20.24899]]}},{"type":"Feature","properties":{"nombre":"Avenida La Tirana","jerarquia":2},"geometry":{"type":"LineString","coordinates":[[-70.12672,-20.25191],[-70.12717,-20.25073]]}},{"type":"Feature","properties":{"nombre":"Avenida La Tirana","jerarquia":2},"geometry":{"type":"LineString","coordinates":[[-70.12717,-20.25073],[-70.1275,-20.24987]]}},{"type":"Feature","properties":{"nombre":"Avenida La Tirana","jerarquia":2},"geometry":{"type":"LineString","coordinates":[[-70.1275,-20.24987],[-70.12786,-20.24896]]}},{"type":"Feature","properties":{"nombre":"Avenida La Tirana","jerarquia":2},"geometry":{"type":"LineString","coordinates":[[-70.12668,-20.25202],[-70.1267,-20.25195]]}},{"type":"Feature","properties":{"nombre":"Avenida La Tirana","jerarquia":2},"geometry":{"type":"LineString","coordinates":[[-70.12678,-20.25199],[-70.12675,-20.25206]]}},{"type":"Feature","properties":{"nombre":"Avenida La Tirana","jerarquia":2},"geometry":{"type":"LineString","coordinates":[[-70.12758,-20.2499],[-70.12724,-20.25076]]}},{"type":"Feature","properties":{"nombre":"Avenida La Tirana","jerarquia":2},"geometry":{"type":"LineString","coordinates":[[-70.12724,-20.25076],[-70.1271,-20.25115]]}},{"type":"Feature","properties":{"nombre":"Avenida La Tirana","jerarquia":2},"geometry":{"type":"LineString","coordinates":[[-70.1271,-20.25115],[-70.12681,-20.25192]]}},{"type":"Feature","properties":{"nombre":"Avenida La Tirana","jerarquia":2},"geometry":{"type":"LineString","coordinates":[[-70.12681,-20.25192],[-70.1268,-20.25195]]}},{"type":"Feature","properties":{"nombre":"Avenida Ramón Pérez Opazo","jerarquia":4},"geometry":{"type":"LineString","coordinates":[[-70.1267,-20.25195],[-70.12678,-20.25199]]}},{"type":"Feature","properties":{"nombre":"Avenida Ramón Pérez Opazo","jerarquia":4},"geometry":{"type":"LineString","coordinates":[[-70.12675,-20.25206],[-70.12668,-20.25202]]}},{"type":"Feature","properties":{"nombre":"Avenida Ramón Pérez Opazo","jerarquia":4},"geometry":{"type":"LineString","coordinates":[[-70.12961,-20.25349],[-70.12899,-20.25318]]}},{"type":"Feature","properties":{"nombre":"Avenida Ramón Pérez Opazo","jerarquia":4},"geometry":{"type":"LineString","coordinates":[[-70.12899,-20.25318],[-70.1284,-20.25289]]}},{"type":"Feature","properties":{"nombre":"Avenida Ramón Pérez Opazo","jerarquia":4},"geometry":{"type":"LineString","coordinates":[[-70.1284,-20.25289],[-70.12822,-20.2528]]}},{"type":"Feature","properties":{"nombre":"Avenida Ramón Pérez Opazo","jerarquia":4},"geometry":{"type":"LineString","coordinates":[[-70.12822,-20.2528],[-70.12789,-20.25264]]}},{"type":"Feature","properties":{"nombre":"Avenida Ramón Pérez Opazo","jerarquia":4},"geometry":{"type":"LineString","coordinates":[[-70.12789,-20.25264],[-70.12776,-20.25257]]}},{"type":"Feature","properties":{"nombre":"Avenida Ramón Pérez Opazo","jerarquia":4},"geometry":{"type":"LineString","coordinates":[[-70.12776,-20.25257],[-70.12753,-20.25245]]}},{"type":"Feature","properties":{"nombre":"Avenida Ramón Pérez Opazo","jerarquia":4},"geometry":{"type":"LineString","coordinates":[[-70.12753,-20.25245],[-70.12683,-20.2521]]}},{"type":"Feature","properties":{"nombre":"Avenida Ramón Pérez Opazo","jerarquia":4},"geometry":{"type":"LineString","coordinates":[[-70.12683,-20.2521],[-70.12681,-20.25209]]}},{"type":"Feature","properties":{"nombre":"Avenida Ramón Pérez Opazo","jerarquia":4},"geometry":{"type":"LineString","coordinates":[[-70.12845,-20.25282],[-70.1289,-20.25305]]}},{"type":"Feature","properties":{"nombre":"Avenida Ramón Pérez Opazo","jerarquia":4},"geometry":{"type":"LineString","coordinates":[[-70.1289,-20.25305],[-70.12963,-20.25341]]}},{"type":"Feature","properties":{"nombre":"Avenida Cerro Dragón","jerarquia":5},"geometry":{"type":"LineString","coordinates":[[-70.1284,-20.25289],[-70.12845,-20.25282]]}},{"type":"Feature","properties":{"nombre":"Tadeo Haenke","jerarquia":4},"geometry":{"type":"LineString","coordinates":[[-70.13757,-20.24039],[-70.13748,-20.24043]]}},{"type":"Feature","properties":{"nombre":"Tadeo Haenke","jerarquia":4},"geometry":{"type":"LineString","coordinates":[[-70.1374,-20.24036],[-70.13745,-20.24035]]}},{"type":"Feature","properties":{"nombre":"Tadeo Haenke","jerarquia":4},"geometry":{"type":"LineString","coordinates":[[-70.13748,-20.24043],[-70.13743,-20.24044]]}},{"type":"Feature","properties":{"nombre":"Tadeo Haenke","jerarquia":4},"geometry":{"type":"LineString","coordinates":[[-70.13614,-20.24088],[-70.13606,-20.24091]]}},{"type":"Feature","properties":{"nombre":"Avenida Salvador Allende Gossens","jerarquia":4},"geometry":{"type":"LineString","coordinates":[[-70.13337,-20.24487],[-70.13338,-20.24482]]}},{"type":"Feature","properties":{"nombre":"Avenida Salvador Allende Gossens","jerarquia":4},"geometry":{"type":"LineString","coordinates":[[-70.13346,-20.24484],[-70.13345,-20.24489]]}},{"type":"Feature","properties":{"nombre":"Avenida Salvador Allende Gossens","jerarquia":4},"geometry":{"type":"LineString","coordinates":[[-70.13344,-20.24495],[-70.13323,-20.24588]]}},{"type":"Feature","properties":{"nombre":"Avenida Salvador Allende Gossens","jerarquia":4},"geometry":{"type":"LineString","coordinates":[[-70.13335,-20.24493],[-70.13337,-20.24487]]}},{"type":"Feature","properties":{"nombre":"Avenida Salvador Allende Gossens","jerarquia":4},"geometry":{"type":"LineString","coordinates":[[-70.13323,-20.24588],[-70.13312,-20.24637]]}},{"type":"Feature","properties":{"nombre":"Manuel Castro Ramos","jerarquia":5},"geometry":{"type":"LineString","coordinates":[[-70.13337,-20.24487],[-70.13345,-20.24489]]}},{"type":"Feature","properties":{"nombre":"Avenida Salvador Allende Gossens","jerarquia":4},"geometry":{"type":"LineString","coordinates":[[-70.13345,-20.24489],[-70.13344,-20.24495]]}},{"type":"Feature","properties":{"nombre":"Avenida Salvador Allende Gossens","jerarquia":4},"geometry":{"type":"LineString","coordinates":[[-70.13295,-20.24678],[-70.13335,-20.24493]]}},{"type":"Feature","properties":{"nombre":"","jerarquia":4},"geometry":{"type":"LineString","coordinates":[[-70.13693,-20.24061],[-70.1369,-20.24054]]}},{"type":"Feature","properties":{"nombre":"Tadeo Haenke","jerarquia":4},"geometry":{"type":"LineString","coordinates":[[-70.13603,-20.24083],[-70.13632,-20.24073]]}},{"type":"Feature","properties":{"nombre":"Tadeo Haenke","jerarquia":4},"geometry":{"type":"LineString","coordinates":[[-70.13632,-20.24073],[-70.1369,-20.24054]]}},{"type":"Feature","properties":{"nombre":"Tadeo Haenke","jerarquia":4},"geometry":{"type":"LineString","coordinates":[[-70.1369,-20.24054],[-70.13738,-20.24037]]}},{"type":"Feature","properties":{"nombre":"Tadeo Haenke","jerarquia":4},"geometry":{"type":"LineString","coordinates":[[-70.13738,-20.24037],[-70.1374,-20.24036]]}},{"type":"Feature","properties":{"nombre":"Pedro Gamboni","jerarquia":5},"geometry":{"type":"LineString","coordinates":[[-70.13748,-20.24043],[-70.13745,-20.24035]]}},{"type":"Feature","properties":{"nombre":"Tadeo Haenke","jerarquia":4},"geometry":{"type":"LineString","coordinates":[[-70.13743,-20.24044],[-70.13693,-20.24061]]}},{"type":"Feature","properties":{"nombre":"Tadeo Haenke","jerarquia":4},"geometry":{"type":"LineString","coordinates":[[-70.13693,-20.24061],[-70.13614,-20.24088]]}},{"type":"Feature","properties":{"nombre":"Tadeo Haenke","jerarquia":4},"geometry":{"type":"LineString","coordinates":[[-70.13606,-20.24091],[-70.13558,-20.24107]]}},{"type":"Feature","properties":{"nombre":"Tadeo Haenke","jerarquia":4},"geometry":{"type":"LineString","coordinates":[[-70.13454,-20.24134],[-70.13515,-20.24114]]}},{"type":"Feature","properties":{"nombre":"Tadeo Haenke","jerarquia":4},"geometry":{"type":"LineString","coordinates":[[-70.13515,-20.24114],[-70.13603,-20.24083]]}},{"type":"Feature","properties":{"nombre":"Tadeo Haenke","jerarquia":4},"geometry":{"type":"LineString","coordinates":[[-70.13558,-20.24107],[-70.13494,-20.24128]]}},{"type":"Feature","properties":{"nombre":"Tadeo Haenke","jerarquia":4},"geometry":{"type":"LineString","coordinates":[[-70.13494,-20.24128],[-70.13467,-20.24137]]}},{"type":"Feature","properties":{"nombre":"Avenida Francisco Bilbao","jerarquia":4},"geometry":{"type":"LineString","coordinates":[[-70.12571,-20.26881],[-70.12569,-20.26822],[-70.12576,-20.26773]]}},{"type":"Feature","properties":{"nombre":"Avenida La Tirana","jerarquia":2},"geometry":{"type":"LineString","coordinates":[[-70.12547,-20.26823],[-70.1256,-20.26856]]}},{"type":"Feature","properties":{"nombre":"Avenida La Tirana","jerarquia":2},"geometry":{"type":"LineString","coordinates":[[-70.1256,-20.26856],[-70.12571,-20.26881]]}},{"type":"Feature","properties":{"nombre":"Avenida Francisco Bilbao","jerarquia":4},"geometry":{"type":"LineString","coordinates":[[-70.12577,-20.26948],[-70.12573,-20.2691]]}},{"type":"Feature","properties":{"nombre":"Avenida Francisco Bilbao","jerarquia":4},"geometry":{"type":"LineString","coordinates":[[-70.12573,-20.2691],[-70.12571,-20.26881]]}},{"type":"Feature","properties":{"nombre":"Avenida La Tirana","jerarquia":2},"geometry":{"type":"LineString","coordinates":[[-70.12571,-20.26881],[-70.12586,-20.26918]]}},{"type":"Feature","properties":{"nombre":"Avenida La Tirana","jerarquia":2},"geometry":{"type":"LineString","coordinates":[[-70.12459,-20.26449],[-70.12462,-20.26459]]}},{"type":"Feature","properties":{"nombre":"Avenida La Tirana","jerarquia":2},"geometry":{"type":"LineString","coordinates":[[-70.12449,-20.26451],[-70.12447,-20.26444]]}},{"type":"Feature","properties":{"nombre":"Avenida La Tirana","jerarquia":2},"geometry":{"type":"LineString","coordinates":[[-70.12577,-20.26948],[-70.12547,-20.269]]}},{"type":"Feature","properties":{"nombre":"Avenida La Tirana","jerarquia":2},"geometry":{"type":"LineString","coordinates":[[-70.12547,-20.269],[-70.12535,-20.26849]]}},{"type":"Feature","properties":{"nombre":"Avenida La Tirana","jerarquia":2},"geometry":{"type":"LineString","coordinates":[[-70.12535,-20.26849],[-70.12529,-20.26818]]}},{"type":"Feature","properties":{"nombre":"Avenida La Tirana","jerarquia":2},"geometry":{"type":"LineString","coordinates":[[-70.12529,-20.26818],[-70.12499,-20.26681]]}},{"type":"Feature","properties":{"nombre":"Avenida La Tirana","jerarquia":2},"geometry":{"type":"LineString","coordinates":[[-70.12499,-20.26681],[-70.12449,-20.26451]]}},{"type":"Feature","properties":{"nombre":"Avenida La Tirana","jerarquia":2},"geometry":{"type":"LineString","coordinates":[[-70.12462,-20.26459],[-70.12509,-20.26679]]}},{"type":"Feature","properties":{"nombre":"Avenida La Tirana","jerarquia":2},"geometry":{"type":"LineString","coordinates":[[-70.12509,-20.26679],[-70.12544,-20.26816]]}},{"type":"Feature","properties":{"nombre":"Avenida La Tirana","jerarquia":2},"geometry":{"type":"LineString","coordinates":[[-70.12544,-20.26816],[-70.12547,-20.26823]]}},{"type":"Feature","properties":{"nombre":"Presidente Manuel Balmaceda","jerarquia":5},"geometry":{"type":"LineString","coordinates":[[-70.12459,-20.26449],[-70.12449,-20.26451]]}},{"type":"Feature","properties":{"nombre":"Presidente Manuel Balmaceda","jerarquia":5},"geometry":{"type":"LineString","coordinates":[[-70.12556,-20.26467],[-70.12526,-20.26455]]}},{"type":"Feature","properties":{"nombre":"Presidente Manuel Balmaceda","jerarquia":5},"geometry":{"type":"LineString","coordinates":[[-70.12526,-20.26455],[-70.12489,-20.26446],[-70.12459,-20.26449]]}},{"type":"Feature","properties":{"nombre":"","jerarquia":2},"geometry":{"type":"LineString","coordinates":[[-70.12547,-20.26823],[-70.12548,-20.26841]]}},{"type":"Feature","properties":{"nombre":"","jerarquia":2},"geometry":{"type":"LineString","coordinates":[[-70.12529,-20.26818],[-70.12538,-20.26814]]}},{"type":"Feature","properties":{"nombre":"","jerarquia":2},"geometry":{"type":"LineString","coordinates":[[-70.12538,-20.26814],[-70.12544,-20.26816]]}},{"type":"Feature","properties":{"nombre":"Quebrada Blanca","jerarquia":5},"geometry":{"type":"LineString","coordinates":[[-70.12535,-20.26849],[-70.12515,-20.26843],[-70.12491,-20.26847]]}},{"type":"Feature","properties":{"nombre":"Quebrada Blanca","jerarquia":5},"geometry":{"type":"LineString","coordinates":[[-70.12491,-20.26847],[-70.12424,-20.26862]]}},{"type":"Feature","properties":{"nombre":"Quebrada Blanca","jerarquia":5},"geometry":{"type":"LineString","coordinates":[[-70.12424,-20.26862],[-70.12419,-20.26863]]}},{"type":"Feature","properties":{"nombre":"Quebrada Blanca","jerarquia":5},"geometry":{"type":"LineString","coordinates":[[-70.12419,-20.26863],[-70.12389,-20.26869]]}},{"type":"Feature","properties":{"nombre":"Quebrada Blanca","jerarquia":5},"geometry":{"type":"LineString","coordinates":[[-70.12389,-20.26869],[-70.12351,-20.26877]]}},{"type":"Feature","properties":{"nombre":"Avenida Padre Hurtado","jerarquia":5},"geometry":{"type":"LineString","coordinates":[[-70.12774,-20.26097],[-70.12834,-20.26127]]}},{"type":"Feature","properties":{"nombre":"Avenida Padre Hurtado","jerarquia":5},"geometry":{"type":"LineString","coordinates":[[-70.12834,-20.26127],[-70.12895,-20.26158]]}},{"type":"Feature","properties":{"nombre":"Avenida Padre Hurtado","jerarquia":5},"geometry":{"type":"LineString","coordinates":[[-70.12895,-20.26158],[-70.12898,-20.26159]]}},{"type":"Feature","properties":{"nombre":"Avenida Padre Hurtado","jerarquia":5},"geometry":{"type":"LineString","coordinates":[[-70.12894,-20.26166],[-70.12862,-20.2615]]}},{"type":"Feature","properties":{"nombre":"Avenida Padre Hurtado","jerarquia":5},"geometry":{"type":"LineString","coordinates":[[-70.12862,-20.2615],[-70.1283,-20.26135]]}},{"type":"Feature","properties":{"nombre":"Avenida Padre Hurtado","jerarquia":5},"geometry":{"type":"LineString","coordinates":[[-70.1283,-20.26135],[-70.12807,-20.26123]]}},{"type":"Feature","properties":{"nombre":"Avenida Padre Hurtado","jerarquia":5},"geometry":{"type":"LineString","coordinates":[[-70.12807,-20.26123],[-70.1277,-20.26105]]}},{"type":"Feature","properties":{"nombre":"Avenida Padre Hurtado","jerarquia":5},"geometry":{"type":"LineString","coordinates":[[-70.12702,-20.26029],[-70.12712,-20.26034],[-70.12757,-20.26083]]}},{"type":"Feature","properties":{"nombre":"Avenida Padre Hurtado","jerarquia":5},"geometry":{"type":"LineString","coordinates":[[-70.12752,-20.2609],[-70.12699,-20.26037]]}},{"type":"Feature","properties":{"nombre":"Avenida Francisco Bilbao","jerarquia":4},"geometry":{"type":"LineString","coordinates":[[-70.13334,-20.25671],[-70.13293,-20.2571]]}},{"type":"Feature","properties":{"nombre":"Avenida Francisco Bilbao","jerarquia":4},"geometry":{"type":"LineString","coordinates":[[-70.13393,-20.25609],[-70.13334,-20.25671]]}},{"type":"Feature","properties":{"nombre":"","jerarquia":3},"geometry":{"type":"LineString","coordinates":[[-70.13416,-20.25619],[-70.13393,-20.25609]]}},{"type":"Feature","properties":{"nombre":"Avenida Santiago Polanco","jerarquia":5},"geometry":{"type":"LineString","coordinates":[[-70.13827,-20.24854],[-70.13837,-20.24859]]}},{"type":"Feature","properties":{"nombre":"Avenida Santiago Polanco","jerarquia":5},"geometry":{"type":"LineString","coordinates":[[-70.13833,-20.24867],[-70.13822,-20.24862]]}},{"type":"Feature","properties":{"nombre":"Avenida Arturo Prat Chacón","jerarquia":3},"geometry":{"type":"LineString","coordinates":[[-70.13822,-20.24862],[-70.13827,-20.24854]]}},{"type":"Feature","properties":{"nombre":"Avenida Arturo Prat Chacón","jerarquia":3},"geometry":{"type":"LineString","coordinates":[[-70.13415,-20.25552],[-70.13441,-20.2552]]}},{"type":"Feature","properties":{"nombre":"Avenida Arturo Prat Chacón","jerarquia":3},"geometry":{"type":"LineString","coordinates":[[-70.13441,-20.2552],[-70.13581,-20.25283]]}},{"type":"Feature","properties":{"nombre":"Avenida Arturo Prat Chacón","jerarquia":3},"geometry":{"type":"LineString","coordinates":[[-70.13837,-20.24859],[-70.13833,-20.24867]]}},{"type":"Feature","properties":{"nombre":"Avenida Arturo Prat Chacón","jerarquia":3},"geometry":{"type":"LineString","coordinates":[[-70.13894,-20.24763],[-70.13837,-20.24859]]}},{"type":"Feature","properties":{"nombre":"Avenida Arturo Prat Chacón","jerarquia":3},"geometry":{"type":"LineString","coordinates":[[-70.13707,-20.25089],[-70.13492,-20.25462]]}},{"type":"Feature","properties":{"nombre":"Avenida Arturo Prat Chacón","jerarquia":3},"geometry":{"type":"LineString","coordinates":[[-70.13492,-20.25462],[-70.13442,-20.25548]]}},{"type":"Feature","properties":{"nombre":"Avenida Arturo Prat Chacón","jerarquia":3},"geometry":{"type":"LineString","coordinates":[[-70.13442,-20.25548],[-70.13444,-20.25562]]}},{"type":"Feature","properties":{"nombre":"Tadeo Haenke","jerarquia":4},"geometry":{"type":"LineString","coordinates":[[-70.13973,-20.23959],[-70.14023,-20.23943]]}},{"type":"Feature","properties":{"nombre":"Tadeo Haenke","jerarquia":4},"geometry":{"type":"LineString","coordinates":[[-70.14023,-20.23943],[-70.1403,-20.2394]]}},{"type":"Feature","properties":{"nombre":"Tadeo Haenke","jerarquia":4},"geometry":{"type":"LineString","coordinates":[[-70.14144,-20.23911],[-70.14045,-20.23943]]}},{"type":"Feature","properties":{"nombre":"Tadeo Haenke","jerarquia":4},"geometry":{"type":"LineString","coordinates":[[-70.14045,-20.23943],[-70.14033,-20.23947]]}},{"type":"Feature","properties":{"nombre":"Tadeo Haenke","jerarquia":4},"geometry":{"type":"LineString","coordinates":[[-70.13745,-20.24035],[-70.13806,-20.24014]]}},{"type":"Feature","properties":{"nombre":"Tadeo Haenke","jerarquia":4},"geometry":{"type":"LineString","coordinates":[[-70.13806,-20.24014],[-70.13865,-20.23994]]}},{"type":"Feature","properties":{"nombre":"Tadeo Haenke","jerarquia":4},"geometry":{"type":"LineString","coordinates":[[-70.13865,-20.23994],[-70.13885,-20.23988]]}},{"type":"Feature","properties":{"nombre":"Tadeo Haenke","jerarquia":4},"geometry":{"type":"LineString","coordinates":[[-70.13885,-20.23988],[-70.13921,-20.23976]]}},{"type":"Feature","properties":{"nombre":"Tadeo Haenke","jerarquia":4},"geometry":{"type":"LineString","coordinates":[[-70.13921,-20.23976],[-70.13973,-20.23959]]}},{"type":"Feature","properties":{"nombre":"Tadeo Haenke","jerarquia":4},"geometry":{"type":"LineString","coordinates":[[-70.14033,-20.23947],[-70.13923,-20.23983]]}},{"type":"Feature","properties":{"nombre":"Tadeo Haenke","jerarquia":4},"geometry":{"type":"LineString","coordinates":[[-70.13923,-20.23983],[-70.13868,-20.24002]]}},{"type":"Feature","properties":{"nombre":"Tadeo Haenke","jerarquia":4},"geometry":{"type":"LineString","coordinates":[[-70.13868,-20.24002],[-70.1376,-20.24038]]}},{"type":"Feature","properties":{"nombre":"Tadeo Haenke","jerarquia":4},"geometry":{"type":"LineString","coordinates":[[-70.1376,-20.24038],[-70.13757,-20.24039]]}},{"type":"Feature","properties":{"nombre":"Genaro Gallo","jerarquia":5},"geometry":{"type":"LineString","coordinates":[[-70.14033,-20.23947],[-70.14035,-20.23954]]}},{"type":"Feature","properties":{"nombre":"Genaro Gallo","jerarquia":5},"geometry":{"type":"LineString","coordinates":[[-70.14035,-20.23954],[-70.14053,-20.24]]}},{"type":"Feature","properties":{"nombre":"Genaro Gallo","jerarquia":5},"geometry":{"type":"LineString","coordinates":[[-70.14053,-20.24],[-70.14081,-20.24076]]}},{"type":"Feature","properties":{"nombre":"Genaro Gallo","jerarquia":5},"geometry":{"type":"LineString","coordinates":[[-70.14081,-20.24076],[-70.14102,-20.24129]]}},{"type":"Feature","properties":{"nombre":"Genaro Gallo","jerarquia":5},"geometry":{"type":"LineString","coordinates":[[-70.14102,-20.24129],[-70.14135,-20.24219]]}},{"type":"Feature","properties":{"nombre":"Genaro Gallo","jerarquia":5},"geometry":{"type":"LineString","coordinates":[[-70.14135,-20.24219],[-70.14139,-20.24228]]}},{"type":"Feature","properties":{"nombre":"Genaro Gallo","jerarquia":5},"geometry":{"type":"LineString","coordinates":[[-70.1403,-20.2394],[-70.14033,-20.23947]]}},{"type":"Feature","properties":{"nombre":"Avenida Circunvalación","jerarquia":3},"geometry":{"type":"LineString","coordinates":[[-70.13173,-20.2206],[-70.13175,-20.22046]]}},{"type":"Feature","properties":{"nombre":"Avenida Circunvalación","jerarquia":3},"geometry":{"type":"LineString","coordinates":[[-70.1317,-20.22077],[-70.13173,-20.2206]]}},{"type":"Feature","properties":{"nombre":"","jerarquia":1},"geometry":{"type":"LineString","coordinates":[[-70.13207,-20.22184],[-70.13205,-20.2215]]}},{"type":"Feature","properties":{"nombre":"","jerarquia":1},"geometry":{"type":"LineString","coordinates":[[-70.1318,-20.22135],[-70.13169,-20.22142]]}},{"type":"Feature","properties":{"nombre":"","jerarquia":1},"geometry":{"type":"LineString","coordinates":[[-70.13169,-20.22142],[-70.13158,-20.2216]]}},{"type":"Feature","properties":{"nombre":"Avenida La Tirana","jerarquia":2},"geometry":{"type":"LineString","coordinates":[[-70.13212,-20.22162],[-70.13216,-20.22145]]}},{"type":"Feature","properties":{"nombre":"Avenida La Tirana","jerarquia":2},"geometry":{"type":"LineString","coordinates":[[-70.13207,-20.22184],[-70.13212,-20.22162]]}},{"type":"Feature","properties":{"nombre":"","jerarquia":2},"geometry":{"type":"LineString","coordinates":[[-70.13257,-20.2202],[-70.13241,-20.22066]]}},{"type":"Feature","properties":{"nombre":"Avenida La Tirana","jerarquia":2},"geometry":{"type":"LineString","coordinates":[[-70.13237,-20.22102],[-70.13236,-20.2211]]}},{"type":"Feature","properties":{"nombre":"Ruta 16","jerarquia":1},"geometry":{"type":"LineString","coordinates":[[-70.13154,-20.22134],[-70.1317,-20.22098]]}},{"type":"Feature","properties":{"nombre":"Ruta 16","jerarquia":1},"geometry":{"type":"LineString","coordinates":[[-70.13158,-20.2216],[-70.13125,-20.22305],[-70.13096,-20.22369]]}},{"type":"Feature","properties":{"nombre":"Avenida La Tirana","jerarquia":2},"geometry":{"type":"LineString","coordinates":[[-70.13216,-20.22145],[-70.13212,-20.22126]]}},{"type":"Feature","properties":{"nombre":"Avenida La Tirana","jerarquia":2},"geometry":{"type":"LineString","coordinates":[[-70.13212,-20.22126],[-70.13203,-20.22119]]}},{"type":"Feature","properties":{"nombre":"Libertador Bernardo O'Higgins","jerarquia":3},"geometry":{"type":"LineString","coordinates":[[-70.13226,-20.22044],[-70.13247,-20.2203]]}},{"type":"Feature","properties":{"nombre":"Avenida La Tirana","jerarquia":2},"geometry":{"type":"LineString","coordinates":[[-70.13234,-20.22087],[-70.13237,-20.22102]]}},{"type":"Feature","properties":{"nombre":"Rotonda El Pampino","jerarquia":2},"geometry":{"type":"LineString","coordinates":[[-70.13191,-20.22117],[-70.13178,-20.2211],[-70.1317,-20.22098]]}},{"type":"Feature","properties":{"nombre":"Rotonda El Pampino","jerarquia":2},"geometry":{"type":"LineString","coordinates":[[-70.13203,-20.22119],[-70.13191,-20.22117]]}},{"type":"Feature","properties":{"nombre":"Rotonda El Pampino","jerarquia":2},"geometry":{"type":"LineString","coordinates":[[-70.13229,-20.22072],[-70.13234,-20.22087]]}},{"type":"Feature","properties":{"nombre":"Rotonda El Pampino","jerarquia":2},"geometry":{"type":"LineString","coordinates":[[-70.1317,-20.22077],[-70.13184,-20.22061],[-70.13201,-20.22057]]}},{"type":"Feature","properties":{"nombre":"Rotonda El Pampino","jerarquia":2},"geometry":{"type":"LineString","coordinates":[[-70.1317,-20.22098],[-70.1317,-20.22077]]}},{"type":"Feature","properties":{"nombre":"Aníbal Pinto","jerarquia":5},"geometry":{"type":"LineString","coordinates":[[-70.15289,-20.2173],[-70.15292,-20.2183]]}},{"type":"Feature","properties":{"nombre":"Aníbal Pinto","jerarquia":5},"geometry":{"type":"LineString","coordinates":[[-70.15292,-20.2183],[-70.15295,-20.2192]]}},{"type":"Feature","properties":{"nombre":"Aníbal Pinto","jerarquia":5},"geometry":{"type":"LineString","coordinates":[[-70.15295,-20.2192],[-70.15298,-20.22029]]}},{"type":"Feature","properties":{"nombre":"Aníbal Pinto","jerarquia":5},"geometry":{"type":"LineString","coordinates":[[-70.15298,-20.22029],[-70.15303,-20.22123]]}},{"type":"Feature","properties":{"nombre":"Libertador Bernardo O'Higgins","jerarquia":3},"geometry":{"type":"LineString","coordinates":[[-70.13247,-20.2203],[-70.13257,-20.2202]]}},{"type":"Feature","properties":{"nombre":"Libertador Bernardo O'Higgins","jerarquia":3},"geometry":{"type":"LineString","coordinates":[[-70.13257,-20.2202],[-70.13308,-20.2198],[-70.13373,-20.2195]]}},{"type":"Feature","properties":{"nombre":"Libertador Bernardo O'Higgins","jerarquia":3},"geometry":{"type":"LineString","coordinates":[[-70.13206,-20.22057],[-70.13226,-20.22044]]}},{"type":"Feature","properties":{"nombre":"Libertador Bernardo O'Higgins","jerarquia":3},"geometry":{"type":"LineString","coordinates":[[-70.13471,-20.21932],[-70.13483,-20.21931]]}},{"type":"Feature","properties":{"nombre":"Libertador Bernardo O'Higgins","jerarquia":3},"geometry":{"type":"LineString","coordinates":[[-70.13247,-20.2203],[-70.13231,-20.2206]]}},{"type":"Feature","properties":{"nombre":"Libertador Bernardo O'Higgins","jerarquia":3},"geometry":{"type":"LineString","coordinates":[[-70.13231,-20.2206],[-70.13229,-20.22072]]}},{"type":"Feature","properties":{"nombre":"Libertador Bernardo O'Higgins","jerarquia":3},"geometry":{"type":"LineString","coordinates":[[-70.13373,-20.2195],[-70.13406,-20.21939],[-70.13461,-20.21933]]}},{"type":"Feature","properties":{"nombre":"Libertador Bernardo O'Higgins","jerarquia":3},"geometry":{"type":"LineString","coordinates":[[-70.13461,-20.21933],[-70.13471,-20.21932]]}},{"type":"Feature","properties":{"nombre":"Esmeralda","jerarquia":4},"geometry":{"type":"LineString","coordinates":[[-70.14125,-20.21189],[-70.14055,-20.21141]]}},{"type":"Feature","properties":{"nombre":"Esmeralda","jerarquia":4},"geometry":{"type":"LineString","coordinates":[[-70.15018,-20.21152],[-70.14915,-20.21156]]}},{"type":"Feature","properties":{"nombre":"Esmeralda","jerarquia":4},"geometry":{"type":"LineString","coordinates":[[-70.14915,-20.21156],[-70.14839,-20.21158]]}},{"type":"Feature","properties":{"nombre":"Esmeralda","jerarquia":4},"geometry":{"type":"LineString","coordinates":[[-70.14169,-20.21194],[-70.14146,-20.21194]]}},{"type":"Feature","properties":{"nombre":"Sotomayor","jerarquia":4},"geometry":{"type":"LineString","coordinates":[[-70.14045,-20.21114],[-70.14064,-20.21114]]}},{"type":"Feature","properties":{"nombre":"Sotomayor","jerarquia":4},"geometry":{"type":"LineString","coordinates":[[-70.13992,-20.21111],[-70.14045,-20.21114]]}},{"type":"Feature","properties":{"nombre":"Amunátegui","jerarquia":5},"geometry":{"type":"LineString","coordinates":[[-70.14575,-20.20983],[-70.14571,-20.20954]]}},{"type":"Feature","properties":{"nombre":"Amunátegui","jerarquia":5},"geometry":{"type":"LineString","coordinates":[[-70.1458,-20.21013],[-70.14575,-20.20983]]}},{"type":"Feature","properties":{"nombre":"Amunátegui","jerarquia":5},"geometry":{"type":"LineString","coordinates":[[-70.14647,-20.21604],[-70.14637,-20.21503]]}},{"type":"Feature","properties":{"nombre":"Amunátegui","jerarquia":5},"geometry":{"type":"LineString","coordinates":[[-70.14637,-20.21503],[-70.14629,-20.21423]]}},{"type":"Feature","properties":{"nombre":"Amunátegui","jerarquia":5},"geometry":{"type":"LineString","coordinates":[[-70.14629,-20.21423],[-70.14624,-20.21373]]}},{"type":"Feature","properties":{"nombre":"Sotomayor","jerarquia":4},"geometry":{"type":"LineString","coordinates":[[-70.15026,-20.21092],[-70.15035,-20.21094]]}},{"type":"Feature","properties":{"nombre":"Sotomayor","jerarquia":4},"geometry":{"type":"LineString","coordinates":[[-70.15018,-20.21089],[-70.15026,-20.21092]]}},{"type":"Feature","properties":{"nombre":"Sotomayor","jerarquia":4},"geometry":{"type":"LineString","coordinates":[[-70.1499,-20.21077],[-70.15018,-20.21089]]}},{"type":"Feature","properties":{"nombre":"Amunátegui","jerarquia":5},"geometry":{"type":"LineString","coordinates":[[-70.14673,-20.22062],[-70.14668,-20.21964]]}},{"type":"Feature","properties":{"nombre":"Amunátegui","jerarquia":5},"geometry":{"type":"LineString","coordinates":[[-70.14668,-20.21964],[-70.14668,-20.21956]]}},{"type":"Feature","properties":{"nombre":"Amunátegui","jerarquia":5},"geometry":{"type":"LineString","coordinates":[[-70.14668,-20.21956],[-70.14666,-20.21911]]}},{"type":"Feature","properties":{"nombre":"Amunátegui","jerarquia":5},"geometry":{"type":"LineString","coordinates":[[-70.14666,-20.21911],[-70.14664,-20.21866]]}},{"type":"Feature","properties":{"nombre":"Amunátegui","jerarquia":5},"geometry":{"type":"LineString","coordinates":[[-70.14664,-20.21866],[-70.14657,-20.21763]]}},{"type":"Feature","properties":{"nombre":"Amunátegui","jerarquia":5},"geometry":{"type":"LineString","coordinates":[[-70.14657,-20.21763],[-70.14655,-20.21685]]}},{"type":"Feature","properties":{"nombre":"Avenida Francisco Bilbao","jerarquia":4},"geometry":{"type":"LineString","coordinates":[[-70.12727,-20.26499],[-70.12707,-20.26535]]}},{"type":"Feature","properties":{"nombre":"Avenida Francisco Bilbao","jerarquia":4},"geometry":{"type":"LineString","coordinates":[[-70.12707,-20.26535],[-70.12702,-20.26543]]}},{"type":"Feature","properties":{"nombre":"Avenida Francisco Bilbao","jerarquia":4},"geometry":{"type":"LineString","coordinates":[[-70.12913,-20.26167],[-70.12909,-20.26173]]}},{"type":"Feature","properties":{"nombre":"Avenida Francisco Bilbao","jerarquia":4},"geometry":{"type":"LineString","coordinates":[[-70.12906,-20.26179],[-70.12843,-20.26292]]}},{"type":"Feature","properties":{"nombre":"Avenida Francisco Bilbao","jerarquia":4},"geometry":{"type":"LineString","coordinates":[[-70.12843,-20.26292],[-70.12824,-20.26325]]}},{"type":"Feature","properties":{"nombre":"Avenida Francisco Bilbao","jerarquia":4},"geometry":{"type":"LineString","coordinates":[[-70.12824,-20.26325],[-70.1276,-20.2644]]}},{"type":"Feature","properties":{"nombre":"Avenida Padre Hurtado","jerarquia":5},"geometry":{"type":"LineString","coordinates":[[-70.12904,-20.26162],[-70.12913,-20.26167]]}},{"type":"Feature","properties":{"nombre":"Avenida Francisco Bilbao","jerarquia":4},"geometry":{"type":"LineString","coordinates":[[-70.129,-20.26169],[-70.12904,-20.26162]]}},{"type":"Feature","properties":{"nombre":"Avenida Francisco Bilbao","jerarquia":4},"geometry":{"type":"LineString","coordinates":[[-70.12576,-20.26773],[-70.12605,-20.26695],[-70.12686,-20.2655]]}},{"type":"Feature","properties":{"nombre":"Avenida Francisco Bilbao","jerarquia":4},"geometry":{"type":"LineString","coordinates":[[-70.12686,-20.2655],[-70.12693,-20.26539]]}},{"type":"Feature","properties":{"nombre":"Avenida Francisco Bilbao","jerarquia":4},"geometry":{"type":"LineString","coordinates":[[-70.12693,-20.26539],[-70.12721,-20.26488]]}},{"type":"Feature","properties":{"nombre":"Avenida Francisco Bilbao","jerarquia":4},"geometry":{"type":"LineString","coordinates":[[-70.12721,-20.26488],[-70.12741,-20.26452]]}},{"type":"Feature","properties":{"nombre":"Avenida Francisco Bilbao","jerarquia":4},"geometry":{"type":"LineString","coordinates":[[-70.12741,-20.26452],[-70.1275,-20.26436]]}},{"type":"Feature","properties":{"nombre":"Avenida Francisco Bilbao","jerarquia":4},"geometry":{"type":"LineString","coordinates":[[-70.1275,-20.26436],[-70.12815,-20.26321]]}},{"type":"Feature","properties":{"nombre":"Avenida Francisco Bilbao","jerarquia":4},"geometry":{"type":"LineString","coordinates":[[-70.12815,-20.26321],[-70.12833,-20.26287]]}},{"type":"Feature","properties":{"nombre":"Avenida Francisco Bilbao","jerarquia":4},"geometry":{"type":"LineString","coordinates":[[-70.12833,-20.26287],[-70.12895,-20.26177]]}},{"type":"Feature","properties":{"nombre":"Avenida Francisco Bilbao","jerarquia":4},"geometry":{"type":"LineString","coordinates":[[-70.12895,-20.26177],[-70.12896,-20.26174]]}},{"type":"Feature","properties":{"nombre":"Avenida Padre Hurtado","jerarquia":5},"geometry":{"type":"LineString","coordinates":[[-70.12909,-20.26173],[-70.129,-20.26169]]}},{"type":"Feature","properties":{"nombre":"Avenida Padre Hurtado","jerarquia":5},"geometry":{"type":"LineString","coordinates":[[-70.13011,-20.26217],[-70.13055,-20.2624]]}},{"type":"Feature","properties":{"nombre":"Avenida Padre Hurtado","jerarquia":5},"geometry":{"type":"LineString","coordinates":[[-70.13055,-20.2624],[-70.13061,-20.26243]]}},{"type":"Feature","properties":{"nombre":"Avenida Padre Hurtado","jerarquia":5},"geometry":{"type":"LineString","coordinates":[[-70.13061,-20.26243],[-70.13069,-20.26248]]}},{"type":"Feature","properties":{"nombre":"Avenida Arturo Prat Chacón","jerarquia":3},"geometry":{"type":"LineString","coordinates":[[-70.13065,-20.26255],[-70.13069,-20.26248]]}},{"type":"Feature","properties":{"nombre":"Avenida Arturo Prat Chacón","jerarquia":3},"geometry":{"type":"LineString","coordinates":[[-70.13416,-20.25619],[-70.13418,-20.25594]]}},{"type":"Feature","properties":{"nombre":"Avenida Arturo Prat Chacón","jerarquia":3},"geometry":{"type":"LineString","coordinates":[[-70.13418,-20.25594],[-70.13417,-20.25589]]}},{"type":"Feature","properties":{"nombre":"Avenida Arturo Prat Chacón","jerarquia":3},"geometry":{"type":"LineString","coordinates":[[-70.13078,-20.26252],[-70.13073,-20.2626]]}},{"type":"Feature","properties":{"nombre":"Avenida Arturo Prat Chacón","jerarquia":3},"geometry":{"type":"LineString","coordinates":[[-70.13426,-20.25626],[-70.13383,-20.25739],[-70.13337,-20.25835],[-70.13182,-20.26084]]}},{"type":"Feature","properties":{"nombre":"Avenida Arturo Prat Chacón","jerarquia":3},"geometry":{"type":"LineString","coordinates":[[-70.13182,-20.26084],[-70.13133,-20.26164]]}},{"type":"Feature","properties":{"nombre":"Avenida Padre Hurtado","jerarquia":5},"geometry":{"type":"LineString","coordinates":[[-70.13069,-20.26248],[-70.13078,-20.26252]]}},{"type":"Feature","properties":{"nombre":"Avenida Padre Hurtado","jerarquia":5},"geometry":{"type":"LineString","coordinates":[[-70.13073,-20.2626],[-70.13065,-20.26255]]}},{"type":"Feature","properties":{"nombre":"Avenida Salvador Allende Gossens","jerarquia":5},"geometry":{"type":"LineString","coordinates":[[-70.12995,-20.25717],[-70.13063,-20.25651],[-70.13087,-20.25605]]}},{"type":"Feature","properties":{"nombre":"Avenida Salvador Allende Gossens","jerarquia":5},"geometry":{"type":"LineString","coordinates":[[-70.13087,-20.25605],[-70.13125,-20.25441]]}},{"type":"Feature","properties":{"nombre":"Avenida Salvador Allende Gossens","jerarquia":5},"geometry":{"type":"LineString","coordinates":[[-70.13125,-20.25441],[-70.13126,-20.25437]]}},{"type":"Feature","properties":{"nombre":"Avenida Salvador Allende Gossens","jerarquia":5},"geometry":{"type":"LineString","coordinates":[[-70.13136,-20.25442],[-70.13096,-20.2561]]}},{"type":"Feature","properties":{"nombre":"Avenida Salvador Allende Gossens","jerarquia":5},"geometry":{"type":"LineString","coordinates":[[-70.13096,-20.2561],[-70.13069,-20.25661],[-70.13003,-20.25725]]}},{"type":"Feature","properties":{"nombre":"Avenida Francisco Bilbao","jerarquia":4},"geometry":{"type":"LineString","coordinates":[[-70.13284,-20.25702],[-70.13353,-20.25635],[-70.13398,-20.25581]]}},{"type":"Feature","properties":{"nombre":"Avenida Francisco Bilbao","jerarquia":4},"geometry":{"type":"LineString","coordinates":[[-70.13398,-20.25581],[-70.13403,-20.25571]]}},{"type":"Feature","properties":{"nombre":"Presidente Manuel Balmaceda","jerarquia":5},"geometry":{"type":"LineString","coordinates":[[-70.12702,-20.26543],[-70.12693,-20.26539]]}},{"type":"Feature","properties":{"nombre":"Avenida Francisco Bilbao","jerarquia":4},"geometry":{"type":"LineString","coordinates":[[-70.1276,-20.2644],[-70.12749,-20.2646]]}},{"type":"Feature","properties":{"nombre":"Avenida Francisco Bilbao","jerarquia":4},"geometry":{"type":"LineString","coordinates":[[-70.12749,-20.2646],[-70.12743,-20.26471]]}},{"type":"Feature","properties":{"nombre":"Avenida Francisco Bilbao","jerarquia":4},"geometry":{"type":"LineString","coordinates":[[-70.12743,-20.26471],[-70.1273,-20.26495]]}},{"type":"Feature","properties":{"nombre":"Avenida Francisco Bilbao","jerarquia":4},"geometry":{"type":"LineString","coordinates":[[-70.1273,-20.26495],[-70.12727,-20.26499]]}},{"type":"Feature","properties":{"nombre":"","jerarquia":4},"geometry":{"type":"LineString","coordinates":[[-70.12744,-20.26505],[-70.12727,-20.26499]]}},{"type":"Feature","properties":{"nombre":"Avenida La Tirana","jerarquia":2},"geometry":{"type":"LineString","coordinates":[[-70.12679,-20.27472],[-70.1268,-20.27479]]}},{"type":"Feature","properties":{"nombre":"Avenida La Tirana","jerarquia":2},"geometry":{"type":"LineString","coordinates":[[-70.1267,-20.27482],[-70.12669,-20.27475]]}},{"type":"Feature","properties":{"nombre":"Avenida Arturo Prat Chacón","jerarquia":3},"geometry":{"type":"LineString","coordinates":[[-70.12944,-20.2668],[-70.1295,-20.26528],[-70.12963,-20.26449],[-70.13,-20.26359],[-70.13065,-20.26255]]}},{"type":"Feature","properties":{"nombre":"Avenida Arturo Prat Chacón","jerarquia":3},"geometry":{"type":"LineString","coordinates":[[-70.1295,-20.26762],[-70.1295,-20.26782]]}},{"type":"Feature","properties":{"nombre":"Avenida Arturo Prat Chacón","jerarquia":3},"geometry":{"type":"LineString","coordinates":[[-70.1295,-20.26782],[-70.12949,-20.26792]]}},{"type":"Feature","properties":{"nombre":"Avenida Arturo Prat Chacón","jerarquia":3},"geometry":{"type":"LineString","coordinates":[[-70.12949,-20.26792],[-70.12949,-20.26815]]}},{"type":"Feature","properties":{"nombre":"Avenida Arturo Prat Chacón","jerarquia":3},"geometry":{"type":"LineString","coordinates":[[-70.13073,-20.2626],[-70.13016,-20.2635]]}},{"type":"Feature","properties":{"nombre":"Avenida Arturo Prat Chacón","jerarquia":3},"geometry":{"type":"LineString","coordinates":[[-70.13016,-20.2635],[-70.12979,-20.2643],[-70.12966,-20.26479],[-70.1296,-20.26527]]}},{"type":"Feature","properties":{"nombre":"Avenida La Tirana","jerarquia":2},"geometry":{"type":"LineString","coordinates":[[-70.12586,-20.26918],[-70.1261,-20.27057]]}},{"type":"Feature","properties":{"nombre":"Avenida La Tirana","jerarquia":2},"geometry":{"type":"LineString","coordinates":[[-70.12607,-20.27109],[-70.12577,-20.26948]]}},{"type":"Feature","properties":{"nombre":"Avenida La Tirana","jerarquia":2},"geometry":{"type":"LineString","coordinates":[[-70.12704,-20.27633],[-70.12708,-20.2772]]}},{"type":"Feature","properties":{"nombre":"Avenida La Tirana","jerarquia":2},"geometry":{"type":"LineString","coordinates":[[-70.12626,-20.27217],[-70.12607,-20.27109]]}},{"type":"Feature","properties":{"nombre":"Obispo Labbé","jerarquia":5},"geometry":{"type":"LineString","coordinates":[[-70.15038,-20.21845],[-70.15033,-20.21749]]}},{"type":"Feature","properties":{"nombre":"Obispo Labbé","jerarquia":5},"geometry":{"type":"LineString","coordinates":[[-70.15033,-20.21749],[-70.15032,-20.21744]]}},{"type":"Feature","properties":{"nombre":"Avenida Salvador Allende Gossens","jerarquia":4},"geometry":{"type":"LineString","coordinates":[[-70.1361,-20.23371],[-70.13606,-20.23366]]}},{"type":"Feature","properties":{"nombre":"Avenida Salvador Allende Gossens","jerarquia":4},"geometry":{"type":"LineString","coordinates":[[-70.13606,-20.23366],[-70.13603,-20.23362]]}},{"type":"Feature","properties":{"nombre":"Avenida Salvador Allende Gossens","jerarquia":4},"geometry":{"type":"LineString","coordinates":[[-70.13614,-20.2336],[-70.13628,-20.23376]]}},{"type":"Feature","properties":{"nombre":"Avenida Salvador Allende Gossens","jerarquia":4},"geometry":{"type":"LineString","coordinates":[[-70.13628,-20.23376],[-70.13679,-20.23435]]}},{"type":"Feature","properties":{"nombre":"Avenida Salvador Allende Gossens","jerarquia":4},"geometry":{"type":"LineString","coordinates":[[-70.13603,-20.23362],[-70.13586,-20.23341],[-70.13579,-20.23323],[-70.13572,-20.23256]]}},{"type":"Feature","properties":{"nombre":"Avenida Salvador Allende Gossens","jerarquia":4},"geometry":{"type":"LineString","coordinates":[[-70.13602,-20.23648],[-70.13557,-20.23703]]}},{"type":"Feature","properties":{"nombre":"Avenida Salvador Allende Gossens","jerarquia":4},"geometry":{"type":"LineString","coordinates":[[-70.13555,-20.23688],[-70.13598,-20.23637]]}},{"type":"Feature","properties":{"nombre":"Avenida Salvador Allende Gossens","jerarquia":4},"geometry":{"type":"LineString","coordinates":[[-70.13483,-20.23842],[-70.13504,-20.23761],[-70.13521,-20.2373],[-70.13548,-20.23696]]}},{"type":"Feature","properties":{"nombre":"Avenida Salvador Allende Gossens","jerarquia":4},"geometry":{"type":"LineString","coordinates":[[-70.13548,-20.23696],[-70.13555,-20.23688]]}},{"type":"Feature","properties":{"nombre":"Avenida Salvador Allende Gossens","jerarquia":4},"geometry":{"type":"LineString","coordinates":[[-70.13581,-20.23256],[-70.13583,-20.2328]]}},{"type":"Feature","properties":{"nombre":"Avenida Salvador Allende Gossens","jerarquia":4},"geometry":{"type":"LineString","coordinates":[[-70.13583,-20.2328],[-70.13594,-20.23332]]}},{"type":"Feature","properties":{"nombre":"Avenida Salvador Allende Gossens","jerarquia":4},"geometry":{"type":"LineString","coordinates":[[-70.13594,-20.23332],[-70.13614,-20.2336]]}},{"type":"Feature","properties":{"nombre":"Pedro Gamboni","jerarquia":5},"geometry":{"type":"LineString","coordinates":[[-70.13602,-20.23648],[-70.13598,-20.23637]]}},{"type":"Feature","properties":{"nombre":"Avenida Salvador Allende Gossens","jerarquia":4},"geometry":{"type":"LineString","coordinates":[[-70.13557,-20.23703],[-70.13531,-20.23735],[-70.13513,-20.2377]]}},{"type":"Feature","properties":{"nombre":"Avenida Salvador Allende Gossens","jerarquia":4},"geometry":{"type":"LineString","coordinates":[[-70.13513,-20.2377],[-70.13495,-20.23842]]}},{"type":"Feature","properties":{"nombre":"Héroes de la Concepción","jerarquia":4},"geometry":{"type":"LineString","coordinates":[[-70.14418,-20.23876],[-70.14402,-20.23836]]}},{"type":"Feature","properties":{"nombre":"Héroes de la Concepción","jerarquia":4},"geometry":{"type":"LineString","coordinates":[[-70.14402,-20.23836],[-70.144,-20.23828]]}},{"type":"Feature","properties":{"nombre":"Segundo Acceso","jerarquia":3},"geometry":{"type":"LineString","coordinates":[[-70.12489,-20.2431],[-70.12468,-20.24367]]}},{"type":"Feature","properties":{"nombre":"Segundo Acceso","jerarquia":3},"geometry":{"type":"LineString","coordinates":[[-70.12381,-20.24471],[-70.12444,-20.24377]]}},{"type":"Feature","properties":{"nombre":"Segundo Acceso","jerarquia":3},"geometry":{"type":"LineString","coordinates":[[-70.12408,-20.24457],[-70.12359,-20.24527]]}},{"type":"Feature","properties":{"nombre":"Segundo Acceso","jerarquia":3},"geometry":{"type":"LineString","coordinates":[[-70.12468,-20.24367],[-70.12408,-20.24457]]}},{"type":"Feature","properties":{"nombre":"Segundo Acceso","jerarquia":3},"geometry":{"type":"LineString","coordinates":[[-70.12184,-20.24721],[-70.12128,-20.24772]]}},{"type":"Feature","properties":{"nombre":"Segundo Acceso","jerarquia":3},"geometry":{"type":"LineString","coordinates":[[-70.12359,-20.24527],[-70.12322,-20.24579],[-70.12265,-20.24645],[-70.12184,-20.24721]]}},{"type":"Feature","properties":{"nombre":"Segundo Acceso","jerarquia":3},"geometry":{"type":"LineString","coordinates":[[-70.12214,-20.24676],[-70.12293,-20.24591],[-70.12381,-20.24471]]}},{"type":"Feature","properties":{"nombre":"Avenida Cerro Dragón","jerarquia":5},"geometry":{"type":"LineString","coordinates":[[-70.12929,-20.24437],[-70.12929,-20.2443]]}},{"type":"Feature","properties":{"nombre":"Avenida Cerro Dragón","jerarquia":5},"geometry":{"type":"LineString","coordinates":[[-70.12929,-20.2443],[-70.12919,-20.24301]]}},{"type":"Feature","properties":{"nombre":"Avenida Cerro Dragón","jerarquia":5},"geometry":{"type":"LineString","coordinates":[[-70.1296,-20.24618],[-70.12957,-20.24613]]}},{"type":"Feature","properties":{"nombre":"Avenida Cerro Dragón","jerarquia":5},"geometry":{"type":"LineString","coordinates":[[-70.12957,-20.24613],[-70.12954,-20.24609]]}},{"type":"Feature","properties":{"nombre":"Avenida Cerro Dragón","jerarquia":5},"geometry":{"type":"LineString","coordinates":[[-70.12954,-20.24609],[-70.12923,-20.24551],[-70.12929,-20.24445]]}},{"type":"Feature","properties":{"nombre":"Avenida Cerro Dragón","jerarquia":5},"geometry":{"type":"LineString","coordinates":[[-70.12929,-20.24445],[-70.12929,-20.24437]]}},{"type":"Feature","properties":{"nombre":"Los Algarrobos","jerarquia":5},"geometry":{"type":"LineString","coordinates":[[-70.12735,-20.24641],[-70.12738,-20.24586]]}},{"type":"Feature","properties":{"nombre":"Los Algarrobos","jerarquia":5},"geometry":{"type":"LineString","coordinates":[[-70.12738,-20.24586],[-70.1274,-20.24545]]}},{"type":"Feature","properties":{"nombre":"Los Algarrobos","jerarquia":5},"geometry":{"type":"LineString","coordinates":[[-70.1274,-20.24545],[-70.12743,-20.2446]]}},{"type":"Feature","properties":{"nombre":"Los Algarrobos","jerarquia":5},"geometry":{"type":"LineString","coordinates":[[-70.12743,-20.2446],[-70.12743,-20.24453]]}},{"type":"Feature","properties":{"nombre":"Los Algarrobos","jerarquia":5},"geometry":{"type":"LineString","coordinates":[[-70.12743,-20.24453],[-70.12732,-20.24303]]}},{"type":"Feature","properties":{"nombre":"Los Algarrobos","jerarquia":5},"geometry":{"type":"LineString","coordinates":[[-70.12587,-20.25154],[-70.12597,-20.25129]]}},{"type":"Feature","properties":{"nombre":"Los Algarrobos","jerarquia":5},"geometry":{"type":"LineString","coordinates":[[-70.12597,-20.25129],[-70.12631,-20.25044]]}},{"type":"Feature","properties":{"nombre":"Los Algarrobos","jerarquia":5},"geometry":{"type":"LineString","coordinates":[[-70.12631,-20.25044],[-70.12662,-20.24963]]}},{"type":"Feature","properties":{"nombre":"Los Algarrobos","jerarquia":5},"geometry":{"type":"LineString","coordinates":[[-70.12662,-20.24963],[-70.12665,-20.24958]]}},{"type":"Feature","properties":{"nombre":"Los Algarrobos","jerarquia":5},"geometry":{"type":"LineString","coordinates":[[-70.12665,-20.24958],[-70.12701,-20.24867]]}},{"type":"Feature","properties":{"nombre":"Los Algarrobos","jerarquia":5},"geometry":{"type":"LineString","coordinates":[[-70.12734,-20.24161],[-70.12781,-20.24058]]}},{"type":"Feature","properties":{"nombre":"Los Algarrobos","jerarquia":5},"geometry":{"type":"LineString","coordinates":[[-70.12781,-20.24058],[-70.12796,-20.24028]]}},{"type":"Feature","properties":{"nombre":"Los Algarrobos","jerarquia":5},"geometry":{"type":"LineString","coordinates":[[-70.12796,-20.24028],[-70.12807,-20.24011]]}},{"type":"Feature","properties":{"nombre":"Los Algarrobos","jerarquia":5},"geometry":{"type":"LineString","coordinates":[[-70.12732,-20.24303],[-70.12733,-20.24243]]}},{"type":"Feature","properties":{"nombre":"Los Algarrobos","jerarquia":5},"geometry":{"type":"LineString","coordinates":[[-70.12733,-20.24243],[-70.12734,-20.24161]]}},{"type":"Feature","properties":{"nombre":"Avenida Circunvalación","jerarquia":3},"geometry":{"type":"LineString","coordinates":[[-70.13086,-20.21305],[-70.13104,-20.21325],[-70.13116,-20.2135]]}},{"type":"Feature","properties":{"nombre":"Avenida Circunvalación","jerarquia":3},"geometry":{"type":"LineString","coordinates":[[-70.13116,-20.2135],[-70.1321,-20.21838],[-70.1321,-20.21917],[-70.13194,-20.22]]}},{"type":"Feature","properties":{"nombre":"Avenida Circunvalación","jerarquia":3},"geometry":{"type":"LineString","coordinates":[[-70.13175,-20.22046],[-70.13198,-20.21931],[-70.13201,-20.21869],[-70.13196,-20.21823],[-70.13147,-20.21562]]}},{"type":"Feature","properties":{"nombre":"Costa Alto Hospicio","jerarquia":5},"geometry":{"type":"LineString","coordinates":[[-70.10956,-20.26537],[-70.1093,-20.26531]]}},{"type":"Feature","properties":{"nombre":"Avenida Las Parcelas","jerarquia":5},"geometry":{"type":"LineString","coordinates":[[-70.08671,-20.28273],[-70.08678,-20.28263]]}},{"type":"Feature","properties":{"nombre":"Avenida Las Parcelas","jerarquia":5},"geometry":{"type":"LineString","coordinates":[[-70.08678,-20.28263],[-70.08708,-20.2823]]}},{"type":"Feature","properties":{"nombre":"Avenida Las Parcelas","jerarquia":5},"geometry":{"type":"LineString","coordinates":[[-70.08708,-20.2823],[-70.08807,-20.28077]]}},{"type":"Feature","properties":{"nombre":"Avenida Las Parcelas","jerarquia":5},"geometry":{"type":"LineString","coordinates":[[-70.08807,-20.28077],[-70.08878,-20.27952],[-70.08891,-20.27918]]}},{"type":"Feature","properties":{"nombre":"Avenida Las Parcelas","jerarquia":5},"geometry":{"type":"LineString","coordinates":[[-70.08891,-20.27918],[-70.08909,-20.2787]]}},{"type":"Feature","properties":{"nombre":"Los Álamos","jerarquia":5},"geometry":{"type":"LineString","coordinates":[[-70.09804,-20.26339],[-70.09814,-20.26344]]}},{"type":"Feature","properties":{"nombre":"Los Álamos","jerarquia":5},"geometry":{"type":"LineString","coordinates":[[-70.09814,-20.26344],[-70.09852,-20.26361]]}},{"type":"Feature","properties":{"nombre":"Los Álamos","jerarquia":5},"geometry":{"type":"LineString","coordinates":[[-70.09852,-20.26361],[-70.09859,-20.26367]]}},{"type":"Feature","properties":{"nombre":"Los Álamos","jerarquia":5},"geometry":{"type":"LineString","coordinates":[[-70.09859,-20.26367],[-70.09868,-20.26373]]}},{"type":"Feature","properties":{"nombre":"Los Álamos","jerarquia":5},"geometry":{"type":"LineString","coordinates":[[-70.09797,-20.26348],[-70.09675,-20.26258]]}},{"type":"Feature","properties":{"nombre":"Los Álamos","jerarquia":5},"geometry":{"type":"LineString","coordinates":[[-70.09675,-20.26258],[-70.09609,-20.26209]]}},{"type":"Feature","properties":{"nombre":"","jerarquia":5},"geometry":{"type":"LineString","coordinates":[[-70.10539,-20.25393],[-70.1058,-20.25401],[-70.10597,-20.2541]]}},{"type":"Feature","properties":{"nombre":"Avenida Las Parcelas","jerarquia":5},"geometry":{"type":"LineString","coordinates":[[-70.08909,-20.2787],[-70.08937,-20.27812]]}},{"type":"Feature","properties":{"nombre":"Avenida Las Parcelas","jerarquia":5},"geometry":{"type":"LineString","coordinates":[[-70.08937,-20.27812],[-70.08996,-20.27701]]}},{"type":"Feature","properties":{"nombre":"Avenida Las Parcelas","jerarquia":5},"geometry":{"type":"LineString","coordinates":[[-70.08996,-20.27701],[-70.09008,-20.27678]]}},{"type":"Feature","properties":{"nombre":"Avenida Las Parcelas","jerarquia":5},"geometry":{"type":"LineString","coordinates":[[-70.09008,-20.27678],[-70.09034,-20.27632]]}},{"type":"Feature","properties":{"nombre":"Avenida Las Parcelas","jerarquia":5},"geometry":{"type":"LineString","coordinates":[[-70.09034,-20.27632],[-70.09049,-20.27604]]}},{"type":"Feature","properties":{"nombre":"Avenida Las Parcelas","jerarquia":5},"geometry":{"type":"LineString","coordinates":[[-70.09049,-20.27604],[-70.09085,-20.27538]]}},{"type":"Feature","properties":{"nombre":"Avenida Las Parcelas","jerarquia":5},"geometry":{"type":"LineString","coordinates":[[-70.09085,-20.27538],[-70.09116,-20.2748]]}},{"type":"Feature","properties":{"nombre":"Avenida Las Parcelas","jerarquia":5},"geometry":{"type":"LineString","coordinates":[[-70.09116,-20.2748],[-70.09148,-20.2742]]}},{"type":"Feature","properties":{"nombre":"Avenida Las Parcelas","jerarquia":5},"geometry":{"type":"LineString","coordinates":[[-70.09148,-20.2742],[-70.09176,-20.27368]]}},{"type":"Feature","properties":{"nombre":"Avenida Las Parcelas","jerarquia":5},"geometry":{"type":"LineString","coordinates":[[-70.09176,-20.27368],[-70.09179,-20.27363]]}},{"type":"Feature","properties":{"nombre":"Segundo Acceso","jerarquia":3},"geometry":{"type":"LineString","coordinates":[[-70.11571,-20.25798],[-70.11581,-20.25753],[-70.11583,-20.25668]]}},{"type":"Feature","properties":{"nombre":"Segundo Acceso","jerarquia":3},"geometry":{"type":"LineString","coordinates":[[-70.11583,-20.25668],[-70.11584,-20.25609],[-70.11604,-20.25418]]}},{"type":"Feature","properties":{"nombre":"Segundo Acceso","jerarquia":3},"geometry":{"type":"LineString","coordinates":[[-70.11613,-20.25472],[-70.11594,-20.25618],[-70.11593,-20.25718]]}},{"type":"Feature","properties":{"nombre":"Segundo Acceso","jerarquia":3},"geometry":{"type":"LineString","coordinates":[[-70.11616,-20.25422],[-70.11613,-20.25472]]}},{"type":"Feature","properties":{"nombre":"Segundo Acceso","jerarquia":3},"geometry":{"type":"LineString","coordinates":[[-70.10952,-20.28198],[-70.10976,-20.28166]]}},{"type":"Feature","properties":{"nombre":"Segundo Acceso","jerarquia":3},"geometry":{"type":"LineString","coordinates":[[-70.10977,-20.28191],[-70.10946,-20.28227]]}},{"type":"Feature","properties":{"nombre":"Segundo Acceso","jerarquia":3},"geometry":{"type":"LineString","coordinates":[[-70.11593,-20.25718],[-70.11581,-20.2579],[-70.11489,-20.26082],[-70.11484,-20.26151],[-70.1149,-20.26236],[-70.11484,-20.26275],[-70.11472,-20.26308],[-70.11427,-20.26385],[-70.11416,-20.26429],[-70.11423,-20.26607],[-70.114,-20.27089],[-70.11407,-20.27157],[-70.11433,-20.27291],[-70.11425,-20.27377],[-70.11346,-20.27638],[-70.11309,-20.27718],[-70.11253,-20.27802],[-70.11082,-20.27994],[-70.11,-20.28154],[-70.10977,-20.28191]]}},{"type":"Feature","properties":{"nombre":"Segundo Acceso","jerarquia":3},"geometry":{"type":"LineString","coordinates":[[-70.10976,-20.28166],[-70.11072,-20.27993],[-70.11242,-20.27804],[-70.11293,-20.27731],[-70.11341,-20.27628],[-70.11415,-20.27375],[-70.11423,-20.27319],[-70.11422,-20.2727],[-70.11398,-20.27145],[-70.11393,-20.27082],[-70.11416,-20.26608],[-70.11409,-20.26427],[-70.11423,-20.26377],[-70.11465,-20.26307],[-70.11479,-20.26272],[-70.11484,-20.26221],[-70.11477,-20.26143],[-70.11483,-20.2608],[-70.11571,-20.25798]]}},{"type":"Feature","properties":{"nombre":"Avenida La Tirana","jerarquia":2},"geometry":{"type":"LineString","coordinates":[[-70.1268,-20.27479],[-70.12684,-20.27502]]}},{"type":"Feature","properties":{"nombre":"Avenida La Tirana","jerarquia":2},"geometry":{"type":"LineString","coordinates":[[-70.12668,-20.27406],[-70.12673,-20.27439]]}},{"type":"Feature","properties":{"nombre":"Avenida La Tirana","jerarquia":2},"geometry":{"type":"LineString","coordinates":[[-70.12673,-20.27439],[-70.12678,-20.27466]]}},{"type":"Feature","properties":{"nombre":"Avenida La Tirana","jerarquia":2},"geometry":{"type":"LineString","coordinates":[[-70.12678,-20.27466],[-70.12679,-20.27472]]}},{"type":"Feature","properties":{"nombre":"Avenida Francisco Bilbao","jerarquia":4},"geometry":{"type":"LineString","coordinates":[[-70.13174,-20.25825],[-70.13143,-20.25854]]}},{"type":"Feature","properties":{"nombre":"Avenida Francisco Bilbao","jerarquia":4},"geometry":{"type":"LineString","coordinates":[[-70.13293,-20.2571],[-70.13174,-20.25825]]}},{"type":"Feature","properties":{"nombre":"Avenida La Tirana","jerarquia":2},"geometry":{"type":"LineString","coordinates":[[-70.1261,-20.27057],[-70.12618,-20.27106]]}},{"type":"Feature","properties":{"nombre":"Avenida La Tirana","jerarquia":2},"geometry":{"type":"LineString","coordinates":[[-70.12697,-20.27836],[-70.12698,-20.27825]]}},{"type":"Feature","properties":{"nombre":"Avenida La Tirana","jerarquia":2},"geometry":{"type":"LineString","coordinates":[[-70.12705,-20.27999],[-70.12705,-20.28035]]}},{"type":"Feature","properties":{"nombre":"Avenida La Tirana","jerarquia":2},"geometry":{"type":"LineString","coordinates":[[-70.12706,-20.27955],[-70.12706,-20.27977]]}},{"type":"Feature","properties":{"nombre":"Avenida La Tirana","jerarquia":2},"geometry":{"type":"LineString","coordinates":[[-70.12706,-20.27977],[-70.12705,-20.27999]]}},{"type":"Feature","properties":{"nombre":"Avenida La Tirana","jerarquia":2},"geometry":{"type":"LineString","coordinates":[[-70.12708,-20.27828],[-70.12706,-20.27955]]}},{"type":"Feature","properties":{"nombre":"","jerarquia":2},"geometry":{"type":"LineString","coordinates":[[-70.12705,-20.28035],[-70.12694,-20.28035]]}},{"type":"Feature","properties":{"nombre":"Avenida La Tirana","jerarquia":2},"geometry":{"type":"LineString","coordinates":[[-70.12682,-20.27553],[-70.12672,-20.27492]]}},{"type":"Feature","properties":{"nombre":"Avenida La Tirana","jerarquia":2},"geometry":{"type":"LineString","coordinates":[[-70.12672,-20.27492],[-70.1267,-20.27482]]}},{"type":"Feature","properties":{"nombre":"","jerarquia":2},"geometry":{"type":"LineString","coordinates":[[-70.12704,-20.27633],[-70.12693,-20.27634]]}},{"type":"Feature","properties":{"nombre":"Avenida La Tirana","jerarquia":2},"geometry":{"type":"LineString","coordinates":[[-70.12696,-20.27671],[-70.12693,-20.27634]]}},{"type":"Feature","properties":{"nombre":"Avenida La Tirana","jerarquia":2},"geometry":{"type":"LineString","coordinates":[[-70.12698,-20.27825],[-70.12696,-20.27671]]}},{"type":"Feature","properties":{"nombre":"Avenida La Tirana","jerarquia":2},"geometry":{"type":"LineString","coordinates":[[-70.12708,-20.27817],[-70.12708,-20.27828]]}},{"type":"Feature","properties":{"nombre":"Avenida La Tirana","jerarquia":2},"geometry":{"type":"LineString","coordinates":[[-70.12698,-20.27589],[-70.12704,-20.27633]]}},{"type":"Feature","properties":{"nombre":"Avenida La Tirana","jerarquia":2},"geometry":{"type":"LineString","coordinates":[[-70.12708,-20.2772],[-70.12708,-20.27817]]}},{"type":"Feature","properties":{"nombre":"Avenida La Tirana","jerarquia":2},"geometry":{"type":"LineString","coordinates":[[-70.12684,-20.27502],[-70.12698,-20.27589]]}},{"type":"Feature","properties":{"nombre":"Avenida La Tirana","jerarquia":2},"geometry":{"type":"LineString","coordinates":[[-70.12628,-20.27168],[-70.12636,-20.27215]]}},{"type":"Feature","properties":{"nombre":"Avenida La Tirana","jerarquia":2},"geometry":{"type":"LineString","coordinates":[[-70.12618,-20.27106],[-70.12628,-20.27168]]}},{"type":"Feature","properties":{"nombre":"Avenida La Tirana","jerarquia":2},"geometry":{"type":"LineString","coordinates":[[-70.12635,-20.27271],[-70.12633,-20.27261]]}},{"type":"Feature","properties":{"nombre":"Avenida La Tirana","jerarquia":2},"geometry":{"type":"LineString","coordinates":[[-70.12669,-20.27475],[-70.12663,-20.27439]]}},{"type":"Feature","properties":{"nombre":"Avenida La Tirana","jerarquia":2},"geometry":{"type":"LineString","coordinates":[[-70.12663,-20.27439],[-70.12635,-20.27271]]}},{"type":"Feature","properties":{"nombre":"Avenida Arturo Prat Chacón","jerarquia":2},"geometry":{"type":"LineString","coordinates":[[-70.12799,-20.28921],[-70.12782,-20.28928]]}},{"type":"Feature","properties":{"nombre":"Avenida Arturo Prat Chacón","jerarquia":3},"geometry":{"type":"LineString","coordinates":[[-70.128,-20.2892],[-70.12799,-20.28921]]}},{"type":"Feature","properties":{"nombre":"Vía Uno","jerarquia":3},"geometry":{"type":"LineString","coordinates":[[-70.12766,-20.29194],[-70.12552,-20.29245]]}},{"type":"Feature","properties":{"nombre":"Vía Uno","jerarquia":3},"geometry":{"type":"LineString","coordinates":[[-70.12552,-20.29245],[-70.12515,-20.29254]]}},{"type":"Feature","properties":{"nombre":"Vía Uno","jerarquia":3},"geometry":{"type":"LineString","coordinates":[[-70.12789,-20.29189],[-70.12781,-20.2919]]}},{"type":"Feature","properties":{"nombre":"Vía Uno","jerarquia":3},"geometry":{"type":"LineString","coordinates":[[-70.12781,-20.2919],[-70.12766,-20.29194]]}},{"type":"Feature","properties":{"nombre":"Avenida La Tirana","jerarquia":2},"geometry":{"type":"LineString","coordinates":[[-70.12767,-20.28829],[-70.12771,-20.28849]]}},{"type":"Feature","properties":{"nombre":"Avenida La Tirana","jerarquia":2},"geometry":{"type":"LineString","coordinates":[[-70.12771,-20.28849],[-70.12781,-20.28887]]}},{"type":"Feature","properties":{"nombre":"Avenida La Tirana","jerarquia":2},"geometry":{"type":"LineString","coordinates":[[-70.12781,-20.28887],[-70.12784,-20.28893]]}},{"type":"Feature","properties":{"nombre":"Ruta 1","jerarquia":1},"geometry":{"type":"LineString","coordinates":[[-70.13115,-20.29823],[-70.13087,-20.29802]]}},{"type":"Feature","properties":{"nombre":"Ruta 1","jerarquia":1},"geometry":{"type":"LineString","coordinates":[[-70.13087,-20.29802],[-70.12952,-20.29699]]}},{"type":"Feature","properties":{"nombre":"Ruta 1","jerarquia":1},"geometry":{"type":"LineString","coordinates":[[-70.13089,-20.29792],[-70.13119,-20.29814]]}},{"type":"Feature","properties":{"nombre":"Ruta 1","jerarquia":1},"geometry":{"type":"LineString","coordinates":[[-70.12801,-20.29439],[-70.12808,-20.29512],[-70.12823,-20.29556],[-70.1284,-20.29587],[-70.12884,-20.29635],[-70.13011,-20.29732]]}},{"type":"Feature","properties":{"nombre":"Ruta 1","jerarquia":1},"geometry":{"type":"LineString","coordinates":[[-70.12952,-20.29699],[-70.12877,-20.29642],[-70.12831,-20.2959]]}},{"type":"Feature","properties":{"nombre":"Ruta 1","jerarquia":1},"geometry":{"type":"LineString","coordinates":[[-70.12831,-20.2959],[-70.12811,-20.29556],[-70.12799,-20.29521],[-70.12791,-20.29439]]}},{"type":"Feature","properties":{"nombre":"Vía Uno","jerarquia":3},"geometry":{"type":"LineString","coordinates":[[-70.12789,-20.29189],[-70.12799,-20.29189]]}},{"type":"Feature","properties":{"nombre":"Avenida Arturo Prat Chacón","jerarquia":2},"geometry":{"type":"LineString","coordinates":[[-70.12789,-20.29189],[-70.1279,-20.29137]]}},{"type":"Feature","properties":{"nombre":"Avenida Arturo Prat Chacón","jerarquia":1},"geometry":{"type":"LineString","coordinates":[[-70.12789,-20.29248],[-70.12789,-20.29189]]}},{"type":"Feature","properties":{"nombre":"Avenida Arturo Prat Chacón","jerarquia":1},"geometry":{"type":"LineString","coordinates":[[-70.128,-20.29255],[-70.12801,-20.29439]]}},{"type":"Feature","properties":{"nombre":"Avenida Arturo Prat Chacón","jerarquia":2},"geometry":{"type":"LineString","coordinates":[[-70.12799,-20.29153],[-70.12799,-20.29189]]}},{"type":"Feature","properties":{"nombre":"Avenida Arturo Prat Chacón","jerarquia":1},"geometry":{"type":"LineString","coordinates":[[-70.12799,-20.29189],[-70.128,-20.29255]]}},{"type":"Feature","properties":{"nombre":"Avenida Arturo Prat Chacón","jerarquia":1},"geometry":{"type":"LineString","coordinates":[[-70.12791,-20.29439],[-70.12789,-20.29248]]}},{"type":"Feature","properties":{"nombre":"Ruta 1","jerarquia":1},"geometry":{"type":"LineString","coordinates":[[-70.16935,-20.36755],[-70.16951,-20.36805]]}},{"type":"Feature","properties":{"nombre":"Ruta 1","jerarquia":1},"geometry":{"type":"LineString","coordinates":[[-70.16919,-20.36707],[-70.16935,-20.36755]]}},{"type":"Feature","properties":{"nombre":"Ruta 1","jerarquia":1},"geometry":{"type":"LineString","coordinates":[[-70.16671,-20.35812],[-70.16721,-20.35975],[-70.16773,-20.3621]]}},{"type":"Feature","properties":{"nombre":"Ruta 1","jerarquia":1},"geometry":{"type":"LineString","coordinates":[[-70.16872,-20.36603],[-70.16859,-20.36563]]}},{"type":"Feature","properties":{"nombre":"Ruta 1","jerarquia":1},"geometry":{"type":"LineString","coordinates":[[-70.16893,-20.36669],[-70.16872,-20.36603]]}},{"type":"Feature","properties":{"nombre":"Ruta 1","jerarquia":1},"geometry":{"type":"LineString","coordinates":[[-70.16789,-20.36347],[-70.16702,-20.36051]]}},{"type":"Feature","properties":{"nombre":"Ruta 1","jerarquia":1},"geometry":{"type":"LineString","coordinates":[[-70.16456,-20.35446],[-70.16346,-20.35304]]}},{"type":"Feature","properties":{"nombre":"Ruta 1","jerarquia":1},"geometry":{"type":"LineString","coordinates":[[-70.16484,-20.35484],[-70.16456,-20.35446]]}},{"type":"Feature","properties":{"nombre":"Ruta 1","jerarquia":1},"geometry":{"type":"LineString","coordinates":[[-70.16346,-20.35304],[-70.163,-20.35243]]}},{"type":"Feature","properties":{"nombre":"Ruta 1","jerarquia":1},"geometry":{"type":"LineString","coordinates":[[-70.1655,-20.35586],[-70.16527,-20.35545]]}},{"type":"Feature","properties":{"nombre":"Ruta 1","jerarquia":1},"geometry":{"type":"LineString","coordinates":[[-70.16633,-20.35829],[-70.16572,-20.35641],[-70.1655,-20.35586]]}},{"type":"Feature","properties":{"nombre":"Ruta 1","jerarquia":1},"geometry":{"type":"LineString","coordinates":[[-70.16527,-20.35545],[-70.16497,-20.35501]]}},{"type":"Feature","properties":{"nombre":"Ruta 1","jerarquia":1},"geometry":{"type":"LineString","coordinates":[[-70.16634,-20.35696],[-70.16671,-20.35812]]}},{"type":"Feature","properties":{"nombre":"Ruta 1","jerarquia":1},"geometry":{"type":"LineString","coordinates":[[-70.16629,-20.35681],[-70.16634,-20.35696]]}},{"type":"Feature","properties":{"nombre":"Ruta 1","jerarquia":1},"geometry":{"type":"LineString","coordinates":[[-70.165,-20.35459],[-70.16588,-20.35588],[-70.16629,-20.35681]]}},{"type":"Feature","properties":{"nombre":"Ruta 1","jerarquia":1},"geometry":{"type":"LineString","coordinates":[[-70.1644,-20.35375],[-70.165,-20.35459]]}},{"type":"Feature","properties":{"nombre":"Ruta 1","jerarquia":1},"geometry":{"type":"LineString","coordinates":[[-70.16371,-20.35277],[-70.16406,-20.35327]]}},{"type":"Feature","properties":{"nombre":"Ruta 1","jerarquia":1},"geometry":{"type":"LineString","coordinates":[[-70.16406,-20.35327],[-70.1644,-20.35375]]}},{"type":"Feature","properties":{"nombre":"Ruta 1","jerarquia":1},"geometry":{"type":"LineString","coordinates":[[-70.16148,-20.35039],[-70.16063,-20.34926]]}},{"type":"Feature","properties":{"nombre":"Ruta 1","jerarquia":1},"geometry":{"type":"LineString","coordinates":[[-70.16063,-20.34926],[-70.15891,-20.34701]]}},{"type":"Feature","properties":{"nombre":"Ruta 1","jerarquia":1},"geometry":{"type":"LineString","coordinates":[[-70.16218,-20.35133],[-70.16148,-20.35039]]}},{"type":"Feature","properties":{"nombre":"Ruta 1","jerarquia":1},"geometry":{"type":"LineString","coordinates":[[-70.16253,-20.3511],[-70.16371,-20.35277]]}},{"type":"Feature","properties":{"nombre":"Ruta 1","jerarquia":1},"geometry":{"type":"LineString","coordinates":[[-70.16847,-20.38342],[-70.16824,-20.38401],[-70.16781,-20.38486],[-70.16285,-20.39344],[-70.16236,-20.39448],[-70.16007,-20.39988]]}},{"type":"Feature","properties":{"nombre":"Ruta 1","jerarquia":1},"geometry":{"type":"LineString","coordinates":[[-70.163,-20.35243],[-70.16218,-20.35133]]}},{"type":"Feature","properties":{"nombre":"Ruta 1","jerarquia":1},"geometry":{"type":"LineString","coordinates":[[-70.15613,-20.41001],[-70.15634,-20.4088],[-70.1567,-20.40761],[-70.15903,-20.402]]}},{"type":"Feature","properties":{"nombre":"Ruta 1","jerarquia":1},"geometry":{"type":"LineString","coordinates":[[-70.16811,-20.38329],[-70.16834,-20.38229]]}},{"type":"Feature","properties":{"nombre":"Ruta 1","jerarquia":1},"geometry":{"type":"LineString","coordinates":[[-70.16848,-20.38165],[-70.16861,-20.38104]]}},{"type":"Feature","properties":{"nombre":"Ruta 1","jerarquia":1},"geometry":{"type":"LineString","coordinates":[[-70.16834,-20.38229],[-70.16848,-20.38165]]}},{"type":"Feature","properties":{"nombre":"Ruta 1","jerarquia":1},"geometry":{"type":"LineString","coordinates":[[-70.16903,-20.38111],[-70.16892,-20.38159]]}},{"type":"Feature","properties":{"nombre":"Ruta 1","jerarquia":1},"geometry":{"type":"LineString","coordinates":[[-70.16892,-20.38159],[-70.16873,-20.38249],[-70.16847,-20.38342]]}},{"type":"Feature","properties":{"nombre":"Ruta 1","jerarquia":1},"geometry":{"type":"LineString","coordinates":[[-70.17061,-20.37393],[-70.17034,-20.37521]]}},{"type":"Feature","properties":{"nombre":"Ruta 1","jerarquia":1},"geometry":{"type":"LineString","coordinates":[[-70.17034,-20.37521],[-70.17017,-20.37602]]}},{"type":"Feature","properties":{"nombre":"Ruta 1","jerarquia":1},"geometry":{"type":"LineString","coordinates":[[-70.17017,-20.37602],[-70.16958,-20.37863]]}},{"type":"Feature","properties":{"nombre":"Ruta 1","jerarquia":1},"geometry":{"type":"LineString","coordinates":[[-70.16958,-20.37863],[-70.16948,-20.37907]]}},{"type":"Feature","properties":{"nombre":"Ruta 1","jerarquia":1},"geometry":{"type":"LineString","coordinates":[[-70.16861,-20.38104],[-70.16881,-20.38014]]}},{"type":"Feature","properties":{"nombre":"Ruta 1","jerarquia":1},"geometry":{"type":"LineString","coordinates":[[-70.16922,-20.38023],[-70.16903,-20.38111]]}},{"type":"Feature","properties":{"nombre":"Ruta 1","jerarquia":1},"geometry":{"type":"LineString","coordinates":[[-70.16881,-20.38014],[-70.16945,-20.37785]]}},{"type":"Feature","properties":{"nombre":"Ruta 1","jerarquia":1},"geometry":{"type":"LineString","coordinates":[[-70.16945,-20.37785],[-70.17002,-20.37596],[-70.17035,-20.37457],[-70.17054,-20.37356],[-70.17058,-20.37249],[-70.17051,-20.37184],[-70.17032,-20.371],[-70.16893,-20.36669]]}},{"type":"Feature","properties":{"nombre":"Ruta 1","jerarquia":1},"geometry":{"type":"LineString","coordinates":[[-70.16948,-20.37907],[-70.16922,-20.38023]]}},{"type":"Feature","properties":{"nombre":"Ruta 1","jerarquia":1},"geometry":{"type":"LineString","coordinates":[[-70.16951,-20.36805],[-70.17028,-20.37042],[-70.17059,-20.37157],[-70.17071,-20.37278],[-70.17061,-20.37393]]}},{"type":"Feature","properties":{"nombre":"Aníbal Pinto","jerarquia":5},"geometry":{"type":"LineString","coordinates":[[-70.15277,-20.21179],[-70.15277,-20.21211]]}},{"type":"Feature","properties":{"nombre":"Aníbal Pinto","jerarquia":5},"geometry":{"type":"LineString","coordinates":[[-70.15277,-20.21211],[-70.15277,-20.2126]]}},{"type":"Feature","properties":{"nombre":"Aníbal Pinto","jerarquia":5},"geometry":{"type":"LineString","coordinates":[[-70.15277,-20.2126],[-70.15278,-20.21319]]}},{"type":"Feature","properties":{"nombre":"Aníbal Pinto","jerarquia":5},"geometry":{"type":"LineString","coordinates":[[-70.15283,-20.21591],[-70.15287,-20.21673]]}},{"type":"Feature","properties":{"nombre":"Aníbal Pinto","jerarquia":5},"geometry":{"type":"LineString","coordinates":[[-70.15287,-20.21673],[-70.15289,-20.2173]]}},{"type":"Feature","properties":{"nombre":"Serrano","jerarquia":5},"geometry":{"type":"LineString","coordinates":[[-70.15432,-20.21314],[-70.1544,-20.2131]]}},{"type":"Feature","properties":{"nombre":"Avenida Arturo Prat Chacón","jerarquia":3},"geometry":{"type":"LineString","coordinates":[[-70.156,-20.21632],[-70.15563,-20.21559]]}},{"type":"Feature","properties":{"nombre":"Avenida Arturo Prat Chacón","jerarquia":3},"geometry":{"type":"LineString","coordinates":[[-70.15563,-20.21559],[-70.15516,-20.21473]]}},{"type":"Feature","properties":{"nombre":"Avenida Arturo Prat Chacón","jerarquia":3},"geometry":{"type":"LineString","coordinates":[[-70.15516,-20.21473],[-70.15485,-20.21415]]}},{"type":"Feature","properties":{"nombre":"Avenida Arturo Prat Chacón","jerarquia":3},"geometry":{"type":"LineString","coordinates":[[-70.15485,-20.21415],[-70.15462,-20.2137]]}},{"type":"Feature","properties":{"nombre":"Avenida Arturo Prat Chacón","jerarquia":3},"geometry":{"type":"LineString","coordinates":[[-70.15462,-20.2137],[-70.15432,-20.21314]]}},{"type":"Feature","properties":{"nombre":"Avenida Arturo Prat Chacón","jerarquia":3},"geometry":{"type":"LineString","coordinates":[[-70.14989,-20.20777],[-70.14963,-20.20775]]}},{"type":"Feature","properties":{"nombre":"Avenida Arturo Prat Chacón","jerarquia":3},"geometry":{"type":"LineString","coordinates":[[-70.14963,-20.20775],[-70.14907,-20.20771]]}},{"type":"Feature","properties":{"nombre":"Avenida Arturo Prat Chacón","jerarquia":3},"geometry":{"type":"LineString","coordinates":[[-70.14907,-20.20771],[-70.14886,-20.20767]]}},{"type":"Feature","properties":{"nombre":"Avenida Arturo Prat Chacón","jerarquia":3},"geometry":{"type":"LineString","coordinates":[[-70.14886,-20.20767],[-70.14866,-20.20762]]}},{"type":"Feature","properties":{"nombre":"Avenida Arturo Prat Chacón","jerarquia":3},"geometry":{"type":"LineString","coordinates":[[-70.14866,-20.20762],[-70.14832,-20.20752]]}},{"type":"Feature","properties":{"nombre":"Avenida Arturo Prat Chacón","jerarquia":3},"geometry":{"type":"LineString","coordinates":[[-70.14832,-20.20752],[-70.14784,-20.20728],[-70.14721,-20.20679],[-70.14661,-20.20651],[-70.14636,-20.20649],[-70.14572,-20.2066],[-70.14527,-20.20682]]}},{"type":"Feature","properties":{"nombre":"Avenida Arturo Prat Chacón","jerarquia":3},"geometry":{"type":"LineString","coordinates":[[-70.14527,-20.20682],[-70.14514,-20.20687]]}},{"type":"Feature","properties":{"nombre":"Avenida Arturo Prat Chacón","jerarquia":3},"geometry":{"type":"LineString","coordinates":[[-70.14514,-20.20687],[-70.14493,-20.2071],[-70.14387,-20.20784]]}},{"type":"Feature","properties":{"nombre":"Avenida Arturo Prat Chacón","jerarquia":3},"geometry":{"type":"LineString","coordinates":[[-70.14387,-20.20784],[-70.1434,-20.20808]]}},{"type":"Feature","properties":{"nombre":"Avenida Arturo Prat Chacón","jerarquia":3},"geometry":{"type":"LineString","coordinates":[[-70.15171,-20.21147],[-70.15157,-20.21128],[-70.15148,-20.21105]]}},{"type":"Feature","properties":{"nombre":"Avenida Arturo Prat Chacón","jerarquia":3},"geometry":{"type":"LineString","coordinates":[[-70.15148,-20.21105],[-70.15146,-20.21095]]}},{"type":"Feature","properties":{"nombre":"Avenida Arturo Prat Chacón","jerarquia":3},"geometry":{"type":"LineString","coordinates":[[-70.15277,-20.21179],[-70.15222,-20.21169]]}},{"type":"Feature","properties":{"nombre":"Avenida Arturo Prat Chacón","jerarquia":3},"geometry":{"type":"LineString","coordinates":[[-70.15222,-20.21169],[-70.15192,-20.2116],[-70.15171,-20.21147]]}},{"type":"Feature","properties":{"nombre":"Avenida Arturo Prat Chacón","jerarquia":3},"geometry":{"type":"LineString","coordinates":[[-70.15291,-20.21175],[-70.15327,-20.21188]]}},{"type":"Feature","properties":{"nombre":"Avenida Arturo Prat Chacón","jerarquia":3},"geometry":{"type":"LineString","coordinates":[[-70.15157,-20.21096],[-70.15167,-20.21128],[-70.15188,-20.21148],[-70.15207,-20.21157],[-70.15272,-20.2117]]}},{"type":"Feature","properties":{"nombre":"Avenida Arturo Prat Chacón","jerarquia":3},"geometry":{"type":"LineString","coordinates":[[-70.15272,-20.2117],[-70.15291,-20.21175]]}},{"type":"Feature","properties":{"nombre":"Héroes de la Concepción","jerarquia":4},"geometry":{"type":"LineString","coordinates":[[-70.13935,-20.21952],[-70.13931,-20.21908]]}},{"type":"Feature","properties":{"nombre":"Héroes de la Concepción","jerarquia":4},"geometry":{"type":"LineString","coordinates":[[-70.13939,-20.21996],[-70.13935,-20.21952]]}},{"type":"Feature","properties":{"nombre":"Héroes de la Concepción","jerarquia":4},"geometry":{"type":"LineString","coordinates":[[-70.13943,-20.22053],[-70.13939,-20.21996]]}},{"type":"Feature","properties":{"nombre":"Héroes de la Concepción","jerarquia":4},"geometry":{"type":"LineString","coordinates":[[-70.13977,-20.22462],[-70.1397,-20.22402]]}},{"type":"Feature","properties":{"nombre":"Héroes de la Concepción","jerarquia":4},"geometry":{"type":"LineString","coordinates":[[-70.1397,-20.22402],[-70.13968,-20.22375]]}},{"type":"Feature","properties":{"nombre":"Héroes de la Concepción","jerarquia":4},"geometry":{"type":"LineString","coordinates":[[-70.14106,-20.23018],[-70.14059,-20.22886]]}},{"type":"Feature","properties":{"nombre":"Héroes de la Concepción","jerarquia":4},"geometry":{"type":"LineString","coordinates":[[-70.14059,-20.22886],[-70.14055,-20.22877]]}},{"type":"Feature","properties":{"nombre":"Héroes de la Concepción","jerarquia":4},"geometry":{"type":"LineString","coordinates":[[-70.14055,-20.22877],[-70.14017,-20.2277]]}},{"type":"Feature","properties":{"nombre":"Héroes de la Concepción","jerarquia":4},"geometry":{"type":"LineString","coordinates":[[-70.14049,-20.22832],[-70.14061,-20.22865]]}},{"type":"Feature","properties":{"nombre":"Héroes de la Concepción","jerarquia":4},"geometry":{"type":"LineString","coordinates":[[-70.14061,-20.22865],[-70.14065,-20.22876]]}},{"type":"Feature","properties":{"nombre":"Héroes de la Concepción","jerarquia":4},"geometry":{"type":"LineString","coordinates":[[-70.14065,-20.22876],[-70.14111,-20.23003]]}},{"type":"Feature","properties":{"nombre":"Héroes de la Concepción","jerarquia":4},"geometry":{"type":"LineString","coordinates":[[-70.14111,-20.23003],[-70.14115,-20.23015]]}},{"type":"Feature","properties":{"nombre":"Héroes de la Concepción","jerarquia":4},"geometry":{"type":"LineString","coordinates":[[-70.14013,-20.22735],[-70.14026,-20.22769]]}},{"type":"Feature","properties":{"nombre":"Héroes de la Concepción","jerarquia":4},"geometry":{"type":"LineString","coordinates":[[-70.14026,-20.22769],[-70.14049,-20.22832]]}},{"type":"Feature","properties":{"nombre":"Avenida Salvador Allende Gossens","jerarquia":4},"geometry":{"type":"LineString","coordinates":[[-70.13524,-20.22496],[-70.13524,-20.22502]]}},{"type":"Feature","properties":{"nombre":"Céspedes y González","jerarquia":5},"geometry":{"type":"LineString","coordinates":[[-70.13524,-20.22502],[-70.13516,-20.22502]]}},{"type":"Feature","properties":{"nombre":"Juan Martínez","jerarquia":4},"geometry":{"type":"LineString","coordinates":[[-70.14619,-20.2275],[-70.14623,-20.22781]]}},{"type":"Feature","properties":{"nombre":"Juan Martínez","jerarquia":4},"geometry":{"type":"LineString","coordinates":[[-70.14623,-20.22781],[-70.14631,-20.22851]]}},{"type":"Feature","properties":{"nombre":"Avenida Diego Portales","jerarquia":5},"geometry":{"type":"LineString","coordinates":[[-70.14383,-20.22935],[-70.14356,-20.22939]]}},{"type":"Feature","properties":{"nombre":"Avenida Diego Portales","jerarquia":5},"geometry":{"type":"LineString","coordinates":[[-70.14619,-20.22926],[-70.1463,-20.22926]]}},{"type":"Feature","properties":{"nombre":"Arturo Fernández","jerarquia":4},"geometry":{"type":"LineString","coordinates":[[-70.14467,-20.22838],[-70.14466,-20.22806]]}},{"type":"Feature","properties":{"nombre":"Arturo Fernández","jerarquia":5},"geometry":{"type":"LineString","coordinates":[[-70.14471,-20.22898],[-70.14469,-20.2288]]}},{"type":"Feature","properties":{"nombre":"Arturo Fernández","jerarquia":5},"geometry":{"type":"LineString","coordinates":[[-70.14469,-20.2288],[-70.14468,-20.22869]]}},{"type":"Feature","properties":{"nombre":"Arturo Fernández","jerarquia":5},"geometry":{"type":"LineString","coordinates":[[-70.14468,-20.22869],[-70.14468,-20.22858]]}},{"type":"Feature","properties":{"nombre":"Arturo Fernández","jerarquia":5},"geometry":{"type":"LineString","coordinates":[[-70.14468,-20.22858],[-70.14467,-20.22838]]}},{"type":"Feature","properties":{"nombre":"Arturo Fernández","jerarquia":4},"geometry":{"type":"LineString","coordinates":[[-70.14466,-20.22806],[-70.14463,-20.2275]]}},{"type":"Feature","properties":{"nombre":"","jerarquia":4},"geometry":{"type":"LineString","coordinates":[[-70.14488,-20.22857],[-70.14467,-20.22838]]}},{"type":"Feature","properties":{"nombre":"","jerarquia":4},"geometry":{"type":"LineString","coordinates":[[-70.14647,-20.2285],[-70.14632,-20.22858]]}},{"type":"Feature","properties":{"nombre":"Avenida Luis Emilio Recabarren","jerarquia":5},"geometry":{"type":"LineString","coordinates":[[-70.14284,-20.23867],[-70.14278,-20.2386]]}},{"type":"Feature","properties":{"nombre":"Avenida La Tirana","jerarquia":2},"geometry":{"type":"LineString","coordinates":[[-70.12835,-20.23393],[-70.12883,-20.23766],[-70.12879,-20.23811]]}},{"type":"Feature","properties":{"nombre":"Avenida La Tirana","jerarquia":2},"geometry":{"type":"LineString","coordinates":[[-70.12869,-20.23809],[-70.12872,-20.23759],[-70.12825,-20.23394]]}},{"type":"Feature","properties":{"nombre":"Avenida La Tirana","jerarquia":2},"geometry":{"type":"LineString","coordinates":[[-70.12873,-20.23831],[-70.12837,-20.23938]]}},{"type":"Feature","properties":{"nombre":"Avenida La Tirana","jerarquia":2},"geometry":{"type":"LineString","coordinates":[[-70.12837,-20.23938],[-70.12817,-20.24004],[-70.12814,-20.24066]]}},{"type":"Feature","properties":{"nombre":"Avenida La Tirana","jerarquia":2},"geometry":{"type":"LineString","coordinates":[[-70.12814,-20.24066],[-70.12821,-20.24162]]}},{"type":"Feature","properties":{"nombre":"Avenida La Tirana","jerarquia":2},"geometry":{"type":"LineString","coordinates":[[-70.12821,-20.24162],[-70.12829,-20.243]]}},{"type":"Feature","properties":{"nombre":"Avenida La Tirana","jerarquia":2},"geometry":{"type":"LineString","coordinates":[[-70.12829,-20.243],[-70.12838,-20.24445]]}},{"type":"Feature","properties":{"nombre":"Avenida La Tirana","jerarquia":2},"geometry":{"type":"LineString","coordinates":[[-70.12819,-20.243],[-70.12817,-20.24244]]}},{"type":"Feature","properties":{"nombre":"Avenida La Tirana","jerarquia":2},"geometry":{"type":"LineString","coordinates":[[-70.12817,-20.24244],[-70.12812,-20.24162]]}},{"type":"Feature","properties":{"nombre":"Avenida La Tirana","jerarquia":2},"geometry":{"type":"LineString","coordinates":[[-70.12812,-20.24162],[-70.12805,-20.24066]]}},{"type":"Feature","properties":{"nombre":"Avenida La Tirana","jerarquia":2},"geometry":{"type":"LineString","coordinates":[[-70.12805,-20.24066],[-70.12807,-20.24011]]}},{"type":"Feature","properties":{"nombre":"Avenida La Tirana","jerarquia":2},"geometry":{"type":"LineString","coordinates":[[-70.12807,-20.24011],[-70.12828,-20.23936]]}},{"type":"Feature","properties":{"nombre":"Avenida La Tirana","jerarquia":2},"geometry":{"type":"LineString","coordinates":[[-70.12828,-20.23936],[-70.12854,-20.23858]]}},{"type":"Feature","properties":{"nombre":"Avenida La Tirana","jerarquia":2},"geometry":{"type":"LineString","coordinates":[[-70.12854,-20.23858],[-70.12863,-20.2383]]}},{"type":"Feature","properties":{"nombre":"Avenida La Tirana","jerarquia":2},"geometry":{"type":"LineString","coordinates":[[-70.12863,-20.2383],[-70.12864,-20.23828]]}},{"type":"Feature","properties":{"nombre":"Avenida Salvador Allende Gossens","jerarquia":4},"geometry":{"type":"LineString","coordinates":[[-70.13566,-20.23175],[-70.13559,-20.23082]]}},{"type":"Feature","properties":{"nombre":"Avenida Salvador Allende Gossens","jerarquia":4},"geometry":{"type":"LineString","coordinates":[[-70.13559,-20.23082],[-70.13559,-20.23071]]}},{"type":"Feature","properties":{"nombre":"Avenida Salvador Allende Gossens","jerarquia":4},"geometry":{"type":"LineString","coordinates":[[-70.13567,-20.2307],[-70.13575,-20.23175]]}},{"type":"Feature","properties":{"nombre":"Avenida Salvador Allende Gossens","jerarquia":4},"geometry":{"type":"LineString","coordinates":[[-70.13555,-20.22903],[-70.13559,-20.22965]]}},{"type":"Feature","properties":{"nombre":"Avenida Salvador Allende Gossens","jerarquia":4},"geometry":{"type":"LineString","coordinates":[[-70.13559,-20.22965],[-70.13562,-20.23005]]}},{"type":"Feature","properties":{"nombre":"Avenida Salvador Allende Gossens","jerarquia":4},"geometry":{"type":"LineString","coordinates":[[-70.13562,-20.23005],[-70.13567,-20.2306]]}},{"type":"Feature","properties":{"nombre":"Avenida Salvador Allende Gossens","jerarquia":4},"geometry":{"type":"LineString","coordinates":[[-70.13567,-20.2306],[-70.13567,-20.2307]]}},{"type":"Feature","properties":{"nombre":"Avenida Salvador Allende Gossens","jerarquia":4},"geometry":{"type":"LineString","coordinates":[[-70.13559,-20.23071],[-70.13556,-20.23039]]}},{"type":"Feature","properties":{"nombre":"Avenida Salvador Allende Gossens","jerarquia":4},"geometry":{"type":"LineString","coordinates":[[-70.13572,-20.23256],[-70.13566,-20.23175]]}},{"type":"Feature","properties":{"nombre":"Avenida Salvador Allende Gossens","jerarquia":4},"geometry":{"type":"LineString","coordinates":[[-70.13575,-20.23175],[-70.1358,-20.23238]]}},{"type":"Feature","properties":{"nombre":"Avenida Salvador Allende Gossens","jerarquia":4},"geometry":{"type":"LineString","coordinates":[[-70.1358,-20.23238],[-70.13581,-20.23256]]}},{"type":"Feature","properties":{"nombre":"Avenida Diego Portales","jerarquia":5},"geometry":{"type":"LineString","coordinates":[[-70.13567,-20.2307],[-70.13559,-20.23071]]}},{"type":"Feature","properties":{"nombre":"Juan Martínez","jerarquia":4},"geometry":{"type":"LineString","coordinates":[[-70.14485,-20.21333],[-70.14489,-20.2138]]}},{"type":"Feature","properties":{"nombre":"Juan Martínez","jerarquia":4},"geometry":{"type":"LineString","coordinates":[[-70.1448,-20.21281],[-70.14485,-20.21333]]}},{"type":"Feature","properties":{"nombre":"Juan Martínez","jerarquia":4},"geometry":{"type":"LineString","coordinates":[[-70.14476,-20.2124],[-70.1448,-20.21281]]}},{"type":"Feature","properties":{"nombre":"Juan Martínez","jerarquia":4},"geometry":{"type":"LineString","coordinates":[[-70.1447,-20.21177],[-70.14473,-20.21209]]}},{"type":"Feature","properties":{"nombre":"Juan Martínez","jerarquia":4},"geometry":{"type":"LineString","coordinates":[[-70.14473,-20.21209],[-70.14476,-20.2124]]}},{"type":"Feature","properties":{"nombre":"Juan Martínez","jerarquia":4},"geometry":{"type":"LineString","coordinates":[[-70.14466,-20.21137],[-70.1447,-20.21177]]}},{"type":"Feature","properties":{"nombre":"Juan Martínez","jerarquia":4},"geometry":{"type":"LineString","coordinates":[[-70.14462,-20.21097],[-70.14466,-20.21137]]}},{"type":"Feature","properties":{"nombre":"Juan Martínez","jerarquia":5},"geometry":{"type":"LineString","coordinates":[[-70.14459,-20.21061],[-70.14462,-20.21097]]}},{"type":"Feature","properties":{"nombre":"Juan Martínez","jerarquia":5},"geometry":{"type":"LineString","coordinates":[[-70.14455,-20.21024],[-70.14459,-20.21061]]}},{"type":"Feature","properties":{"nombre":"Avenida Elías Lafertte","jerarquia":5},"geometry":{"type":"LineString","coordinates":[[-70.13021,-20.22709],[-70.13029,-20.22705]]}},{"type":"Feature","properties":{"nombre":"Avenida Elías Lafertte","jerarquia":5},"geometry":{"type":"LineString","coordinates":[[-70.13,-20.22718],[-70.13021,-20.22709]]}},{"type":"Feature","properties":{"nombre":"Avenida La Tirana","jerarquia":2},"geometry":{"type":"LineString","coordinates":[[-70.12969,-20.22753],[-70.12979,-20.22728]]}},{"type":"Feature","properties":{"nombre":"Avenida La Tirana","jerarquia":2},"geometry":{"type":"LineString","coordinates":[[-70.13203,-20.22311],[-70.1321,-20.22235],[-70.13207,-20.22184]]}},{"type":"Feature","properties":{"nombre":"Avenida Elías Lafertte","jerarquia":5},"geometry":{"type":"LineString","coordinates":[[-70.13029,-20.22705],[-70.13017,-20.22719]]}},{"type":"Feature","properties":{"nombre":"Avenida Elías Lafertte","jerarquia":5},"geometry":{"type":"LineString","coordinates":[[-70.12985,-20.22753],[-70.12973,-20.22754]]}},{"type":"Feature","properties":{"nombre":"Avenida Elías Lafertte","jerarquia":5},"geometry":{"type":"LineString","coordinates":[[-70.12973,-20.22754],[-70.12969,-20.22753]]}},{"type":"Feature","properties":{"nombre":"Avenida Elías Lafertte","jerarquia":5},"geometry":{"type":"LineString","coordinates":[[-70.13458,-20.22302],[-70.13389,-20.22364]]}},{"type":"Feature","properties":{"nombre":"Avenida Elías Lafertte","jerarquia":5},"geometry":{"type":"LineString","coordinates":[[-70.13389,-20.22364],[-70.13379,-20.22374]]}},{"type":"Feature","properties":{"nombre":"Avenida Elías Lafertte","jerarquia":5},"geometry":{"type":"LineString","coordinates":[[-70.13379,-20.22374],[-70.13307,-20.22439]]}},{"type":"Feature","properties":{"nombre":"Avenida Salvador Allende Gossens","jerarquia":4},"geometry":{"type":"LineString","coordinates":[[-70.13501,-20.22301],[-70.13498,-20.22266]]}},{"type":"Feature","properties":{"nombre":"Avenida Salvador Allende Gossens","jerarquia":4},"geometry":{"type":"LineString","coordinates":[[-70.13498,-20.22266],[-70.13488,-20.22136]]}},{"type":"Feature","properties":{"nombre":"Avenida Salvador Allende Gossens","jerarquia":4},"geometry":{"type":"LineString","coordinates":[[-70.13488,-20.22136],[-70.13487,-20.22128]]}},{"type":"Feature","properties":{"nombre":"Avenida Salvador Allende Gossens","jerarquia":4},"geometry":{"type":"LineString","coordinates":[[-70.13505,-20.22259],[-70.13508,-20.22292]]}},{"type":"Feature","properties":{"nombre":"Avenida Salvador Allende Gossens","jerarquia":4},"geometry":{"type":"LineString","coordinates":[[-70.13508,-20.22292],[-70.13508,-20.223]]}},{"type":"Feature","properties":{"nombre":"Avenida Salvador Allende Gossens","jerarquia":4},"geometry":{"type":"LineString","coordinates":[[-70.13494,-20.22128],[-70.13502,-20.22223]]}},{"type":"Feature","properties":{"nombre":"José Joaquín Pérez","jerarquia":5},"geometry":{"type":"LineString","coordinates":[[-70.13508,-20.223],[-70.13501,-20.22301]]}},{"type":"Feature","properties":{"nombre":"Avenida Salvador Allende Gossens","jerarquia":4},"geometry":{"type":"LineString","coordinates":[[-70.13546,-20.22903],[-70.13538,-20.22798]]}},{"type":"Feature","properties":{"nombre":"Avenida Salvador Allende Gossens","jerarquia":4},"geometry":{"type":"LineString","coordinates":[[-70.13538,-20.22798],[-70.13538,-20.2279]]}},{"type":"Feature","properties":{"nombre":"Avenida Salvador Allende Gossens","jerarquia":4},"geometry":{"type":"LineString","coordinates":[[-70.13551,-20.22966],[-70.13547,-20.2291]]}},{"type":"Feature","properties":{"nombre":"Avenida Salvador Allende Gossens","jerarquia":4},"geometry":{"type":"LineString","coordinates":[[-70.13547,-20.2291],[-70.13546,-20.22903]]}},{"type":"Feature","properties":{"nombre":"Avenida Salvador Allende Gossens","jerarquia":4},"geometry":{"type":"LineString","coordinates":[[-70.13546,-20.2279],[-70.13554,-20.22896]]}},{"type":"Feature","properties":{"nombre":"Avenida Salvador Allende Gossens","jerarquia":4},"geometry":{"type":"LineString","coordinates":[[-70.13554,-20.22896],[-70.13555,-20.22903]]}},{"type":"Feature","properties":{"nombre":"Avenida Salvador Allende Gossens","jerarquia":4},"geometry":{"type":"LineString","coordinates":[[-70.13556,-20.23039],[-70.13551,-20.22966]]}},{"type":"Feature","properties":{"nombre":"","jerarquia":4},"geometry":{"type":"LineString","coordinates":[[-70.1055,-20.25349],[-70.10543,-20.25308]]}},{"type":"Feature","properties":{"nombre":"","jerarquia":3},"geometry":{"type":"LineString","coordinates":[[-70.14473,-20.24099],[-70.14481,-20.24084],[-70.14483,-20.24069]]}},{"type":"Feature","properties":{"nombre":"","jerarquia":3},"geometry":{"type":"LineString","coordinates":[[-70.14483,-20.24069],[-70.14484,-20.24058]]}},{"type":"Feature","properties":{"nombre":"Héroes de la Concepción","jerarquia":4},"geometry":{"type":"LineString","coordinates":[[-70.145,-20.24078],[-70.14505,-20.24088]]}},{"type":"Feature","properties":{"nombre":"21 de Mayo","jerarquia":5},"geometry":{"type":"LineString","coordinates":[[-70.14222,-20.22184],[-70.14228,-20.2227]]}},{"type":"Feature","properties":{"nombre":"21 de Mayo","jerarquia":5},"geometry":{"type":"LineString","coordinates":[[-70.14228,-20.2227],[-70.14235,-20.22365]]}},{"type":"Feature","properties":{"nombre":"21 de Mayo","jerarquia":5},"geometry":{"type":"LineString","coordinates":[[-70.14235,-20.22365],[-70.14238,-20.22418]]}},{"type":"Feature","properties":{"nombre":"21 de Mayo","jerarquia":5},"geometry":{"type":"LineString","coordinates":[[-70.14238,-20.22418],[-70.14241,-20.22462]]}},{"type":"Feature","properties":{"nombre":"21 de Mayo","jerarquia":5},"geometry":{"type":"LineString","coordinates":[[-70.14241,-20.22462],[-70.14244,-20.22505]]}},{"type":"Feature","properties":{"nombre":"21 de Mayo","jerarquia":5},"geometry":{"type":"LineString","coordinates":[[-70.14244,-20.22505],[-70.14248,-20.22562]]}},{"type":"Feature","properties":{"nombre":"21 de Mayo","jerarquia":5},"geometry":{"type":"LineString","coordinates":[[-70.14217,-20.22088],[-70.14222,-20.22184]]}},{"type":"Feature","properties":{"nombre":"21 de Mayo","jerarquia":5},"geometry":{"type":"LineString","coordinates":[[-70.14196,-20.21786],[-70.14199,-20.21835]]}},{"type":"Feature","properties":{"nombre":"21 de Mayo","jerarquia":5},"geometry":{"type":"LineString","coordinates":[[-70.14199,-20.21835],[-70.14203,-20.21893]]}},{"type":"Feature","properties":{"nombre":"21 de Mayo","jerarquia":5},"geometry":{"type":"LineString","coordinates":[[-70.14203,-20.21893],[-70.14209,-20.21981]]}},{"type":"Feature","properties":{"nombre":"21 de Mayo","jerarquia":5},"geometry":{"type":"LineString","coordinates":[[-70.14209,-20.21981],[-70.14217,-20.22088]]}},{"type":"Feature","properties":{"nombre":"Avenida Salvador Allende Gossens","jerarquia":4},"geometry":{"type":"LineString","coordinates":[[-70.13502,-20.22223],[-70.13505,-20.22259]]}},{"type":"Feature","properties":{"nombre":"Avenida Salvador Allende Gossens","jerarquia":4},"geometry":{"type":"LineString","coordinates":[[-70.13466,-20.21853],[-70.13465,-20.21823]]}},{"type":"Feature","properties":{"nombre":"Avenida Salvador Allende Gossens","jerarquia":4},"geometry":{"type":"LineString","coordinates":[[-70.13462,-20.21768],[-70.13462,-20.21744]]}},{"type":"Feature","properties":{"nombre":"Avenida Salvador Allende Gossens","jerarquia":4},"geometry":{"type":"LineString","coordinates":[[-70.13465,-20.21823],[-70.13464,-20.21807]]}},{"type":"Feature","properties":{"nombre":"Avenida Salvador Allende Gossens","jerarquia":4},"geometry":{"type":"LineString","coordinates":[[-70.13464,-20.21807],[-70.13462,-20.21768]]}},{"type":"Feature","properties":{"nombre":"Avenida Salvador Allende Gossens","jerarquia":4},"geometry":{"type":"LineString","coordinates":[[-70.13471,-20.21932],[-70.13466,-20.21853]]}},{"type":"Feature","properties":{"nombre":"Avenida Salvador Allende Gossens","jerarquia":4},"geometry":{"type":"LineString","coordinates":[[-70.13476,-20.22022],[-70.13471,-20.21941]]}},{"type":"Feature","properties":{"nombre":"Avenida Salvador Allende Gossens","jerarquia":4},"geometry":{"type":"LineString","coordinates":[[-70.13471,-20.21941],[-70.13471,-20.21932]]}},{"type":"Feature","properties":{"nombre":"Avenida Salvador Allende Gossens","jerarquia":4},"geometry":{"type":"LineString","coordinates":[[-70.13485,-20.22102],[-70.13483,-20.22094]]}},{"type":"Feature","properties":{"nombre":"Avenida Salvador Allende Gossens","jerarquia":4},"geometry":{"type":"LineString","coordinates":[[-70.13487,-20.22128],[-70.13485,-20.22102]]}},{"type":"Feature","properties":{"nombre":"Avenida Salvador Allende Gossens","jerarquia":4},"geometry":{"type":"LineString","coordinates":[[-70.13483,-20.21931],[-70.13488,-20.22012]]}},{"type":"Feature","properties":{"nombre":"Avenida Salvador Allende Gossens","jerarquia":4},"geometry":{"type":"LineString","coordinates":[[-70.13488,-20.22012],[-70.13488,-20.22021]]}},{"type":"Feature","properties":{"nombre":"Manuel Bulnes","jerarquia":3},"geometry":{"type":"LineString","coordinates":[[-70.13534,-20.22019],[-70.13496,-20.22021]]}},{"type":"Feature","properties":{"nombre":"Manuel Bulnes","jerarquia":3},"geometry":{"type":"LineString","coordinates":[[-70.13496,-20.22021],[-70.13488,-20.22021]]}},{"type":"Feature","properties":{"nombre":"Manuel Bulnes","jerarquia":3},"geometry":{"type":"LineString","coordinates":[[-70.13639,-20.22013],[-70.13615,-20.22015]]}},{"type":"Feature","properties":{"nombre":"Manuel Bulnes","jerarquia":3},"geometry":{"type":"LineString","coordinates":[[-70.13615,-20.22015],[-70.13595,-20.22016]]}},{"type":"Feature","properties":{"nombre":"Manuel Bulnes","jerarquia":3},"geometry":{"type":"LineString","coordinates":[[-70.13595,-20.22016],[-70.13572,-20.22017]]}},{"type":"Feature","properties":{"nombre":"Manuel Bulnes","jerarquia":3},"geometry":{"type":"LineString","coordinates":[[-70.13572,-20.22017],[-70.13534,-20.22019]]}},{"type":"Feature","properties":{"nombre":"Avenida Santa María","jerarquia":5},"geometry":{"type":"LineString","coordinates":[[-70.10222,-20.28474],[-70.10208,-20.28468]]}},{"type":"Feature","properties":{"nombre":"Avenida Santa María","jerarquia":5},"geometry":{"type":"LineString","coordinates":[[-70.10441,-20.28398],[-70.10427,-20.28402]]}},{"type":"Feature","properties":{"nombre":"Avenida Santa María","jerarquia":5},"geometry":{"type":"LineString","coordinates":[[-70.10427,-20.28402],[-70.10396,-20.28413]]}},{"type":"Feature","properties":{"nombre":"Avenida Santa María","jerarquia":5},"geometry":{"type":"LineString","coordinates":[[-70.10396,-20.28413],[-70.10354,-20.28429]]}},{"type":"Feature","properties":{"nombre":"Avenida Santa María","jerarquia":5},"geometry":{"type":"LineString","coordinates":[[-70.10354,-20.28429],[-70.10315,-20.28457]]}},{"type":"Feature","properties":{"nombre":"Avenida Santa María","jerarquia":5},"geometry":{"type":"LineString","coordinates":[[-70.10315,-20.28457],[-70.10273,-20.28468]]}},{"type":"Feature","properties":{"nombre":"Avenida Santa María","jerarquia":5},"geometry":{"type":"LineString","coordinates":[[-70.10273,-20.28468],[-70.10232,-20.28473]]}},{"type":"Feature","properties":{"nombre":"Avenida Santa María","jerarquia":5},"geometry":{"type":"LineString","coordinates":[[-70.10232,-20.28473],[-70.10222,-20.28474]]}},{"type":"Feature","properties":{"nombre":"Avenida Unión Europea","jerarquia":5},"geometry":{"type":"LineString","coordinates":[[-70.10322,-20.29612],[-70.10335,-20.29617]]}},{"type":"Feature","properties":{"nombre":"Avenida Unión Europea","jerarquia":5},"geometry":{"type":"LineString","coordinates":[[-70.10335,-20.29617],[-70.10404,-20.29649]]}},{"type":"Feature","properties":{"nombre":"Avenida Unión Europea","jerarquia":5},"geometry":{"type":"LineString","coordinates":[[-70.10322,-20.29612],[-70.10306,-20.29612]]}},{"type":"Feature","properties":{"nombre":"Avenida Unión Europea","jerarquia":5},"geometry":{"type":"LineString","coordinates":[[-70.10306,-20.29612],[-70.10294,-20.2961]]}},{"type":"Feature","properties":{"nombre":"Avenida Unión Europea","jerarquia":5},"geometry":{"type":"LineString","coordinates":[[-70.10294,-20.2961],[-70.10204,-20.29571]]}},{"type":"Feature","properties":{"nombre":"Avenida Unión Europea","jerarquia":5},"geometry":{"type":"LineString","coordinates":[[-70.10204,-20.29571],[-70.10156,-20.2955]]}},{"type":"Feature","properties":{"nombre":"Avenida Unión Europea","jerarquia":5},"geometry":{"type":"LineString","coordinates":[[-70.10156,-20.2955],[-70.1011,-20.2953]]}},{"type":"Feature","properties":{"nombre":"Avenida Unión Europea","jerarquia":5},"geometry":{"type":"LineString","coordinates":[[-70.1011,-20.2953],[-70.10089,-20.29521]]}},{"type":"Feature","properties":{"nombre":"Teniente Hernán Merino Correa","jerarquia":5},"geometry":{"type":"LineString","coordinates":[[-70.0884,-20.28141],[-70.08824,-20.28168]]}},{"type":"Feature","properties":{"nombre":"Teniente Hernán Merino Correa","jerarquia":5},"geometry":{"type":"LineString","coordinates":[[-70.08824,-20.28168],[-70.08747,-20.283]]}},{"type":"Feature","properties":{"nombre":"Teniente Hernán Merino Correa","jerarquia":5},"geometry":{"type":"LineString","coordinates":[[-70.08747,-20.283],[-70.08742,-20.28308]]}},{"type":"Feature","properties":{"nombre":"Circunvalación Sur","jerarquia":3},"geometry":{"type":"LineString","coordinates":[[-70.12243,-20.29601],[-70.12274,-20.29605]]}},{"type":"Feature","properties":{"nombre":"Circunvalación Sur","jerarquia":3},"geometry":{"type":"LineString","coordinates":[[-70.12162,-20.29595],[-70.12243,-20.29601]]}},{"type":"Feature","properties":{"nombre":"Circunvalación Sur","jerarquia":3},"geometry":{"type":"LineString","coordinates":[[-70.12283,-20.29613],[-70.12274,-20.29613]]}},{"type":"Feature","properties":{"nombre":"Circunvalación Sur","jerarquia":3},"geometry":{"type":"LineString","coordinates":[[-70.12274,-20.29613],[-70.12194,-20.29607]]}},{"type":"Feature","properties":{"nombre":"Vía Cuatro","jerarquia":3},"geometry":{"type":"LineString","coordinates":[[-70.12275,-20.29557],[-70.12283,-20.29605]]}},{"type":"Feature","properties":{"nombre":"Circunvalación Sur","jerarquia":3},"geometry":{"type":"LineString","coordinates":[[-70.11665,-20.25574],[-70.1164,-20.25666]]}},{"type":"Feature","properties":{"nombre":"Segundo Acceso","jerarquia":3},"geometry":{"type":"LineString","coordinates":[[-70.11772,-20.25199],[-70.117,-20.25276]]}},{"type":"Feature","properties":{"nombre":"Segundo Acceso","jerarquia":3},"geometry":{"type":"LineString","coordinates":[[-70.117,-20.25276],[-70.11678,-20.25297],[-70.11636,-20.25362],[-70.11616,-20.25422]]}},{"type":"Feature","properties":{"nombre":"Segundo Acceso","jerarquia":3},"geometry":{"type":"LineString","coordinates":[[-70.11604,-20.25418],[-70.11623,-20.25366],[-70.11651,-20.25311]]}},{"type":"Feature","properties":{"nombre":"Avenida La Tirana","jerarquia":2},"geometry":{"type":"LineString","coordinates":[[-70.12979,-20.22728],[-70.13031,-20.22632]]}},{"type":"Feature","properties":{"nombre":"Avenida La Tirana","jerarquia":2},"geometry":{"type":"LineString","coordinates":[[-70.13031,-20.22632],[-70.13136,-20.22432]]}},{"type":"Feature","properties":{"nombre":"Avenida La Tirana","jerarquia":2},"geometry":{"type":"LineString","coordinates":[[-70.13136,-20.22432],[-70.13203,-20.22311]]}},{"type":"Feature","properties":{"nombre":"Rotonda El Pampino","jerarquia":2},"geometry":{"type":"LineString","coordinates":[[-70.13206,-20.22057],[-70.13218,-20.22061],[-70.13229,-20.22072]]}},{"type":"Feature","properties":{"nombre":"Rotonda El Pampino","jerarquia":2},"geometry":{"type":"LineString","coordinates":[[-70.13201,-20.22057],[-70.13206,-20.22057]]}},{"type":"Feature","properties":{"nombre":"Avenida La Tirana","jerarquia":2},"geometry":{"type":"LineString","coordinates":[[-70.13236,-20.2211],[-70.13215,-20.2218],[-70.13217,-20.22231]]}},{"type":"Feature","properties":{"nombre":"Avenida Circunvalación","jerarquia":3},"geometry":{"type":"LineString","coordinates":[[-70.13147,-20.21562],[-70.13106,-20.21352]]}},{"type":"Feature","properties":{"nombre":"Avenida Arturo Prat Chacón","jerarquia":3},"geometry":{"type":"LineString","coordinates":[[-70.12784,-20.28893],[-70.1279,-20.28877],[-70.1279,-20.28848]]}},{"type":"Feature","properties":{"nombre":"Ruta A-616","jerarquia":4},"geometry":{"type":"LineString","coordinates":[[-70.06197,-20.2422],[-70.06276,-20.24339]]}},{"type":"Feature","properties":{"nombre":"Ruta A-616","jerarquia":4},"geometry":{"type":"LineString","coordinates":[[-70.0589,-20.23763],[-70.06037,-20.23988]]}},{"type":"Feature","properties":{"nombre":"Ruta A-616","jerarquia":4},"geometry":{"type":"LineString","coordinates":[[-70.06037,-20.23988],[-70.06143,-20.24136],[-70.06197,-20.2422]]}},{"type":"Feature","properties":{"nombre":"Ruta A-616","jerarquia":4},"geometry":{"type":"LineString","coordinates":[[-70.05817,-20.2365],[-70.05854,-20.23704]]}},{"type":"Feature","properties":{"nombre":"Ruta A-616","jerarquia":4},"geometry":{"type":"LineString","coordinates":[[-70.05854,-20.23704],[-70.0589,-20.23763]]}},{"type":"Feature","properties":{"nombre":"Ruta A-616","jerarquia":4},"geometry":{"type":"LineString","coordinates":[[-70.0589,-20.23763],[-70.05821,-20.23666]]}},{"type":"Feature","properties":{"nombre":"Ruta A-616","jerarquia":4},"geometry":{"type":"LineString","coordinates":[[-70.05804,-20.23644],[-70.05766,-20.23589]]}},{"type":"Feature","properties":{"nombre":"Ruta A-616","jerarquia":4},"geometry":{"type":"LineString","coordinates":[[-70.05766,-20.23589],[-70.05698,-20.23486]]}},{"type":"Feature","properties":{"nombre":"Ruta A-616","jerarquia":4},"geometry":{"type":"LineString","coordinates":[[-70.05706,-20.23481],[-70.05765,-20.23572]]}},{"type":"Feature","properties":{"nombre":"Ruta A-616","jerarquia":4},"geometry":{"type":"LineString","coordinates":[[-70.05698,-20.23486],[-70.05629,-20.23379]]}},{"type":"Feature","properties":{"nombre":"Ruta A-616","jerarquia":4},"geometry":{"type":"LineString","coordinates":[[-70.05629,-20.23379],[-70.05706,-20.23481]]}},{"type":"Feature","properties":{"nombre":"Ruta A-616","jerarquia":4},"geometry":{"type":"LineString","coordinates":[[-70.06482,-20.24668],[-70.06329,-20.24447]]}},{"type":"Feature","properties":{"nombre":"Ruta A-616","jerarquia":4},"geometry":{"type":"LineString","coordinates":[[-70.06329,-20.24447],[-70.06264,-20.24346]]}},{"type":"Feature","properties":{"nombre":"Ruta A-616","jerarquia":4},"geometry":{"type":"LineString","coordinates":[[-70.06264,-20.24346],[-70.06127,-20.2414]]}},{"type":"Feature","properties":{"nombre":"Ruta A-616","jerarquia":4},"geometry":{"type":"LineString","coordinates":[[-70.06276,-20.24339],[-70.06378,-20.24497]]}},{"type":"Feature","properties":{"nombre":"Ruta A-616","jerarquia":4},"geometry":{"type":"LineString","coordinates":[[-70.06378,-20.24497],[-70.06482,-20.24668]]}},{"type":"Feature","properties":{"nombre":"Ruta A-616","jerarquia":4},"geometry":{"type":"LineString","coordinates":[[-70.06127,-20.2414],[-70.06037,-20.23988]]}},{"type":"Feature","properties":{"nombre":"Avenida La Tirana","jerarquia":2},"geometry":{"type":"LineString","coordinates":[[-70.13,-20.22718],[-70.12985,-20.22753]]}},{"type":"Feature","properties":{"nombre":"Avenida La Tirana","jerarquia":2},"geometry":{"type":"LineString","coordinates":[[-70.12985,-20.22753],[-70.1295,-20.22848]]}},{"type":"Feature","properties":{"nombre":"Avenida La Tirana","jerarquia":2},"geometry":{"type":"LineString","coordinates":[[-70.1295,-20.22848],[-70.12909,-20.22976]]}},{"type":"Feature","properties":{"nombre":"Avenida La Tirana","jerarquia":2},"geometry":{"type":"LineString","coordinates":[[-70.12909,-20.22976],[-70.12857,-20.23092],[-70.12845,-20.23133]]}},{"type":"Feature","properties":{"nombre":"Avenida La Tirana","jerarquia":2},"geometry":{"type":"LineString","coordinates":[[-70.12845,-20.23133],[-70.12819,-20.23247],[-70.12827,-20.23326]]}},{"type":"Feature","properties":{"nombre":"Avenida La Tirana","jerarquia":2},"geometry":{"type":"LineString","coordinates":[[-70.12827,-20.23326],[-70.12827,-20.23331]]}},{"type":"Feature","properties":{"nombre":"Avenida La Tirana","jerarquia":2},"geometry":{"type":"LineString","coordinates":[[-70.12943,-20.22846],[-70.12969,-20.22753]]}},{"type":"Feature","properties":{"nombre":"Laonzana","jerarquia":5},"geometry":{"type":"LineString","coordinates":[[-70.12778,-20.23076],[-70.1279,-20.23026],[-70.1282,-20.22944],[-70.12838,-20.22911],[-70.12895,-20.22841]]}},{"type":"Feature","properties":{"nombre":"","jerarquia":5},"geometry":{"type":"LineString","coordinates":[[-70.13633,-20.1941],[-70.13624,-20.19404],[-70.13613,-20.19405]]}},{"type":"Feature","properties":{"nombre":"Teniente Hernán Merino Correa","jerarquia":5},"geometry":{"type":"LineString","coordinates":[[-70.10621,-20.2537],[-70.10597,-20.2541]]}},{"type":"Feature","properties":{"nombre":"Avenida Arturo Prat Chacón","jerarquia":3},"geometry":{"type":"LineString","coordinates":[[-70.13338,-20.2581],[-70.13355,-20.25776]]}},{"type":"Feature","properties":{"nombre":"Avenida Arturo Prat Chacón","jerarquia":3},"geometry":{"type":"LineString","coordinates":[[-70.13069,-20.26248],[-70.13338,-20.2581]]}},{"type":"Feature","properties":{"nombre":"","jerarquia":3},"geometry":{"type":"LineString","coordinates":[[-70.13355,-20.25776],[-70.13358,-20.25765],[-70.13354,-20.25754]]}},{"type":"Feature","properties":{"nombre":"Avenida Arturo Prat Chacón","jerarquia":3},"geometry":{"type":"LineString","coordinates":[[-70.13133,-20.26164],[-70.13078,-20.26252]]}},{"type":"Feature","properties":{"nombre":"Avenida Arturo Prat Chacón","jerarquia":3},"geometry":{"type":"LineString","coordinates":[[-70.13736,-20.25038],[-70.13707,-20.25089]]}},{"type":"Feature","properties":{"nombre":"Avenida Arturo Prat Chacón","jerarquia":3},"geometry":{"type":"LineString","coordinates":[[-70.13833,-20.24867],[-70.13736,-20.25038]]}},{"type":"Feature","properties":{"nombre":"Avenida Arturo Prat Chacón","jerarquia":3},"geometry":{"type":"LineString","coordinates":[[-70.12944,-20.26941],[-70.12941,-20.2702]]}},{"type":"Feature","properties":{"nombre":"Avenida Arturo Prat Chacón","jerarquia":3},"geometry":{"type":"LineString","coordinates":[[-70.12931,-20.27033],[-70.12937,-20.26867]]}},{"type":"Feature","properties":{"nombre":"Avenida Arturo Prat Chacón","jerarquia":3},"geometry":{"type":"LineString","coordinates":[[-70.12937,-20.26867],[-70.12937,-20.26859]]}},{"type":"Feature","properties":{"nombre":"Teresa Wilms Montt","jerarquia":5},"geometry":{"type":"LineString","coordinates":[[-70.12947,-20.26859],[-70.12937,-20.26859]]}},{"type":"Feature","properties":{"nombre":"Avenida Arturo Prat Chacón","jerarquia":3},"geometry":{"type":"LineString","coordinates":[[-70.12937,-20.26859],[-70.12937,-20.26852]]}},{"type":"Feature","properties":{"nombre":"Teresa Wilms Montt","jerarquia":5},"geometry":{"type":"LineString","coordinates":[[-70.12937,-20.26852],[-70.12947,-20.26852]]}},{"type":"Feature","properties":{"nombre":"Avenida Arturo Prat Chacón","jerarquia":3},"geometry":{"type":"LineString","coordinates":[[-70.12947,-20.26852],[-70.12947,-20.26859]]}},{"type":"Feature","properties":{"nombre":"Avenida Arturo Prat Chacón","jerarquia":3},"geometry":{"type":"LineString","coordinates":[[-70.12949,-20.26815],[-70.12948,-20.26842]]}},{"type":"Feature","properties":{"nombre":"Avenida Arturo Prat Chacón","jerarquia":3},"geometry":{"type":"LineString","coordinates":[[-70.12948,-20.26842],[-70.12947,-20.26852]]}},{"type":"Feature","properties":{"nombre":"Avenida Arturo Prat Chacón","jerarquia":3},"geometry":{"type":"LineString","coordinates":[[-70.12799,-20.28831],[-70.12799,-20.28895]]}},{"type":"Feature","properties":{"nombre":"Avenida Arturo Prat Chacón","jerarquia":3},"geometry":{"type":"LineString","coordinates":[[-70.12799,-20.28895],[-70.128,-20.28903]]}},{"type":"Feature","properties":{"nombre":"Avenida Arturo Prat Chacón","jerarquia":3},"geometry":{"type":"LineString","coordinates":[[-70.13024,-20.27456],[-70.13031,-20.27538],[-70.13024,-20.2758],[-70.13012,-20.27621]]}},{"type":"Feature","properties":{"nombre":"Avenida Arturo Prat Chacón","jerarquia":3},"geometry":{"type":"LineString","coordinates":[[-70.1302,-20.27527],[-70.13013,-20.27457]]}},{"type":"Feature","properties":{"nombre":"Avenida Arturo Prat Chacón","jerarquia":3},"geometry":{"type":"LineString","coordinates":[[-70.12944,-20.2708],[-70.13024,-20.27456]]}},{"type":"Feature","properties":{"nombre":"Avenida Arturo Prat Chacón","jerarquia":3},"geometry":{"type":"LineString","coordinates":[[-70.12996,-20.27378],[-70.12935,-20.2709]]}},{"type":"Feature","properties":{"nombre":"Avenida Arturo Prat Chacón","jerarquia":3},"geometry":{"type":"LineString","coordinates":[[-70.13013,-20.27457],[-70.12996,-20.27378]]}},{"type":"Feature","properties":{"nombre":"Avenida Arturo Prat Chacón","jerarquia":3},"geometry":{"type":"LineString","coordinates":[[-70.12941,-20.27033],[-70.12944,-20.2708]]}},{"type":"Feature","properties":{"nombre":"Avenida Arturo Prat Chacón","jerarquia":3},"geometry":{"type":"LineString","coordinates":[[-70.12935,-20.2709],[-70.12931,-20.27033]]}},{"type":"Feature","properties":{"nombre":"Ruta 1","jerarquia":1},"geometry":{"type":"LineString","coordinates":[[-70.14082,-20.33303],[-70.14101,-20.33347]]}},{"type":"Feature","properties":{"nombre":"Ruta 1","jerarquia":1},"geometry":{"type":"LineString","coordinates":[[-70.14025,-20.33035],[-70.14018,-20.33091],[-70.14023,-20.33159],[-70.14042,-20.33221],[-70.14082,-20.33303]]}},{"type":"Feature","properties":{"nombre":"Ruta 1","jerarquia":1},"geometry":{"type":"LineString","coordinates":[[-70.13555,-20.31127],[-70.13557,-20.31232]]}},{"type":"Feature","properties":{"nombre":"Ruta 1","jerarquia":1},"geometry":{"type":"LineString","coordinates":[[-70.13387,-20.3011],[-70.13414,-20.30284],[-70.13435,-20.30356]]}},{"type":"Feature","properties":{"nombre":"Ruta 1","jerarquia":1},"geometry":{"type":"LineString","coordinates":[[-70.13011,-20.29732],[-70.13089,-20.29792]]}},{"type":"Feature","properties":{"nombre":"Ruta 1","jerarquia":1},"geometry":{"type":"LineString","coordinates":[[-70.13468,-20.30452],[-70.13421,-20.30345],[-70.13401,-20.30261]]}},{"type":"Feature","properties":{"nombre":"Ruta 1","jerarquia":1},"geometry":{"type":"LineString","coordinates":[[-70.15596,-20.34431],[-70.15518,-20.34389]]}},{"type":"Feature","properties":{"nombre":"Ruta 1","jerarquia":1},"geometry":{"type":"LineString","coordinates":[[-70.15676,-20.34477],[-70.15596,-20.34431]]}},{"type":"Feature","properties":{"nombre":"Ruta 1","jerarquia":1},"geometry":{"type":"LineString","coordinates":[[-70.15891,-20.34701],[-70.15786,-20.3457],[-70.15733,-20.3452],[-70.15676,-20.34477]]}},{"type":"Feature","properties":{"nombre":"Ruta 1","jerarquia":1},"geometry":{"type":"LineString","coordinates":[[-70.14101,-20.33347],[-70.14149,-20.33513],[-70.14178,-20.33581],[-70.14235,-20.33672],[-70.14314,-20.33756]]}},{"type":"Feature","properties":{"nombre":"Ruta 1","jerarquia":1},"geometry":{"type":"LineString","coordinates":[[-70.14153,-20.33555],[-70.14133,-20.33502],[-70.14093,-20.33358],[-70.14032,-20.33227],[-70.14012,-20.33166],[-70.14006,-20.33127],[-70.14006,-20.33074],[-70.14013,-20.33035],[-70.14032,-20.32974]]}},{"type":"Feature","properties":{"nombre":"Ruta 1","jerarquia":1},"geometry":{"type":"LineString","coordinates":[[-70.13556,-20.31709],[-70.13561,-20.31777],[-70.13548,-20.32151],[-70.13559,-20.32209],[-70.13582,-20.32267],[-70.13626,-20.32326],[-70.13679,-20.32368],[-70.13934,-20.32488],[-70.13991,-20.32525],[-70.14028,-20.32559],[-70.14055,-20.32591],[-70.1409,-20.32657],[-70.14108,-20.32739],[-70.14102,-20.32815],[-70.14092,-20.32855],[-70.14045,-20.32972],[-70.14025,-20.33035]]}},{"type":"Feature","properties":{"nombre":"Ruta 1","jerarquia":1},"geometry":{"type":"LineString","coordinates":[[-70.14078,-20.32861],[-70.14096,-20.32784],[-70.14094,-20.32711],[-70.14071,-20.32636],[-70.1403,-20.32574],[-70.13995,-20.3254],[-70.13942,-20.32503],[-70.13747,-20.32414],[-70.1367,-20.32374],[-70.13618,-20.32331],[-70.13567,-20.32257],[-70.13547,-20.32202],[-70.13539,-20.32149],[-70.13553,-20.31775],[-70.1354,-20.31663]]}},{"type":"Feature","properties":{"nombre":"Ruta 1","jerarquia":1},"geometry":{"type":"LineString","coordinates":[[-70.14042,-20.3295],[-70.14078,-20.32861]]}},{"type":"Feature","properties":{"nombre":"Ruta 1","jerarquia":1},"geometry":{"type":"LineString","coordinates":[[-70.14032,-20.32974],[-70.14042,-20.3295]]}},{"type":"Feature","properties":{"nombre":"Ruta 1","jerarquia":1},"geometry":{"type":"LineString","coordinates":[[-70.13537,-20.31469],[-70.13535,-20.31573],[-70.13556,-20.31709]]}},{"type":"Feature","properties":{"nombre":"Ruta 1","jerarquia":1},"geometry":{"type":"LineString","coordinates":[[-70.13557,-20.31232],[-70.13553,-20.31319],[-70.13537,-20.31469]]}},{"type":"Feature","properties":{"nombre":"Ruta 1","jerarquia":1},"geometry":{"type":"LineString","coordinates":[[-70.1354,-20.31663],[-70.13527,-20.31581]]}},{"type":"Feature","properties":{"nombre":"Ruta 1","jerarquia":1},"geometry":{"type":"LineString","coordinates":[[-70.13527,-20.31581],[-70.13526,-20.31502]]}},{"type":"Feature","properties":{"nombre":"Ruta 1","jerarquia":1},"geometry":{"type":"LineString","coordinates":[[-70.13526,-20.31502],[-70.13548,-20.31262]]}},{"type":"Feature","properties":{"nombre":"Ruta 1","jerarquia":1},"geometry":{"type":"LineString","coordinates":[[-70.13548,-20.31262],[-70.13548,-20.31163],[-70.13539,-20.3103]]}},{"type":"Feature","properties":{"nombre":"Ruta 1","jerarquia":1},"geometry":{"type":"LineString","coordinates":[[-70.13525,-20.30823],[-70.13521,-20.30762]]}},{"type":"Feature","properties":{"nombre":"Ruta 1","jerarquia":1},"geometry":{"type":"LineString","coordinates":[[-70.13539,-20.3103],[-70.13525,-20.30823]]}},{"type":"Feature","properties":{"nombre":"Ruta 1","jerarquia":1},"geometry":{"type":"LineString","coordinates":[[-70.1353,-20.30761],[-70.13534,-20.30822]]}},{"type":"Feature","properties":{"nombre":"Ruta 1","jerarquia":1},"geometry":{"type":"LineString","coordinates":[[-70.13511,-20.30556],[-70.13519,-20.30614],[-70.1353,-20.30761]]}},{"type":"Feature","properties":{"nombre":"Ruta 1","jerarquia":1},"geometry":{"type":"LineString","coordinates":[[-70.13521,-20.30762],[-70.13506,-20.30583],[-70.13491,-20.30514],[-70.13468,-20.30452]]}},{"type":"Feature","properties":{"nombre":"Ruta 1","jerarquia":1},"geometry":{"type":"LineString","coordinates":[[-70.13401,-20.30261],[-70.13375,-20.30095],[-70.13365,-20.3006],[-70.13343,-20.30016],[-70.13318,-20.29983],[-70.13288,-20.29955],[-70.13115,-20.29823]]}},{"type":"Feature","properties":{"nombre":"Ruta 1","jerarquia":1},"geometry":{"type":"LineString","coordinates":[[-70.13534,-20.30822],[-70.13555,-20.31127]]}},{"type":"Feature","properties":{"nombre":"Ruta 1","jerarquia":1},"geometry":{"type":"LineString","coordinates":[[-70.13501,-20.30518],[-70.13511,-20.30556]]}},{"type":"Feature","properties":{"nombre":"Ruta 1","jerarquia":1},"geometry":{"type":"LineString","coordinates":[[-70.13435,-20.30356],[-70.1348,-20.30457],[-70.13501,-20.30518]]}},{"type":"Feature","properties":{"nombre":"Ruta 1","jerarquia":1},"geometry":{"type":"LineString","coordinates":[[-70.13119,-20.29814],[-70.13296,-20.2995],[-70.13326,-20.29978],[-70.13365,-20.30037],[-70.13387,-20.3011]]}},{"type":"Feature","properties":{"nombre":"Ruta 1","jerarquia":1},"geometry":{"type":"LineString","coordinates":[[-70.16802,-20.36389],[-70.16789,-20.36347]]}},{"type":"Feature","properties":{"nombre":"Ruta 1","jerarquia":1},"geometry":{"type":"LineString","coordinates":[[-70.16836,-20.36496],[-70.16802,-20.36389]]}},{"type":"Feature","properties":{"nombre":"Ruta 1","jerarquia":1},"geometry":{"type":"LineString","coordinates":[[-70.16816,-20.36383],[-70.16884,-20.36601]]}},{"type":"Feature","properties":{"nombre":"Ruta 1","jerarquia":1},"geometry":{"type":"LineString","coordinates":[[-70.16804,-20.36342],[-70.16816,-20.36383]]}},{"type":"Feature","properties":{"nombre":"Ruta 1","jerarquia":1},"geometry":{"type":"LineString","coordinates":[[-70.16702,-20.36051],[-70.16633,-20.35829]]}},{"type":"Feature","properties":{"nombre":"Ruta 1","jerarquia":1},"geometry":{"type":"LineString","coordinates":[[-70.16859,-20.36563],[-70.16836,-20.36496]]}},{"type":"Feature","properties":{"nombre":"Ruta 1","jerarquia":1},"geometry":{"type":"LineString","coordinates":[[-70.16884,-20.36601],[-70.16919,-20.36707]]}},{"type":"Feature","properties":{"nombre":"Ruta 1","jerarquia":1},"geometry":{"type":"LineString","coordinates":[[-70.16773,-20.3621],[-70.16804,-20.36342]]}},{"type":"Feature","properties":{"nombre":"","jerarquia":1},"geometry":{"type":"LineString","coordinates":[[-70.1648,-20.35501],[-70.16484,-20.35488]]}},{"type":"Feature","properties":{"nombre":"","jerarquia":1},"geometry":{"type":"LineString","coordinates":[[-70.16484,-20.35488],[-70.16484,-20.35484]]}},{"type":"Feature","properties":{"nombre":"","jerarquia":1},"geometry":{"type":"LineString","coordinates":[[-70.16497,-20.35501],[-70.1648,-20.35501]]}},{"type":"Feature","properties":{"nombre":"Ruta 1","jerarquia":1},"geometry":{"type":"LineString","coordinates":[[-70.16497,-20.35501],[-70.16484,-20.35484]]}},{"type":"Feature","properties":{"nombre":"Ruta 1","jerarquia":1},"geometry":{"type":"LineString","coordinates":[[-70.15839,-20.40383],[-70.15709,-20.40695]]}},{"type":"Feature","properties":{"nombre":"Ruta 1","jerarquia":1},"geometry":{"type":"LineString","coordinates":[[-70.15891,-20.40261],[-70.15839,-20.40383]]}},{"type":"Feature","properties":{"nombre":"Ruta 1","jerarquia":1},"geometry":{"type":"LineString","coordinates":[[-70.15983,-20.40013],[-70.1621,-20.39476],[-70.16269,-20.39349],[-70.16319,-20.39255],[-70.16732,-20.38545],[-70.16779,-20.38443],[-70.16811,-20.38329]]}},{"type":"Feature","properties":{"nombre":"Ruta 1","jerarquia":1},"geometry":{"type":"LineString","coordinates":[[-70.15938,-20.40119],[-70.15983,-20.40013]]}},{"type":"Feature","properties":{"nombre":"Ruta 1","jerarquia":1},"geometry":{"type":"LineString","coordinates":[[-70.15903,-20.402],[-70.15938,-20.40119]]}},{"type":"Feature","properties":{"nombre":"Ruta 1","jerarquia":1},"geometry":{"type":"LineString","coordinates":[[-70.15969,-20.40077],[-70.15891,-20.40261]]}},{"type":"Feature","properties":{"nombre":"Ruta 1","jerarquia":1},"geometry":{"type":"LineString","coordinates":[[-70.15993,-20.40021],[-70.15969,-20.40077]]}},{"type":"Feature","properties":{"nombre":"Ruta 1","jerarquia":1},"geometry":{"type":"LineString","coordinates":[[-70.16007,-20.39988],[-70.15993,-20.40021]]}},{"type":"Feature","properties":{"nombre":"Héroes de la Concepción","jerarquia":4},"geometry":{"type":"LineString","coordinates":[[-70.14493,-20.24083],[-70.14484,-20.24058]]}},{"type":"Feature","properties":{"nombre":"Héroes de la Concepción","jerarquia":4},"geometry":{"type":"LineString","coordinates":[[-70.14454,-20.23976],[-70.14418,-20.23876]]}},{"type":"Feature","properties":{"nombre":"Héroes de la Concepción","jerarquia":4},"geometry":{"type":"LineString","coordinates":[[-70.14484,-20.24058],[-70.14454,-20.23976]]}},{"type":"Feature","properties":{"nombre":"","jerarquia":4},"geometry":{"type":"LineString","coordinates":[[-70.14418,-20.23876],[-70.14422,-20.23872]]}},{"type":"Feature","properties":{"nombre":"","jerarquia":4},"geometry":{"type":"LineString","coordinates":[[-70.14422,-20.23872],[-70.14425,-20.2387]]}},{"type":"Feature","properties":{"nombre":"","jerarquia":4},"geometry":{"type":"LineString","coordinates":[[-70.14425,-20.2387],[-70.14437,-20.23871]]}},{"type":"Feature","properties":{"nombre":"Tadeo Haenke","jerarquia":4},"geometry":{"type":"LineString","coordinates":[[-70.144,-20.23828],[-70.14284,-20.23867]]}},{"type":"Feature","properties":{"nombre":"Tadeo Haenke","jerarquia":4},"geometry":{"type":"LineString","coordinates":[[-70.14284,-20.23867],[-70.14263,-20.23875]]}},{"type":"Feature","properties":{"nombre":"Tadeo Haenke","jerarquia":4},"geometry":{"type":"LineString","coordinates":[[-70.14263,-20.23875],[-70.14204,-20.23892]]}},{"type":"Feature","properties":{"nombre":"Tadeo Haenke","jerarquia":4},"geometry":{"type":"LineString","coordinates":[[-70.14204,-20.23892],[-70.14144,-20.23911]]}},{"type":"Feature","properties":{"nombre":"Tadeo Haenke","jerarquia":4},"geometry":{"type":"LineString","coordinates":[[-70.14408,-20.23823],[-70.144,-20.23828]]}},{"type":"Feature","properties":{"nombre":"Tadeo Haenke","jerarquia":4},"geometry":{"type":"LineString","coordinates":[[-70.14405,-20.23815],[-70.14417,-20.23801]]}},{"type":"Feature","properties":{"nombre":"Tadeo Haenke","jerarquia":4},"geometry":{"type":"LineString","coordinates":[[-70.14417,-20.23801],[-70.14509,-20.23711]]}},{"type":"Feature","properties":{"nombre":"Tadeo Haenke","jerarquia":4},"geometry":{"type":"LineString","coordinates":[[-70.14509,-20.23711],[-70.14696,-20.2365]]}},{"type":"Feature","properties":{"nombre":"Tadeo Haenke","jerarquia":4},"geometry":{"type":"LineString","coordinates":[[-70.14397,-20.2382],[-70.14405,-20.23815]]}},{"type":"Feature","properties":{"nombre":"Avenida Arturo Prat Chacón","jerarquia":3},"geometry":{"type":"LineString","coordinates":[[-70.13685,-20.25101],[-70.13694,-20.25086]]}},{"type":"Feature","properties":{"nombre":"Avenida Arturo Prat Chacón","jerarquia":3},"geometry":{"type":"LineString","coordinates":[[-70.13694,-20.25086],[-70.13766,-20.2496]]}},{"type":"Feature","properties":{"nombre":"Avenida Arturo Prat Chacón","jerarquia":3},"geometry":{"type":"LineString","coordinates":[[-70.13766,-20.2496],[-70.13822,-20.24862]]}},{"type":"Feature","properties":{"nombre":"Avenida Arturo Prat Chacón","jerarquia":3},"geometry":{"type":"LineString","coordinates":[[-70.13581,-20.25283],[-70.13685,-20.25101]]}},{"type":"Feature","properties":{"nombre":"Avenida Arturo Prat Chacón","jerarquia":3},"geometry":{"type":"LineString","coordinates":[[-70.13827,-20.24854],[-70.13894,-20.24741],[-70.14004,-20.24577]]}},{"type":"Feature","properties":{"nombre":"Avenida Arturo Prat Chacón","jerarquia":3},"geometry":{"type":"LineString","coordinates":[[-70.12937,-20.26852],[-70.12944,-20.2668]]}},{"type":"Feature","properties":{"nombre":"Avenida Arturo Prat Chacón","jerarquia":3},"geometry":{"type":"LineString","coordinates":[[-70.1296,-20.26527],[-70.12953,-20.26705]]}},{"type":"Feature","properties":{"nombre":"Avenida Arturo Prat Chacón","jerarquia":3},"geometry":{"type":"LineString","coordinates":[[-70.12953,-20.26705],[-70.1295,-20.26762]]}},{"type":"Feature","properties":{"nombre":"","jerarquia":1},"geometry":{"type":"LineString","coordinates":[[-70.0223,-20.23421],[-70.02237,-20.23481],[-70.02291,-20.23781],[-70.02289,-20.23808],[-70.0228,-20.23831]]}},{"type":"Feature","properties":{"nombre":"Avenida Arturo Prat Chacón","jerarquia":3},"geometry":{"type":"LineString","coordinates":[[-70.12941,-20.2702],[-70.12941,-20.27033]]}},{"type":"Feature","properties":{"nombre":"Avenida Arturo Prat Chacón","jerarquia":3},"geometry":{"type":"LineString","coordinates":[[-70.12947,-20.26859],[-70.12944,-20.26941]]}},{"type":"Feature","properties":{"nombre":"Avenida Ramón Pérez Opazo","jerarquia":5},"geometry":{"type":"LineString","coordinates":[[-70.12367,-20.24985],[-70.12375,-20.24981]]}},{"type":"Feature","properties":{"nombre":"Avenida Presidente Ricardo Lagos","jerarquia":5},"geometry":{"type":"LineString","coordinates":[[-70.08747,-20.283],[-70.08794,-20.28325],[-70.0896,-20.28439]]}},{"type":"Feature","properties":{"nombre":"Avenida Presidente Ricardo Lagos","jerarquia":5},"geometry":{"type":"LineString","coordinates":[[-70.0896,-20.28439],[-70.0918,-20.28589]]}},{"type":"Feature","properties":{"nombre":"Serrano","jerarquia":5},"geometry":{"type":"LineString","coordinates":[[-70.14169,-20.21398],[-70.1427,-20.21392]]}},{"type":"Feature","properties":{"nombre":"Serrano","jerarquia":5},"geometry":{"type":"LineString","coordinates":[[-70.1427,-20.21392],[-70.14285,-20.21391]]}},{"type":"Feature","properties":{"nombre":"Vía Expreso Norte","jerarquia":4},"geometry":{"type":"LineString","coordinates":[[-70.09403,-20.27185],[-70.09454,-20.27281]]}},{"type":"Feature","properties":{"nombre":"Avenida Los Cóndores","jerarquia":5},"geometry":{"type":"LineString","coordinates":[[-70.09553,-20.27494],[-70.09559,-20.27492]]}},{"type":"Feature","properties":{"nombre":"Avenida Los Cóndores","jerarquia":5},"geometry":{"type":"LineString","coordinates":[[-70.09559,-20.27492],[-70.09566,-20.27488]]}},{"type":"Feature","properties":{"nombre":"Avenida Los Cóndores","jerarquia":5},"geometry":{"type":"LineString","coordinates":[[-70.0957,-20.27497],[-70.09563,-20.275]]}},{"type":"Feature","properties":{"nombre":"Avenida Los Cóndores","jerarquia":5},"geometry":{"type":"LineString","coordinates":[[-70.09563,-20.275],[-70.09557,-20.27503]]}},{"type":"Feature","properties":{"nombre":"Segundo Acceso","jerarquia":3},"geometry":{"type":"LineString","coordinates":[[-70.11143,-20.30229],[-70.11064,-20.30262]]}},{"type":"Feature","properties":{"nombre":"Segundo Acceso","jerarquia":3},"geometry":{"type":"LineString","coordinates":[[-70.10907,-20.30277],[-70.10915,-20.30285],[-70.10929,-20.30286],[-70.11048,-20.30246],[-70.11133,-20.30209]]}},{"type":"Feature","properties":{"nombre":"Avenida La Tirana","jerarquia":2},"geometry":{"type":"LineString","coordinates":[[-70.12827,-20.23331],[-70.12829,-20.23351]]}},{"type":"Feature","properties":{"nombre":"Avenida La Tirana","jerarquia":2},"geometry":{"type":"LineString","coordinates":[[-70.12829,-20.23351],[-70.12835,-20.23393]]}},{"type":"Feature","properties":{"nombre":"Progreso","jerarquia":5},"geometry":{"type":"LineString","coordinates":[[-70.12829,-20.23351],[-70.1282,-20.23352]]}},{"type":"Feature","properties":{"nombre":"Hernán Fuenzalida","jerarquia":4},"geometry":{"type":"LineString","coordinates":[[-70.14615,-20.22851],[-70.14488,-20.22857]]}},{"type":"Feature","properties":{"nombre":"Avenida Arturo Prat Chacón","jerarquia":3},"geometry":{"type":"LineString","coordinates":[[-70.14944,-20.22552],[-70.14967,-20.22527]]}},{"type":"Feature","properties":{"nombre":"Avenida Arturo Prat Chacón","jerarquia":3},"geometry":{"type":"LineString","coordinates":[[-70.14967,-20.22527],[-70.1498,-20.22512]]}},{"type":"Feature","properties":{"nombre":"Avenida Arturo Prat Chacón","jerarquia":3},"geometry":{"type":"LineString","coordinates":[[-70.1498,-20.22512],[-70.15032,-20.22452]]}},{"type":"Feature","properties":{"nombre":"Avenida Arturo Prat Chacón","jerarquia":3},"geometry":{"type":"LineString","coordinates":[[-70.15032,-20.22452],[-70.15062,-20.22417]]}},{"type":"Feature","properties":{"nombre":"Avenida Arturo Prat Chacón","jerarquia":3},"geometry":{"type":"LineString","coordinates":[[-70.15062,-20.22417],[-70.15139,-20.22329]]}},{"type":"Feature","properties":{"nombre":"Avenida Arturo Prat Chacón","jerarquia":3},"geometry":{"type":"LineString","coordinates":[[-70.15139,-20.22329],[-70.15161,-20.22303]]}},{"type":"Feature","properties":{"nombre":"Avenida Arturo Prat Chacón","jerarquia":3},"geometry":{"type":"LineString","coordinates":[[-70.13355,-20.25776],[-70.13379,-20.2572]]}},{"type":"Feature","properties":{"nombre":"Avenida Arturo Prat Chacón","jerarquia":3},"geometry":{"type":"LineString","coordinates":[[-70.13379,-20.2572],[-70.13416,-20.25619]]}},{"type":"Feature","properties":{"nombre":"Avenida Francisco Bilbao","jerarquia":4},"geometry":{"type":"LineString","coordinates":[[-70.13417,-20.25589],[-70.13393,-20.25609]]}},{"type":"Feature","properties":{"nombre":"Avenida La Tirana","jerarquia":2},"geometry":{"type":"LineString","coordinates":[[-70.12702,-20.28357],[-70.127,-20.28433]]}},{"type":"Feature","properties":{"nombre":"Avenida La Tirana","jerarquia":2},"geometry":{"type":"LineString","coordinates":[[-70.127,-20.28433],[-70.127,-20.28447]]}},{"type":"Feature","properties":{"nombre":"Avenida La Tirana","jerarquia":2},"geometry":{"type":"LineString","coordinates":[[-70.127,-20.28447],[-70.12701,-20.28475]]}},{"type":"Feature","properties":{"nombre":"Avenida La Tirana","jerarquia":2},"geometry":{"type":"LineString","coordinates":[[-70.12705,-20.28035],[-70.12704,-20.28149]]}},{"type":"Feature","properties":{"nombre":"Avenida La Tirana","jerarquia":2},"geometry":{"type":"LineString","coordinates":[[-70.12704,-20.28149],[-70.12702,-20.28357]]}},{"type":"Feature","properties":{"nombre":"Patricio Lynch","jerarquia":5},"geometry":{"type":"LineString","coordinates":[[-70.15154,-20.21928],[-70.15152,-20.21838]]}},{"type":"Feature","properties":{"nombre":"Patricio Lynch","jerarquia":5},"geometry":{"type":"LineString","coordinates":[[-70.15152,-20.21838],[-70.15149,-20.21737]]}},{"type":"Feature","properties":{"nombre":"","jerarquia":3},"geometry":{"type":"LineString","coordinates":[[-70.14168,-20.20844],[-70.141,-20.20845],[-70.14078,-20.20854]]}},{"type":"Feature","properties":{"nombre":"","jerarquia":3},"geometry":{"type":"LineString","coordinates":[[-70.14514,-20.20687],[-70.14381,-20.20763]]}},{"type":"Feature","properties":{"nombre":"","jerarquia":3},"geometry":{"type":"LineString","coordinates":[[-70.14268,-20.2081],[-70.14282,-20.20788]]}},{"type":"Feature","properties":{"nombre":"Avenida Salvador Allende Gossens","jerarquia":4},"geometry":{"type":"LineString","coordinates":[[-70.13405,-20.2418],[-70.13409,-20.24163]]}},{"type":"Feature","properties":{"nombre":"Tadeo Haenke","jerarquia":4},"geometry":{"type":"LineString","coordinates":[[-70.13424,-20.24141],[-70.13433,-20.24139]]}},{"type":"Feature","properties":{"nombre":"Avenida Salvador Allende Gossens","jerarquia":4},"geometry":{"type":"LineString","coordinates":[[-70.13413,-20.24142],[-70.13416,-20.24131]]}},{"type":"Feature","properties":{"nombre":"Avenida Salvador Allende Gossens","jerarquia":4},"geometry":{"type":"LineString","coordinates":[[-70.13426,-20.24132],[-70.13424,-20.24141]]}},{"type":"Feature","properties":{"nombre":"Avenida Salvador Allende Gossens","jerarquia":4},"geometry":{"type":"LineString","coordinates":[[-70.13419,-20.24164],[-70.13414,-20.24183]]}},{"type":"Feature","properties":{"nombre":"Tadeo Haenke","jerarquia":4},"geometry":{"type":"LineString","coordinates":[[-70.1343,-20.24149],[-70.13422,-20.24151]]}},{"type":"Feature","properties":{"nombre":"Tadeo Haenke","jerarquia":4},"geometry":{"type":"LineString","coordinates":[[-70.134,-20.24152],[-70.13388,-20.2415]]}},{"type":"Feature","properties":{"nombre":"Tadeo Haenke","jerarquia":4},"geometry":{"type":"LineString","coordinates":[[-70.13402,-20.24142],[-70.13405,-20.24142]]}},{"type":"Feature","properties":{"nombre":"Tadeo Haenke","jerarquia":4},"geometry":{"type":"LineString","coordinates":[[-70.13405,-20.24142],[-70.13413,-20.24142]]}},{"type":"Feature","properties":{"nombre":"Tadeo Haenke","jerarquia":5},"geometry":{"type":"LineString","coordinates":[[-70.12863,-20.23814],[-70.12867,-20.23816]]}},{"type":"Feature","properties":{"nombre":"Tadeo Haenke","jerarquia":5},"geometry":{"type":"LineString","coordinates":[[-70.12865,-20.23824],[-70.1286,-20.23822]]}},{"type":"Feature","properties":{"nombre":"Tadeo Haenke","jerarquia":4},"geometry":{"type":"LineString","coordinates":[[-70.12879,-20.23828],[-70.12874,-20.23827]]}},{"type":"Feature","properties":{"nombre":"Tadeo Haenke","jerarquia":4},"geometry":{"type":"LineString","coordinates":[[-70.12874,-20.23827],[-70.12865,-20.23824]]}},{"type":"Feature","properties":{"nombre":"Tadeo Haenke","jerarquia":4},"geometry":{"type":"LineString","coordinates":[[-70.12867,-20.23816],[-70.12876,-20.23818]]}},{"type":"Feature","properties":{"nombre":"Tadeo Haenke","jerarquia":4},"geometry":{"type":"LineString","coordinates":[[-70.12876,-20.23818],[-70.12882,-20.2382]]}},{"type":"Feature","properties":{"nombre":"Avenida La Tirana","jerarquia":2},"geometry":{"type":"LineString","coordinates":[[-70.12879,-20.23811],[-70.12878,-20.23812]]}},{"type":"Feature","properties":{"nombre":"Avenida La Tirana","jerarquia":2},"geometry":{"type":"LineString","coordinates":[[-70.12878,-20.23812],[-70.12876,-20.23818]]}},{"type":"Feature","properties":{"nombre":"Avenida La Tirana","jerarquia":2},"geometry":{"type":"LineString","coordinates":[[-70.12867,-20.23816],[-70.12869,-20.23809]]}},{"type":"Feature","properties":{"nombre":"Avenida La Tirana","jerarquia":2},"geometry":{"type":"LineString","coordinates":[[-70.12864,-20.23828],[-70.12865,-20.23824]]}},{"type":"Feature","properties":{"nombre":"Avenida La Tirana","jerarquia":2},"geometry":{"type":"LineString","coordinates":[[-70.12865,-20.23824],[-70.12867,-20.23816]]}},{"type":"Feature","properties":{"nombre":"Avenida La Tirana","jerarquia":2},"geometry":{"type":"LineString","coordinates":[[-70.12876,-20.23818],[-70.12874,-20.23827]]}},{"type":"Feature","properties":{"nombre":"Avenida La Tirana","jerarquia":2},"geometry":{"type":"LineString","coordinates":[[-70.12874,-20.23827],[-70.12873,-20.23831]]}},{"type":"Feature","properties":{"nombre":"Avenida Salvador Allende Gossens","jerarquia":4},"geometry":{"type":"LineString","coordinates":[[-70.13416,-20.24131],[-70.13437,-20.24042]]}},{"type":"Feature","properties":{"nombre":"Avenida Salvador Allende Gossens","jerarquia":4},"geometry":{"type":"LineString","coordinates":[[-70.13437,-20.24042],[-70.13447,-20.24002]]}},{"type":"Feature","properties":{"nombre":"Avenida Salvador Allende Gossens","jerarquia":4},"geometry":{"type":"LineString","coordinates":[[-70.13447,-20.24002],[-70.13455,-20.23966]]}},{"type":"Feature","properties":{"nombre":"Avenida Salvador Allende Gossens","jerarquia":4},"geometry":{"type":"LineString","coordinates":[[-70.13455,-20.23966],[-70.13473,-20.23886]]}},{"type":"Feature","properties":{"nombre":"Avenida Salvador Allende Gossens","jerarquia":4},"geometry":{"type":"LineString","coordinates":[[-70.13473,-20.23886],[-70.13483,-20.23842]]}},{"type":"Feature","properties":{"nombre":"Avenida Salvador Allende Gossens","jerarquia":4},"geometry":{"type":"LineString","coordinates":[[-70.13495,-20.23842],[-70.13472,-20.23935]]}},{"type":"Feature","properties":{"nombre":"Avenida Salvador Allende Gossens","jerarquia":4},"geometry":{"type":"LineString","coordinates":[[-70.13472,-20.23935],[-70.13465,-20.23968]]}},{"type":"Feature","properties":{"nombre":"Avenida Salvador Allende Gossens","jerarquia":4},"geometry":{"type":"LineString","coordinates":[[-70.13465,-20.23968],[-70.13448,-20.24039]]}},{"type":"Feature","properties":{"nombre":"Las Rosas","jerarquia":5},"geometry":{"type":"LineString","coordinates":[[-70.13617,-20.23842],[-70.13667,-20.23825]]}},{"type":"Feature","properties":{"nombre":"Pedro Gamboni","jerarquia":5},"geometry":{"type":"LineString","coordinates":[[-70.13745,-20.24035],[-70.13742,-20.24027]]}},{"type":"Feature","properties":{"nombre":"Pedro Gamboni","jerarquia":5},"geometry":{"type":"LineString","coordinates":[[-70.13742,-20.24027],[-70.13728,-20.23989]]}},{"type":"Feature","properties":{"nombre":"Pedro Gamboni","jerarquia":5},"geometry":{"type":"LineString","coordinates":[[-70.13728,-20.23989],[-70.13713,-20.23949]]}},{"type":"Feature","properties":{"nombre":"Pedro Gamboni","jerarquia":5},"geometry":{"type":"LineString","coordinates":[[-70.13713,-20.23949],[-70.1368,-20.2386]]}},{"type":"Feature","properties":{"nombre":"Pedro Gamboni","jerarquia":5},"geometry":{"type":"LineString","coordinates":[[-70.1368,-20.2386],[-70.13667,-20.23825]]}},{"type":"Feature","properties":{"nombre":"Avenida La Tirana","jerarquia":2},"geometry":{"type":"LineString","coordinates":[[-70.12633,-20.27261],[-70.12626,-20.27217]]}},{"type":"Feature","properties":{"nombre":"Avenida La Tirana","jerarquia":2},"geometry":{"type":"LineString","coordinates":[[-70.12636,-20.27215],[-70.12645,-20.27266]]}},{"type":"Feature","properties":{"nombre":"Avenida Francisco Bilbao","jerarquia":4},"geometry":{"type":"LineString","coordinates":[[-70.12896,-20.26174],[-70.129,-20.26169]]}},{"type":"Feature","properties":{"nombre":"Avenida Francisco Bilbao","jerarquia":4},"geometry":{"type":"LineString","coordinates":[[-70.12909,-20.26173],[-70.12906,-20.26179]]}},{"type":"Feature","properties":{"nombre":"Avenida Francisco Bilbao","jerarquia":4},"geometry":{"type":"LineString","coordinates":[[-70.12915,-20.26162],[-70.12913,-20.26167]]}},{"type":"Feature","properties":{"nombre":"Avenida Francisco Bilbao","jerarquia":4},"geometry":{"type":"LineString","coordinates":[[-70.12904,-20.26162],[-70.12906,-20.26158]]}},{"type":"Feature","properties":{"nombre":"Avenida Padre Hurtado","jerarquia":5},"geometry":{"type":"LineString","coordinates":[[-70.129,-20.26169],[-70.12894,-20.26166]]}},{"type":"Feature","properties":{"nombre":"Avenida Padre Hurtado","jerarquia":5},"geometry":{"type":"LineString","coordinates":[[-70.12898,-20.26159],[-70.12904,-20.26162]]}},{"type":"Feature","properties":{"nombre":"Avenida Padre Hurtado","jerarquia":5},"geometry":{"type":"LineString","coordinates":[[-70.12914,-20.26176],[-70.12909,-20.26173]]}},{"type":"Feature","properties":{"nombre":"Avenida Padre Hurtado","jerarquia":5},"geometry":{"type":"LineString","coordinates":[[-70.12913,-20.26167],[-70.12918,-20.26169]]}},{"type":"Feature","properties":{"nombre":"Avenida Padre Hurtado","jerarquia":5},"geometry":{"type":"LineString","coordinates":[[-70.12757,-20.26083],[-70.12762,-20.26088]]}},{"type":"Feature","properties":{"nombre":"Avenida Padre Hurtado","jerarquia":5},"geometry":{"type":"LineString","coordinates":[[-70.12762,-20.26088],[-70.1277,-20.26095]]}},{"type":"Feature","properties":{"nombre":"Avenida Padre Hurtado","jerarquia":5},"geometry":{"type":"LineString","coordinates":[[-70.1277,-20.26095],[-70.12774,-20.26097]]}},{"type":"Feature","properties":{"nombre":"Avenida Padre Hurtado","jerarquia":5},"geometry":{"type":"LineString","coordinates":[[-70.1277,-20.26105],[-70.12765,-20.26103]]}},{"type":"Feature","properties":{"nombre":"Avenida Padre Hurtado","jerarquia":5},"geometry":{"type":"LineString","coordinates":[[-70.12765,-20.26103],[-70.12758,-20.26096]]}},{"type":"Feature","properties":{"nombre":"Avenida Padre Hurtado","jerarquia":5},"geometry":{"type":"LineString","coordinates":[[-70.12758,-20.26096],[-70.12752,-20.2609]]}},{"type":"Feature","properties":{"nombre":"Avenida Salvador Allende Gossens","jerarquia":5},"geometry":{"type":"LineString","coordinates":[[-70.12773,-20.2609],[-70.1277,-20.26095]]}},{"type":"Feature","properties":{"nombre":"Avenida Salvador Allende Gossens","jerarquia":5},"geometry":{"type":"LineString","coordinates":[[-70.1277,-20.26095],[-70.12765,-20.26103]]}},{"type":"Feature","properties":{"nombre":"Avenida Salvador Allende Gossens","jerarquia":5},"geometry":{"type":"LineString","coordinates":[[-70.12765,-20.26103],[-70.12763,-20.26108]]}},{"type":"Feature","properties":{"nombre":"Avenida Salvador Allende Gossens","jerarquia":5},"geometry":{"type":"LineString","coordinates":[[-70.12755,-20.26101],[-70.12758,-20.26096]]}},{"type":"Feature","properties":{"nombre":"Avenida Salvador Allende Gossens","jerarquia":5},"geometry":{"type":"LineString","coordinates":[[-70.12758,-20.26096],[-70.12762,-20.26088]]}},{"type":"Feature","properties":{"nombre":"Avenida Salvador Allende Gossens","jerarquia":5},"geometry":{"type":"LineString","coordinates":[[-70.12762,-20.26088],[-70.12765,-20.26082]]}},{"type":"Feature","properties":{"nombre":"Avenida Padre Hurtado","jerarquia":5},"geometry":{"type":"LineString","coordinates":[[-70.12505,-20.26005],[-70.12499,-20.26004]]}},{"type":"Feature","properties":{"nombre":"Avenida Padre Hurtado","jerarquia":5},"geometry":{"type":"LineString","coordinates":[[-70.12499,-20.26004],[-70.12489,-20.26002]]}},{"type":"Feature","properties":{"nombre":"Avenida Padre Hurtado","jerarquia":5},"geometry":{"type":"LineString","coordinates":[[-70.12491,-20.25995],[-70.12501,-20.25996]]}},{"type":"Feature","properties":{"nombre":"Avenida Padre Hurtado","jerarquia":5},"geometry":{"type":"LineString","coordinates":[[-70.12501,-20.25996],[-70.12507,-20.25997]]}},{"type":"Feature","properties":{"nombre":"Avenida La Tirana","jerarquia":2},"geometry":{"type":"LineString","coordinates":[[-70.12487,-20.26013],[-70.12489,-20.26002]]}},{"type":"Feature","properties":{"nombre":"Avenida La Tirana","jerarquia":2},"geometry":{"type":"LineString","coordinates":[[-70.12489,-20.26002],[-70.12491,-20.25995]]}},{"type":"Feature","properties":{"nombre":"Avenida La Tirana","jerarquia":2},"geometry":{"type":"LineString","coordinates":[[-70.12491,-20.25995],[-70.12492,-20.25989]]}},{"type":"Feature","properties":{"nombre":"Avenida La Tirana","jerarquia":2},"geometry":{"type":"LineString","coordinates":[[-70.12447,-20.26444],[-70.12426,-20.26363],[-70.12427,-20.26332]]}},{"type":"Feature","properties":{"nombre":"Avenida La Tirana","jerarquia":2},"geometry":{"type":"LineString","coordinates":[[-70.12427,-20.26332],[-70.12451,-20.26205]]}},{"type":"Feature","properties":{"nombre":"Avenida La Tirana","jerarquia":2},"geometry":{"type":"LineString","coordinates":[[-70.12451,-20.26205],[-70.12455,-20.26182]]}},{"type":"Feature","properties":{"nombre":"Avenida La Tirana","jerarquia":2},"geometry":{"type":"LineString","coordinates":[[-70.12455,-20.26182],[-70.12464,-20.26133]]}},{"type":"Feature","properties":{"nombre":"Avenida La Tirana","jerarquia":2},"geometry":{"type":"LineString","coordinates":[[-70.12464,-20.26133],[-70.12487,-20.26013]]}},{"type":"Feature","properties":{"nombre":"Avenida La Tirana","jerarquia":2},"geometry":{"type":"LineString","coordinates":[[-70.12502,-20.2599],[-70.12501,-20.25996]]}},{"type":"Feature","properties":{"nombre":"Avenida La Tirana","jerarquia":2},"geometry":{"type":"LineString","coordinates":[[-70.12501,-20.25996],[-70.12499,-20.26004]]}},{"type":"Feature","properties":{"nombre":"Avenida La Tirana","jerarquia":2},"geometry":{"type":"LineString","coordinates":[[-70.12499,-20.26004],[-70.12498,-20.26014]]}},{"type":"Feature","properties":{"nombre":"Avenida La Tirana","jerarquia":2},"geometry":{"type":"LineString","coordinates":[[-70.12673,-20.25212],[-70.12628,-20.25328],[-70.12608,-20.25425]]}},{"type":"Feature","properties":{"nombre":"Avenida La Tirana","jerarquia":2},"geometry":{"type":"LineString","coordinates":[[-70.12608,-20.25425],[-70.12572,-20.25616]]}},{"type":"Feature","properties":{"nombre":"Avenida La Tirana","jerarquia":2},"geometry":{"type":"LineString","coordinates":[[-70.12572,-20.25616],[-70.12536,-20.25807]]}},{"type":"Feature","properties":{"nombre":"Avenida La Tirana","jerarquia":2},"geometry":{"type":"LineString","coordinates":[[-70.12536,-20.25807],[-70.12502,-20.2599]]}},{"type":"Feature","properties":{"nombre":"","jerarquia":4},"geometry":{"type":"LineString","coordinates":[[-70.1416,-20.2314],[-70.14154,-20.23152]]}},{"type":"Feature","properties":{"nombre":"Avenida Diego Portales","jerarquia":5},"geometry":{"type":"LineString","coordinates":[[-70.14115,-20.23015],[-70.14106,-20.23018]]}},{"type":"Feature","properties":{"nombre":"Avenida Diego Portales","jerarquia":5},"geometry":{"type":"LineString","coordinates":[[-70.14106,-20.23018],[-70.14098,-20.2302]]}},{"type":"Feature","properties":{"nombre":"Avenida Diego Portales","jerarquia":5},"geometry":{"type":"LineString","coordinates":[[-70.14098,-20.2302],[-70.14068,-20.2303]]}},{"type":"Feature","properties":{"nombre":"Avenida Diego Portales","jerarquia":5},"geometry":{"type":"LineString","coordinates":[[-70.14068,-20.2303],[-70.14034,-20.2304]]}},{"type":"Feature","properties":{"nombre":"Avenida Diego Portales","jerarquia":5},"geometry":{"type":"LineString","coordinates":[[-70.14034,-20.2304],[-70.13982,-20.23055]]}},{"type":"Feature","properties":{"nombre":"Avenida La Tirana","jerarquia":2},"geometry":{"type":"LineString","coordinates":[[-70.12694,-20.28035],[-70.12697,-20.27836]]}},{"type":"Feature","properties":{"nombre":"Dos Oriente","jerarquia":5},"geometry":{"type":"LineString","coordinates":[[-70.12425,-20.27565],[-70.12425,-20.27555]]}},{"type":"Feature","properties":{"nombre":"","jerarquia":5},"geometry":{"type":"LineString","coordinates":[[-70.10266,-20.26718],[-70.10257,-20.26713]]}},{"type":"Feature","properties":{"nombre":"","jerarquia":5},"geometry":{"type":"LineString","coordinates":[[-70.10276,-20.26701],[-70.10267,-20.26697]]}},{"type":"Feature","properties":{"nombre":"","jerarquia":5},"geometry":{"type":"LineString","coordinates":[[-70.10526,-20.2539],[-70.10539,-20.25393]]}},{"type":"Feature","properties":{"nombre":"Avenida Las Parcelas","jerarquia":4},"geometry":{"type":"LineString","coordinates":[[-70.10526,-20.2539],[-70.1055,-20.25349]]}},{"type":"Feature","properties":{"nombre":"Avenida Las Parcelas","jerarquia":4},"geometry":{"type":"LineString","coordinates":[[-70.1055,-20.25349],[-70.1057,-20.25319]]}},{"type":"Feature","properties":{"nombre":"Ruta A-616","jerarquia":4},"geometry":{"type":"LineString","coordinates":[[-70.10582,-20.25324],[-70.1057,-20.25319]]}},{"type":"Feature","properties":{"nombre":"Ruta A-616","jerarquia":4},"geometry":{"type":"LineString","coordinates":[[-70.10617,-20.25332],[-70.10582,-20.25324]]}},{"type":"Feature","properties":{"nombre":"Eleuterio Ramírez","jerarquia":5},"geometry":{"type":"LineString","coordinates":[[-70.14924,-20.21343],[-70.14926,-20.214]]}},{"type":"Feature","properties":{"nombre":"Tarapacá","jerarquia":5},"geometry":{"type":"LineString","coordinates":[[-70.15135,-20.21391],[-70.15022,-20.21395]]}},{"type":"Feature","properties":{"nombre":"Tarapacá","jerarquia":5},"geometry":{"type":"LineString","coordinates":[[-70.15022,-20.21395],[-70.14926,-20.214]]}},{"type":"Feature","properties":{"nombre":"Libertador Bernardo O'Higgins","jerarquia":3},"geometry":{"type":"LineString","coordinates":[[-70.15515,-20.21817],[-70.15525,-20.21817]]}},{"type":"Feature","properties":{"nombre":"Segundo Acceso","jerarquia":3},"geometry":{"type":"LineString","coordinates":[[-70.10978,-20.30291],[-70.10931,-20.30308]]}},{"type":"Feature","properties":{"nombre":"Segundo Acceso","jerarquia":3},"geometry":{"type":"LineString","coordinates":[[-70.11064,-20.30262],[-70.10978,-20.30291]]}},{"type":"Feature","properties":{"nombre":"Manuel Bulnes","jerarquia":3},"geometry":{"type":"LineString","coordinates":[[-70.15468,-20.21927],[-70.1546,-20.21921]]}},{"type":"Feature","properties":{"nombre":"Aníbal Pinto","jerarquia":5},"geometry":{"type":"LineString","coordinates":[[-70.15316,-20.22133],[-70.15323,-20.22138]]}},{"type":"Feature","properties":{"nombre":"Avenida Arturo Prat Chacón","jerarquia":3},"geometry":{"type":"LineString","coordinates":[[-70.15546,-20.21754],[-70.1553,-20.21775],[-70.15526,-20.21809]]}},{"type":"Feature","properties":{"nombre":"Avenida Arturo Prat Chacón","jerarquia":3},"geometry":{"type":"LineString","coordinates":[[-70.15526,-20.21809],[-70.15525,-20.21817]]}},{"type":"Feature","properties":{"nombre":"Avenida Arturo Prat Chacón","jerarquia":3},"geometry":{"type":"LineString","coordinates":[[-70.15525,-20.21817],[-70.15519,-20.21852]]}},{"type":"Feature","properties":{"nombre":"Avenida Arturo Prat Chacón","jerarquia":3},"geometry":{"type":"LineString","coordinates":[[-70.15509,-20.2185],[-70.15514,-20.21826]]}},{"type":"Feature","properties":{"nombre":"Avenida Arturo Prat Chacón","jerarquia":3},"geometry":{"type":"LineString","coordinates":[[-70.15514,-20.21826],[-70.15515,-20.21817]]}},{"type":"Feature","properties":{"nombre":"Avenida Arturo Prat Chacón","jerarquia":3},"geometry":{"type":"LineString","coordinates":[[-70.15515,-20.21817],[-70.15516,-20.21809]]}},{"type":"Feature","properties":{"nombre":"Avenida Arturo Prat Chacón","jerarquia":3},"geometry":{"type":"LineString","coordinates":[[-70.15516,-20.21809],[-70.15512,-20.21741]]}},{"type":"Feature","properties":{"nombre":"","jerarquia":3},"geometry":{"type":"LineString","coordinates":[[-70.15509,-20.2185],[-70.15519,-20.21852]]}},{"type":"Feature","properties":{"nombre":"Genaro Gallo","jerarquia":5},"geometry":{"type":"LineString","coordinates":[[-70.14218,-20.24314],[-70.14228,-20.24321]]}},{"type":"Feature","properties":{"nombre":"Manuel Bulnes","jerarquia":3},"geometry":{"type":"LineString","coordinates":[[-70.13488,-20.22021],[-70.13476,-20.22022]]}},{"type":"Feature","properties":{"nombre":"Avenida La Pampa","jerarquia":5},"geometry":{"type":"LineString","coordinates":[[-70.10226,-20.27092],[-70.10221,-20.27087]]}},{"type":"Feature","properties":{"nombre":"Los Álamos","jerarquia":5},"geometry":{"type":"LineString","coordinates":[[-70.09861,-20.2638],[-70.09849,-20.26375]]}},{"type":"Feature","properties":{"nombre":"Teniente Hernán Merino Correa","jerarquia":5},"geometry":{"type":"LineString","coordinates":[[-70.09868,-20.26373],[-70.09861,-20.2638]]}},{"type":"Feature","properties":{"nombre":"Teniente Hernán Merino Correa","jerarquia":5},"geometry":{"type":"LineString","coordinates":[[-70.09872,-20.26366],[-70.09868,-20.26373]]}},{"type":"Feature","properties":{"nombre":"Teniente Hernán Merino Correa","jerarquia":5},"geometry":{"type":"LineString","coordinates":[[-70.09849,-20.26375],[-70.09859,-20.26367]]}},{"type":"Feature","properties":{"nombre":"Teniente Hernán Merino Correa","jerarquia":5},"geometry":{"type":"LineString","coordinates":[[-70.09859,-20.26367],[-70.09872,-20.26366]]}},{"type":"Feature","properties":{"nombre":"Avenida Las Parcelas","jerarquia":4},"geometry":{"type":"LineString","coordinates":[[-70.09797,-20.26348],[-70.09804,-20.26339]]}},{"type":"Feature","properties":{"nombre":"Héroes de la Concepción","jerarquia":4},"geometry":{"type":"LineString","coordinates":[[-70.14408,-20.23823],[-70.14425,-20.2387]]}},{"type":"Feature","properties":{"nombre":"Héroes de la Concepción","jerarquia":4},"geometry":{"type":"LineString","coordinates":[[-70.14425,-20.2387],[-70.14456,-20.23957]]}},{"type":"Feature","properties":{"nombre":"Héroes de la Concepción","jerarquia":4},"geometry":{"type":"LineString","coordinates":[[-70.14456,-20.23957],[-70.14467,-20.23988]]}},{"type":"Feature","properties":{"nombre":"Héroes de la Concepción","jerarquia":4},"geometry":{"type":"LineString","coordinates":[[-70.14467,-20.23988],[-70.1448,-20.24025]]}},{"type":"Feature","properties":{"nombre":"Héroes de la Concepción","jerarquia":4},"geometry":{"type":"LineString","coordinates":[[-70.1448,-20.24025],[-70.14493,-20.2406]]}},{"type":"Feature","properties":{"nombre":"Héroes de la Concepción","jerarquia":4},"geometry":{"type":"LineString","coordinates":[[-70.14493,-20.2406],[-70.14497,-20.2407]]}},{"type":"Feature","properties":{"nombre":"Héroes de la Concepción","jerarquia":4},"geometry":{"type":"LineString","coordinates":[[-70.14497,-20.2407],[-70.145,-20.24078]]}},{"type":"Feature","properties":{"nombre":"Héroes de la Concepción","jerarquia":4},"geometry":{"type":"LineString","coordinates":[[-70.14405,-20.23815],[-70.14408,-20.23823]]}},{"type":"Feature","properties":{"nombre":"Héroes de la Concepción","jerarquia":4},"geometry":{"type":"LineString","coordinates":[[-70.144,-20.23828],[-70.14397,-20.2382]]}},{"type":"Feature","properties":{"nombre":"Avenida Cerro Dragón","jerarquia":5},"geometry":{"type":"LineString","coordinates":[[-70.12699,-20.26037],[-70.12702,-20.26029]]}},{"type":"Feature","properties":{"nombre":"Avenida Salvador Allende Gossens","jerarquia":5},"geometry":{"type":"LineString","coordinates":[[-70.13126,-20.25437],[-70.13127,-20.25431]]}},{"type":"Feature","properties":{"nombre":"Avenida Salvador Allende Gossens","jerarquia":5},"geometry":{"type":"LineString","coordinates":[[-70.13137,-20.25436],[-70.13136,-20.25442]]}},{"type":"Feature","properties":{"nombre":"Avenida Ramón Pérez Opazo","jerarquia":4},"geometry":{"type":"LineString","coordinates":[[-70.13143,-20.25439],[-70.13137,-20.25436]]}},{"type":"Feature","properties":{"nombre":"Avenida Ramón Pérez Opazo","jerarquia":4},"geometry":{"type":"LineString","coordinates":[[-70.13139,-20.25428],[-70.13144,-20.25431]]}},{"type":"Feature","properties":{"nombre":"Avenida Salvador Allende Gossens","jerarquia":4},"geometry":{"type":"LineString","coordinates":[[-70.1314,-20.25423],[-70.13139,-20.25428]]}},{"type":"Feature","properties":{"nombre":"Avenida Salvador Allende Gossens","jerarquia":4},"geometry":{"type":"LineString","coordinates":[[-70.13129,-20.25423],[-70.1313,-20.25418]]}},{"type":"Feature","properties":{"nombre":"Avenida Ramón Pérez Opazo","jerarquia":4},"geometry":{"type":"LineString","coordinates":[[-70.13123,-20.25421],[-70.13129,-20.25423]]}},{"type":"Feature","properties":{"nombre":"Avenida Ramón Pérez Opazo","jerarquia":4},"geometry":{"type":"LineString","coordinates":[[-70.13127,-20.25431],[-70.13122,-20.25428]]}},{"type":"Feature","properties":{"nombre":"Playa El Águila","jerarquia":5},"geometry":{"type":"LineString","coordinates":[[-70.13203,-20.25147],[-70.13194,-20.25145]]}},{"type":"Feature","properties":{"nombre":"Avenida Ramón Pérez Opazo","jerarquia":5},"geometry":{"type":"LineString","coordinates":[[-70.12668,-20.25202],[-70.12662,-20.252]]}},{"type":"Feature","properties":{"nombre":"Avenida Ramón Pérez Opazo","jerarquia":4},"geometry":{"type":"LineString","coordinates":[[-70.12681,-20.25209],[-70.12675,-20.25206]]}},{"type":"Feature","properties":{"nombre":"Avenida La Tirana","jerarquia":2},"geometry":{"type":"LineString","coordinates":[[-70.12665,-20.25207],[-70.12668,-20.25202]]}},{"type":"Feature","properties":{"nombre":"Avenida La Tirana","jerarquia":2},"geometry":{"type":"LineString","coordinates":[[-70.12675,-20.25206],[-70.12673,-20.25212]]}},{"type":"Feature","properties":{"nombre":"Avenida La Tirana","jerarquia":2},"geometry":{"type":"LineString","coordinates":[[-70.1268,-20.25195],[-70.12678,-20.25199]]}},{"type":"Feature","properties":{"nombre":"Avenida La Tirana","jerarquia":2},"geometry":{"type":"LineString","coordinates":[[-70.1267,-20.25195],[-70.12672,-20.25191]]}},{"type":"Feature","properties":{"nombre":"Avenida Ramón Pérez Opazo","jerarquia":5},"geometry":{"type":"LineString","coordinates":[[-70.12665,-20.25193],[-70.1267,-20.25195]]}},{"type":"Feature","properties":{"nombre":"Avenida Ramón Pérez Opazo","jerarquia":4},"geometry":{"type":"LineString","coordinates":[[-70.12678,-20.25199],[-70.12683,-20.25202]]}},{"type":"Feature","properties":{"nombre":"Avenida Desiderio García","jerarquia":5},"geometry":{"type":"LineString","coordinates":[[-70.14381,-20.20763],[-70.14383,-20.20772]]}},{"type":"Feature","properties":{"nombre":"Avenida Desiderio García","jerarquia":5},"geometry":{"type":"LineString","coordinates":[[-70.14383,-20.20772],[-70.14387,-20.20784]]}},{"type":"Feature","properties":{"nombre":"Avenida Arturo Prat Chacón","jerarquia":3},"geometry":{"type":"LineString","coordinates":[[-70.1434,-20.20808],[-70.14315,-20.20814]]}},{"type":"Feature","properties":{"nombre":"","jerarquia":3},"geometry":{"type":"LineString","coordinates":[[-70.14359,-20.20762],[-70.14383,-20.20772]]}},{"type":"Feature","properties":{"nombre":"Avenida Desiderio García","jerarquia":5},"geometry":{"type":"LineString","coordinates":[[-70.14381,-20.20763],[-70.14378,-20.20751]]}},{"type":"Feature","properties":{"nombre":"","jerarquia":3},"geometry":{"type":"LineString","coordinates":[[-70.14324,-20.20819],[-70.14281,-20.20832]]}},{"type":"Feature","properties":{"nombre":"","jerarquia":3},"geometry":{"type":"LineString","coordinates":[[-70.14281,-20.20832],[-70.1423,-20.20841],[-70.14168,-20.20844]]}},{"type":"Feature","properties":{"nombre":"","jerarquia":3},"geometry":{"type":"LineString","coordinates":[[-70.14168,-20.20844],[-70.14119,-20.2083]]}},{"type":"Feature","properties":{"nombre":"","jerarquia":3},"geometry":{"type":"LineString","coordinates":[[-70.1434,-20.20808],[-70.14324,-20.20819]]}}]}